year,semester,grade,subject_name,question_number,answer
2016,2,1,생물과학,1,4
2016,2,1,생물과학,2,4
2016,2,1,생물과학,3,1
2016,2,1,생물과학,4,1
2016,2,1,생물과학,5,2
2016,2,1,생물과학,6,3
2016,2,1,생물과학,7,2
2016,2,1,생물과학,8,"1,2"
2016,2,1,생물과학,9,1
2016,2,1,생물과학,10,2
2016,2,1,생물과학,11,4
2016,2,1,생물과학,12,2
2016,2,1,생물과학,13,3
2016,2,1,생물과학,14,2
2016,2,1,생물과학,15,3
2016,2,1,생물과학,16,"2,3"
2016,2,1,생물과학,17,2
2016,2,1,생물과학,18,4
2016,2,1,생물과학,19,4
2016,2,1,생물과학,20,2
2016,2,1,생물과학,21,3
2016,2,1,생물과학,22,4
2016,2,1,생물과학,23,1
2016,2,1,생물과학,24,4
2016,2,1,생물과학,25,3
2016,2,1,생물과학,26,1
2016,2,1,생물과학,27,4
2016,2,1,생물과학,28,1
2016,2,1,생물과학,29,3
2016,2,1,생물과학,30,2
2016,2,1,생물과학,31,1
2016,2,1,생물과학,32,2
2016,2,1,생물과학,33,4
2016,2,1,생물과학,34,1
2016,2,1,생물과학,35,3
2016,2,1,인간과과학,1,4
2016,2,1,인간과과학,2,2
2016,2,1,인간과과학,3,4
2016,2,1,인간과과학,4,2
2016,2,1,인간과과학,5,3
2016,2,1,인간과과학,6,2
2016,2,1,인간과과학,7,1
2016,2,1,인간과과학,8,1
2016,2,1,인간과과학,9,4
2016,2,1,인간과과학,10,4
2016,2,1,인간과과학,11,2
2016,2,1,인간과과학,12,3
2016,2,1,인간과과학,13,3
2016,2,1,인간과과학,14,3
2016,2,1,인간과과학,15,1
2016,2,1,인간과과학,16,3
2016,2,1,인간과과학,17,4
2016,2,1,인간과과학,18,1
2016,2,1,인간과과학,19,2
2016,2,1,인간과과학,20,2
2016,2,1,인간과과학,21,1
2016,2,1,인간과과학,22,4
2016,2,1,인간과과학,23,3
2016,2,1,인간과과학,24,2
2016,2,1,인간과과학,25,4
2016,2,1,인간과사회,1,1
2016,2,1,인간과사회,2,2
2016,2,1,인간과사회,3,3
2016,2,1,인간과사회,4,3
2016,2,1,인간과사회,5,4
2016,2,1,인간과사회,6,4
2016,2,1,인간과사회,7,3
2016,2,1,인간과사회,8,2
2016,2,1,인간과사회,9,4
2016,2,1,인간과사회,10,2
2016,2,1,인간과사회,11,2
2016,2,1,인간과사회,12,3
2016,2,1,인간과사회,13,4
2016,2,1,인간과사회,14,1
2016,2,1,인간과사회,15,2
2016,2,1,인간과사회,16,4
2016,2,1,인간과사회,17,4
2016,2,1,인간과사회,18,3
2016,2,1,인간과사회,19,1
2016,2,1,인간과사회,20,1
2016,2,1,인간과사회,21,2
2016,2,1,인간과사회,22,"1,3"
2016,2,1,인간과사회,23,4
2016,2,1,인간과사회,24,3
2016,2,1,인간과사회,25,2
2016,2,1,인간과사회,26,2
2016,2,1,인간과사회,27,1
2016,2,1,인간과사회,28,4
2016,2,1,인간과사회,29,4
2016,2,1,인간과사회,30,3
2016,2,1,인간과사회,31,4
2016,2,1,인간과사회,32,3
2016,2,1,인간과사회,33,3
2016,2,1,인간과사회,34,1
2016,2,1,인간과사회,35,2
2016,2,1,초급중국어2,1,2
2016,2,1,초급중국어2,2,2
2016,2,1,초급중국어2,3,1
2016,2,1,초급중국어2,4,4
2016,2,1,초급중국어2,5,1
2016,2,1,초급중국어2,6,3
2016,2,1,초급중국어2,7,1
2016,2,1,초급중국어2,8,4
2016,2,1,초급중국어2,9,3
2016,2,1,초급중국어2,10,2
2016,2,1,초급중국어2,11,1
2016,2,1,초급중국어2,12,4
2016,2,1,초급중국어2,13,2
2016,2,1,초급중국어2,14,3
2016,2,1,초급중국어2,15,3
2016,2,1,초급중국어2,16,3
2016,2,1,초급중국어2,17,1
2016,2,1,초급중국어2,18,2
2016,2,1,초급중국어2,19,4
2016,2,1,초급중국어2,20,1
2016,2,1,초급중국어2,21,2
2016,2,1,초급중국어2,22,3
2016,2,1,초급중국어2,23,1
2016,2,1,초급중국어2,24,2
2016,2,1,초급중국어2,25,2
2016,2,1,대학영어,1,2
2016,2,1,대학영어,2,1
2016,2,1,대학영어,3,4
2016,2,1,대학영어,4,3
2016,2,1,대학영어,5,3
2016,2,1,대학영어,6,4
2016,2,1,대학영어,7,2
2016,2,1,대학영어,8,1
2016,2,1,대학영어,9,2
2016,2,1,대학영어,10,1
2016,2,1,대학영어,11,4
2016,2,1,대학영어,12,2
2016,2,1,대학영어,13,4
2016,2,1,대학영어,14,1
2016,2,1,대학영어,15,1
2016,2,1,대학영어,16,2
2016,2,1,대학영어,17,3
2016,2,1,대학영어,18,4
2016,2,1,대학영어,19,1
2016,2,1,대학영어,20,2
2016,2,1,대학영어,21,3
2016,2,1,대학영어,22,3
2016,2,1,대학영어,23,4
2016,2,1,대학영어,24,1
2016,2,1,대학영어,25,2
2016,2,1,대학영어,26,1
2016,2,1,대학영어,27,3
2016,2,1,대학영어,28,1
2016,2,1,대학영어,29,2
2016,2,1,대학영어,30,4
2016,2,1,대학영어,31,3
2016,2,1,대학영어,32,1
2016,2,1,대학영어,33,4
2016,2,1,대학영어,34,2
2016,2,1,대학영어,35,3
2016,2,1,언어의이해,1,2
2016,2,1,언어의이해,2,1
2016,2,1,언어의이해,3,3
2016,2,1,언어의이해,4,1
2016,2,1,언어의이해,5,2
2016,2,1,언어의이해,6,2
2016,2,1,언어의이해,7,"1,2"
2016,2,1,언어의이해,8,2
2016,2,1,언어의이해,9,1
2016,2,1,언어의이해,10,2
2016,2,1,언어의이해,11,1
2016,2,1,언어의이해,12,4
2016,2,1,언어의이해,13,2
2016,2,1,언어의이해,14,2
2016,2,1,언어의이해,15,1
2016,2,1,언어의이해,16,1
2016,2,1,언어의이해,17,2
2016,2,1,언어의이해,18,1
2016,2,1,언어의이해,19,1
2016,2,1,언어의이해,20,2
2016,2,1,언어의이해,21,1
2016,2,1,언어의이해,22,1
2016,2,1,언어의이해,23,3
2016,2,1,언어의이해,24,2
2016,2,1,언어의이해,25,2
2016,2,1,언어의이해,26,2
2016,2,1,언어의이해,27,3
2016,2,1,언어의이해,28,2
2016,2,1,언어의이해,29,2
2016,2,1,언어의이해,30,3
2016,2,1,언어의이해,31,1
2016,2,1,언어의이해,32,2
2016,2,1,언어의이해,33,3
2016,2,1,언어의이해,34,4
2016,2,1,언어의이해,35,1
2016,2,1,인간과심리,1,4
2016,2,1,인간과심리,2,2
2016,2,1,인간과심리,3,1
2016,2,1,인간과심리,4,2
2016,2,1,인간과심리,5,1
2016,2,1,인간과심리,6,3
2016,2,1,인간과심리,7,2
2016,2,1,인간과심리,8,4
2016,2,1,인간과심리,9,1
2016,2,1,인간과심리,10,3
2016,2,1,인간과심리,11,3
2016,2,1,인간과심리,12,2
2016,2,1,인간과심리,13,4
2016,2,1,인간과심리,14,1
2016,2,1,인간과심리,15,3
2016,2,1,인간과심리,16,3
2016,2,1,인간과심리,17,2
2016,2,1,인간과심리,18,3
2016,2,1,인간과심리,19,4
2016,2,1,인간과심리,20,1
2016,2,1,인간과심리,21,2
2016,2,1,인간과심리,22,1
2016,2,1,인간과심리,23,4
2016,2,1,인간과심리,24,3
2016,2,1,인간과심리,25,4
2016,2,1,인간과심리,26,3
2016,2,1,인간과심리,27,3
2016,2,1,인간과심리,28,4
2016,2,1,인간과심리,29,3
2016,2,1,인간과심리,30,4
2016,2,1,인간과심리,31,2
2016,2,1,인간과심리,32,4
2016,2,1,인간과심리,33,2
2016,2,1,인간과심리,34,2
2016,2,1,인간과심리,35,2
2016,2,1,초급프랑스어,1,3
2016,2,1,초급프랑스어,2,2
2016,2,1,초급프랑스어,3,1
2016,2,1,초급프랑스어,4,2
2016,2,1,초급프랑스어,5,3
2016,2,1,초급프랑스어,6,4
2016,2,1,초급프랑스어,7,4
2016,2,1,초급프랑스어,8,3
2016,2,1,초급프랑스어,9,3
2016,2,1,초급프랑스어,10,4
2016,2,1,초급프랑스어,11,2
2016,2,1,초급프랑스어,12,1
2016,2,1,초급프랑스어,13,2
2016,2,1,초급프랑스어,14,4
2016,2,1,초급프랑스어,15,1
2016,2,1,초급프랑스어,16,4
2016,2,1,초급프랑스어,17,4
2016,2,1,초급프랑스어,18,3
2016,2,1,초급프랑스어,19,1
2016,2,1,초급프랑스어,20,4
2016,2,1,초급프랑스어,21,3
2016,2,1,초급프랑스어,22,4
2016,2,1,초급프랑스어,23,1
2016,2,1,초급프랑스어,24,2
2016,2,1,초급프랑스어,25,2
2016,2,1,초급프랑스어,26,4
2016,2,1,초급프랑스어,27,1
2016,2,1,초급프랑스어,28,2
2016,2,1,초급프랑스어,29,3
2016,2,1,초급프랑스어,30,3
2016,2,1,초급프랑스어,31,4
2016,2,1,초급프랑스어,32,2
2016,2,1,초급프랑스어,33,3
2016,2,1,초급프랑스어,34,4
2016,2,1,초급프랑스어,35,1
2016,2,1,인간과교육,1,3
2016,2,1,인간과교육,2,1
2016,2,1,인간과교육,3,3
2016,2,1,인간과교육,4,2
2016,2,1,인간과교육,5,4
2016,2,1,인간과교육,6,4
2016,2,1,인간과교육,7,1
2016,2,1,인간과교육,8,3
2016,2,1,인간과교육,9,4
2016,2,1,인간과교육,10,4
2016,2,1,인간과교육,11,1
2016,2,1,인간과교육,12,1
2016,2,1,인간과교육,13,4
2016,2,1,인간과교육,14,2
2016,2,1,인간과교육,15,3
2016,2,1,인간과교육,16,2
2016,2,1,인간과교육,17,1
2016,2,1,인간과교육,18,3
2016,2,1,인간과교육,19,3
2016,2,1,인간과교육,20,4
2016,2,1,인간과교육,21,1
2016,2,1,인간과교육,22,4
2016,2,1,인간과교육,23,2
2016,2,1,인간과교육,24,2
2016,2,1,인간과교육,25,1
2016,2,1,인간과교육,26,3
2016,2,1,인간과교육,27,2
2016,2,1,인간과교육,28,3
2016,2,1,인간과교육,29,2
2016,2,1,인간과교육,30,4
2016,2,1,인간과교육,31,1
2016,2,1,인간과교육,32,2
2016,2,1,인간과교육,33,1
2016,2,1,인간과교육,34,4
2016,2,1,인간과교육,35,3
2016,2,1,국어학개론,1,4
2016,2,1,국어학개론,2,1
2016,2,1,국어학개론,3,4
2016,2,1,국어학개론,4,3
2016,2,1,국어학개론,5,1
2016,2,1,국어학개론,6,3
2016,2,1,국어학개론,7,3
2016,2,1,국어학개론,8,4
2016,2,1,국어학개론,9,3
2016,2,1,국어학개론,10,1
2016,2,1,국어학개론,11,2
2016,2,1,국어학개론,12,4
2016,2,1,국어학개론,13,3
2016,2,1,국어학개론,14,2
2016,2,1,국어학개론,15,1
2016,2,1,국어학개론,16,4
2016,2,1,국어학개론,17,1
2016,2,1,국어학개론,18,3
2016,2,1,국어학개론,19,3
2016,2,1,국어학개론,20,2
2016,2,1,국어학개론,21,4
2016,2,1,국어학개론,22,1
2016,2,1,국어학개론,23,4
2016,2,1,국어학개론,24,3
2016,2,1,국어학개론,25,4
2016,2,1,국어학개론,26,1
2016,2,1,국어학개론,27,3
2016,2,1,국어학개론,28,2
2016,2,1,국어학개론,29,4
2016,2,1,국어학개론,30,1
2016,2,1,국어학개론,31,3
2016,2,1,국어학개론,32,3
2016,2,1,국어학개론,33,3
2016,2,1,국어학개론,34,1
2016,2,1,국어학개론,35,2
2016,2,1,국문학개론,1,1
2016,2,1,국문학개론,2,4
2016,2,1,국문학개론,3,2
2016,2,1,국문학개론,4,2
2016,2,1,국문학개론,5,3
2016,2,1,국문학개론,6,4
2016,2,1,국문학개론,7,3
2016,2,1,국문학개론,8,4
2016,2,1,국문학개론,9,4
2016,2,1,국문학개론,10,1
2016,2,1,국문학개론,11,4
2016,2,1,국문학개론,12,2
2016,2,1,국문학개론,13,3
2016,2,1,국문학개론,14,2
2016,2,1,국문학개론,15,3
2016,2,1,국문학개론,16,1
2016,2,1,국문학개론,17,4
2016,2,1,국문학개론,18,4
2016,2,1,국문학개론,19,3
2016,2,1,국문학개론,20,2
2016,2,1,국문학개론,21,3
2016,2,1,국문학개론,22,1
2016,2,1,국문학개론,23,4
2016,2,1,국문학개론,24,1
2016,2,1,국문학개론,25,2
2016,2,1,국문학개론,26,3
2016,2,1,국문학개론,27,4
2016,2,1,국문학개론,28,2
2016,2,1,국문학개론,29,2
2016,2,1,국문학개론,30,3
2016,2,1,국문학개론,31,4
2016,2,1,국문학개론,32,4
2016,2,1,국문학개론,33,4
2016,2,1,국문학개론,34,3
2016,2,1,국문학개론,35,4
2016,2,1,영어듣기연습,1,3
2016,2,1,영어듣기연습,2,1
2016,2,1,영어듣기연습,3,2
2016,2,1,영어듣기연습,4,4
2016,2,1,영어듣기연습,5,3
2016,2,1,영어듣기연습,6,4
2016,2,1,영어듣기연습,7,1
2016,2,1,영어듣기연습,8,3
2016,2,1,영어듣기연습,9,2
2016,2,1,영어듣기연습,10,1
2016,2,1,영어듣기연습,11,4
2016,2,1,영어듣기연습,12,1
2016,2,1,영어듣기연습,13,2
2016,2,1,영어듣기연습,14,4
2016,2,1,영어듣기연습,15,1
2016,2,1,영어듣기연습,16,2
2016,2,1,영어듣기연습,17,3
2016,2,1,영어듣기연습,18,2
2016,2,1,영어듣기연습,19,2
2016,2,1,영어듣기연습,20,4
2016,2,1,영어듣기연습,21,2
2016,2,1,영어듣기연습,22,3
2016,2,1,영어듣기연습,23,4
2016,2,1,영어듣기연습,24,3
2016,2,1,영어듣기연습,25,1
2016,2,1,영어듣기연습,26,2
2016,2,1,영어듣기연습,27,3
2016,2,1,영어듣기연습,28,4
2016,2,1,영어듣기연습,29,4
2016,2,1,영어듣기연습,30,1
2016,2,1,영어듣기연습,31,1
2016,2,1,영어듣기연습,32,1
2016,2,1,영어듣기연습,33,3
2016,2,1,영어듣기연습,34,3
2016,2,1,영어듣기연습,35,4
2016,2,1,생활영어,1,1
2016,2,1,생활영어,2,3
2016,2,1,생활영어,3,4
2016,2,1,생활영어,4,2
2016,2,1,생활영어,5,3
2016,2,1,생활영어,6,4
2016,2,1,생활영어,7,1
2016,2,1,생활영어,8,3
2016,2,1,생활영어,9,4
2016,2,1,생활영어,10,2
2016,2,1,생활영어,11,4
2016,2,1,생활영어,12,1
2016,2,1,생활영어,13,1
2016,2,1,생활영어,14,3
2016,2,1,생활영어,15,2
2016,2,1,생활영어,16,1
2016,2,1,생활영어,17,4
2016,2,1,생활영어,18,4
2016,2,1,생활영어,19,3
2016,2,1,생활영어,20,1
2016,2,1,생활영어,21,2
2016,2,1,생활영어,22,4
2016,2,1,생활영어,23,3
2016,2,1,생활영어,24,4
2016,2,1,생활영어,25,1
2016,2,1,생활영어,26,4
2016,2,1,생활영어,27,2
2016,2,1,생활영어,28,2
2016,2,1,생활영어,29,2
2016,2,1,생활영어,30,1
2016,2,1,생활영어,31,3
2016,2,1,생활영어,32,4
2016,2,1,생활영어,33,3
2016,2,1,생활영어,34,3
2016,2,1,생활영어,35,1
2016,2,1,미국의사회와문화,1,1
2016,2,1,미국의사회와문화,2,2
2016,2,1,미국의사회와문화,3,3
2016,2,1,미국의사회와문화,4,1
2016,2,1,미국의사회와문화,5,3
2016,2,1,미국의사회와문화,6,4
2016,2,1,미국의사회와문화,7,4
2016,2,1,미국의사회와문화,8,2
2016,2,1,미국의사회와문화,9,2
2016,2,1,미국의사회와문화,10,1
2016,2,1,미국의사회와문화,11,2
2016,2,1,미국의사회와문화,12,1
2016,2,1,미국의사회와문화,13,2
2016,2,1,미국의사회와문화,14,3
2016,2,1,미국의사회와문화,15,4
2016,2,1,미국의사회와문화,16,3
2016,2,1,미국의사회와문화,17,2
2016,2,1,미국의사회와문화,18,4
2016,2,1,미국의사회와문화,19,2
2016,2,1,미국의사회와문화,20,3
2016,2,1,미국의사회와문화,21,1
2016,2,1,미국의사회와문화,22,2
2016,2,1,미국의사회와문화,23,4
2016,2,1,미국의사회와문화,24,1
2016,2,1,미국의사회와문화,25,3
2016,2,1,미국의사회와문화,26,2
2016,2,1,미국의사회와문화,27,1
2016,2,1,미국의사회와문화,28,2
2016,2,1,미국의사회와문화,29,1
2016,2,1,미국의사회와문화,30,2
2016,2,1,미국의사회와문화,31,3
2016,2,1,미국의사회와문화,32,1
2016,2,1,미국의사회와문화,33,2
2016,2,1,미국의사회와문화,34,2
2016,2,1,미국의사회와문화,35,4
2016,2,1,중국어초급회화,1,2
2016,2,1,중국어초급회화,2,4
2016,2,1,중국어초급회화,3,3
2016,2,1,중국어초급회화,4,2
2016,2,1,중국어초급회화,5,1
2016,2,1,중국어초급회화,6,2
2016,2,1,중국어초급회화,7,3
2016,2,1,중국어초급회화,8,4
2016,2,1,중국어초급회화,9,1
2016,2,1,중국어초급회화,10,2
2016,2,1,중국어초급회화,11,2
2016,2,1,중국어초급회화,12,1
2016,2,1,중국어초급회화,13,3
2016,2,1,중국어초급회화,14,2
2016,2,1,중국어초급회화,15,3
2016,2,1,중국어초급회화,16,3
2016,2,1,중국어초급회화,17,2
2016,2,1,중국어초급회화,18,4
2016,2,1,중국어초급회화,19,1
2016,2,1,중국어초급회화,20,3
2016,2,1,중국어초급회화,21,3
2016,2,1,중국어초급회화,22,2
2016,2,1,중국어초급회화,23,4
2016,2,1,중국어초급회화,24,2
2016,2,1,중국어초급회화,25,3
2016,2,1,중국어초급회화,26,1
2016,2,1,중국어초급회화,27,3
2016,2,1,중국어초급회화,28,1
2016,2,1,중국어초급회화,29,4
2016,2,1,중국어초급회화,30,1
2016,2,1,중국어초급회화,31,2
2016,2,1,중국어초급회화,32,4
2016,2,1,중국어초급회화,33,3
2016,2,1,중국어초급회화,34,3
2016,2,1,중국어초급회화,35,2
2016,2,1,중국고전문학의전통,1,3
2016,2,1,중국고전문학의전통,2,1
2016,2,1,중국고전문학의전통,3,4
2016,2,1,중국고전문학의전통,4,2
2016,2,1,중국고전문학의전통,5,2
2016,2,1,중국고전문학의전통,6,4
2016,2,1,중국고전문학의전통,7,3
2016,2,1,중국고전문학의전통,8,1
2016,2,1,중국고전문학의전통,9,4
2016,2,1,중국고전문학의전통,10,4
2016,2,1,중국고전문학의전통,11,1
2016,2,1,중국고전문학의전통,12,3
2016,2,1,중국고전문학의전통,13,2
2016,2,1,중국고전문학의전통,14,4
2016,2,1,중국고전문학의전통,15,2
2016,2,1,중국고전문학의전통,16,1
2016,2,1,중국고전문학의전통,17,3
2016,2,1,중국고전문학의전통,18,1
2016,2,1,중국고전문학의전통,19,3
2016,2,1,중국고전문학의전통,20,1
2016,2,1,중국고전문학의전통,21,3
2016,2,1,중국고전문학의전통,22,2
2016,2,1,중국고전문학의전통,23,1
2016,2,1,중국고전문학의전통,24,3
2016,2,1,중국고전문학의전통,25,2
2016,2,1,중국고전문학의전통,26,3
2016,2,1,중국고전문학의전통,27,2
2016,2,1,중국고전문학의전통,28,1
2016,2,1,중국고전문학의전통,29,4
2016,2,1,중국고전문학의전통,30,2
2016,2,1,중국고전문학의전통,31,4
2016,2,1,중국고전문학의전통,32,1
2016,2,1,중국고전문학의전통,33,4
2016,2,1,중국고전문학의전통,34,2
2016,2,1,중국고전문학의전통,35,4
2016,2,1,오늘날의프랑스,1,1
2016,2,1,오늘날의프랑스,2,1
2016,2,1,오늘날의프랑스,3,3
2016,2,1,오늘날의프랑스,4,2
2016,2,1,오늘날의프랑스,5,3
2016,2,1,오늘날의프랑스,6,2
2016,2,1,오늘날의프랑스,7,1
2016,2,1,오늘날의프랑스,8,4
2016,2,1,오늘날의프랑스,9,3
2016,2,1,오늘날의프랑스,10,1
2016,2,1,오늘날의프랑스,11,1
2016,2,1,오늘날의프랑스,12,3
2016,2,1,오늘날의프랑스,13,4
2016,2,1,오늘날의프랑스,14,4
2016,2,1,오늘날의프랑스,15,2
2016,2,1,오늘날의프랑스,16,1
2016,2,1,오늘날의프랑스,17,1
2016,2,1,오늘날의프랑스,18,1
2016,2,1,오늘날의프랑스,19,3
2016,2,1,오늘날의프랑스,20,3
2016,2,1,오늘날의프랑스,21,4
2016,2,1,오늘날의프랑스,22,2
2016,2,1,오늘날의프랑스,23,3
2016,2,1,오늘날의프랑스,24,3
2016,2,1,오늘날의프랑스,25,4
2016,2,1,오늘날의프랑스,26,2
2016,2,1,오늘날의프랑스,27,3
2016,2,1,오늘날의프랑스,28,4
2016,2,1,오늘날의프랑스,29,3
2016,2,1,오늘날의프랑스,30,1
2016,2,1,오늘날의프랑스,31,4
2016,2,1,오늘날의프랑스,32,4
2016,2,1,오늘날의프랑스,33,4
2016,2,1,오늘날의프랑스,34,4
2016,2,1,오늘날의프랑스,35,2
2016,2,1,생활프랑스어,1,2
2016,2,1,생활프랑스어,2,2
2016,2,1,생활프랑스어,3,1
2016,2,1,생활프랑스어,4,3
2016,2,1,생활프랑스어,5,2
2016,2,1,생활프랑스어,6,1
2016,2,1,생활프랑스어,7,4
2016,2,1,생활프랑스어,8,3
2016,2,1,생활프랑스어,9,1
2016,2,1,생활프랑스어,10,1
2016,2,1,생활프랑스어,11,4
2016,2,1,생활프랑스어,12,3
2016,2,1,생활프랑스어,13,1
2016,2,1,생활프랑스어,14,2
2016,2,1,생활프랑스어,15,2
2016,2,1,생활프랑스어,16,3
2016,2,1,생활프랑스어,17,4
2016,2,1,생활프랑스어,18,3
2016,2,1,생활프랑스어,19,2
2016,2,1,생활프랑스어,20,2
2016,2,1,생활프랑스어,21,3
2016,2,1,생활프랑스어,22,3
2016,2,1,생활프랑스어,23,2
2016,2,1,생활프랑스어,24,4
2016,2,1,생활프랑스어,25,1
2016,2,1,생활프랑스어,26,2
2016,2,1,생활프랑스어,27,2
2016,2,1,생활프랑스어,28,1
2016,2,1,생활프랑스어,29,2
2016,2,1,생활프랑스어,30,"1,2,3,4"
2016,2,1,생활프랑스어,31,4
2016,2,1,생활프랑스어,32,4
2016,2,1,생활프랑스어,33,1
2016,2,1,생활프랑스어,34,2
2016,2,1,생활프랑스어,35,4
2016,2,1,일본어기초2,1,4
2016,2,1,일본어기초2,2,3
2016,2,1,일본어기초2,3,2
2016,2,1,일본어기초2,4,4
2016,2,1,일본어기초2,5,1
2016,2,1,일본어기초2,6,3
2016,2,1,일본어기초2,7,2
2016,2,1,일본어기초2,8,1
2016,2,1,일본어기초2,9,1
2016,2,1,일본어기초2,10,3
2016,2,1,일본어기초2,11,4
2016,2,1,일본어기초2,12,1
2016,2,1,일본어기초2,13,4
2016,2,1,일본어기초2,14,3
2016,2,1,일본어기초2,15,1
2016,2,1,일본어기초2,16,3
2016,2,1,일본어기초2,17,1
2016,2,1,일본어기초2,18,2
2016,2,1,일본어기초2,19,3
2016,2,1,일본어기초2,20,1
2016,2,1,일본어기초2,21,3
2016,2,1,일본어기초2,22,2
2016,2,1,일본어기초2,23,1
2016,2,1,일본어기초2,24,4
2016,2,1,일본어기초2,25,2
2016,2,1,일본어기초2,26,2
2016,2,1,일본어기초2,27,2
2016,2,1,일본어기초2,28,4
2016,2,1,일본어기초2,29,4
2016,2,1,일본어기초2,30,4
2016,2,1,일본어기초2,31,1
2016,2,1,일본어기초2,32,1
2016,2,1,일본어기초2,33,2
2016,2,1,일본어기초2,34,2
2016,2,1,일본어기초2,35,1
2016,2,1,일본고중세사,1,3
2016,2,1,일본고중세사,2,3
2016,2,1,일본고중세사,3,3
2016,2,1,일본고중세사,4,2
2016,2,1,일본고중세사,5,4
2016,2,1,일본고중세사,6,2
2016,2,1,일본고중세사,7,1
2016,2,1,일본고중세사,8,2
2016,2,1,일본고중세사,9,1
2016,2,1,일본고중세사,10,2
2016,2,1,일본고중세사,11,3
2016,2,1,일본고중세사,12,3
2016,2,1,일본고중세사,13,2
2016,2,1,일본고중세사,14,1
2016,2,1,일본고중세사,15,4
2016,2,1,일본고중세사,16,4
2016,2,1,일본고중세사,17,3
2016,2,1,일본고중세사,18,4
2016,2,1,일본고중세사,19,1
2016,2,1,일본고중세사,20,4
2016,2,1,일본고중세사,21,2
2016,2,1,일본고중세사,22,3
2016,2,1,일본고중세사,23,1
2016,2,1,일본고중세사,24,4
2016,2,1,일본고중세사,25,4
2016,2,1,일본사회문화의이해,1,1
2016,2,1,일본사회문화의이해,2,2
2016,2,1,일본사회문화의이해,3,4
2016,2,1,일본사회문화의이해,4,1
2016,2,1,일본사회문화의이해,5,3
2016,2,1,일본사회문화의이해,6,4
2016,2,1,일본사회문화의이해,7,2
2016,2,1,일본사회문화의이해,8,3
2016,2,1,일본사회문화의이해,9,4
2016,2,1,일본사회문화의이해,10,3
2016,2,1,일본사회문화의이해,11,4
2016,2,1,일본사회문화의이해,12,2
2016,2,1,일본사회문화의이해,13,1
2016,2,1,일본사회문화의이해,14,4
2016,2,1,일본사회문화의이해,15,2
2016,2,1,일본사회문화의이해,16,1
2016,2,1,일본사회문화의이해,17,1
2016,2,1,일본사회문화의이해,18,1
2016,2,1,일본사회문화의이해,19,4
2016,2,1,일본사회문화의이해,20,2
2016,2,1,일본사회문화의이해,21,1
2016,2,1,일본사회문화의이해,22,1
2016,2,1,일본사회문화의이해,23,3
2016,2,1,일본사회문화의이해,24,2
2016,2,1,일본사회문화의이해,25,1
2016,2,1,일본사회문화의이해,26,3
2016,2,1,일본사회문화의이해,27,1
2016,2,1,일본사회문화의이해,28,4
2016,2,1,일본사회문화의이해,29,2
2016,2,1,일본사회문화의이해,30,1
2016,2,1,일본사회문화의이해,31,2
2016,2,1,일본사회문화의이해,32,1
2016,2,1,일본사회문화의이해,33,2
2016,2,1,일본사회문화의이해,34,4
2016,2,1,일본사회문화의이해,35,4
2016,2,1,교육심리학,1,1
2016,2,1,교육심리학,2,2
2016,2,1,교육심리학,3,1
2016,2,1,교육심리학,4,3
2016,2,1,교육심리학,5,4
2016,2,1,교육심리학,6,2
2016,2,1,교육심리학,7,1
2016,2,1,교육심리학,8,2
2016,2,1,교육심리학,9,2
2016,2,1,교육심리학,10,1
2016,2,1,교육심리학,11,3
2016,2,1,교육심리학,12,3
2016,2,1,교육심리학,13,4
2016,2,1,교육심리학,14,4
2016,2,1,교육심리학,15,4
2016,2,1,교육심리학,16,2
2016,2,1,교육심리학,17,3
2016,2,1,교육심리학,18,4
2016,2,1,교육심리학,19,3
2016,2,1,교육심리학,20,1
2016,2,1,교육심리학,21,3
2016,2,1,교육심리학,22,2
2016,2,1,교육심리학,23,1
2016,2,1,교육심리학,24,3
2016,2,1,교육심리학,25,1
2016,2,1,교육심리학,26,4
2016,2,1,교육심리학,27,4
2016,2,1,교육심리학,28,2
2016,2,1,교육심리학,29,4
2016,2,1,교육심리학,30,4
2016,2,1,교육심리학,31,1
2016,2,1,교육심리학,32,3
2016,2,1,교육심리학,33,1
2016,2,1,교육심리학,34,2
2016,2,1,교육심리학,35,3
2016,2,1,아동미술,1,1
2016,2,1,아동미술,2,4
2016,2,1,아동미술,3,3
2016,2,1,아동미술,4,2
2016,2,1,아동미술,5,2
2016,2,1,아동미술,6,4
2016,2,1,아동미술,7,3
2016,2,1,아동미술,8,1
2016,2,1,아동미술,9,4
2016,2,1,아동미술,10,2
2016,2,1,아동미술,11,4
2016,2,1,아동미술,12,3
2016,2,1,아동미술,13,2
2016,2,1,아동미술,14,1
2016,2,1,아동미술,15,2
2016,2,1,아동미술,16,1
2016,2,1,아동미술,17,1
2016,2,1,아동미술,18,2
2016,2,1,아동미술,19,2
2016,2,1,아동미술,20,4
2016,2,1,아동미술,21,3
2016,2,1,아동미술,22,4
2016,2,1,아동미술,23,1
2016,2,1,아동미술,24,3
2016,2,1,아동미술,25,2
2016,2,1,아동미술,26,4
2016,2,1,아동미술,27,1
2016,2,1,아동미술,28,1
2016,2,1,아동미술,29,3
2016,2,1,아동미술,30,3
2016,2,1,아동미술,31,4
2016,2,1,아동미술,32,1
2016,2,1,아동미술,33,2
2016,2,1,아동미술,34,4
2016,2,1,아동미술,35,3
2016,2,1,통치의기본구조,1,3
2016,2,1,통치의기본구조,2,2
2016,2,1,통치의기본구조,3,4
2016,2,1,통치의기본구조,4,2
2016,2,1,통치의기본구조,5,1
2016,2,1,통치의기본구조,6,1
2016,2,1,통치의기본구조,7,2
2016,2,1,통치의기본구조,8,4
2016,2,1,통치의기본구조,9,4
2016,2,1,통치의기본구조,10,2
2016,2,1,통치의기본구조,11,2
2016,2,1,통치의기본구조,12,1
2016,2,1,통치의기본구조,13,3
2016,2,1,통치의기본구조,14,1
2016,2,1,통치의기본구조,15,4
2016,2,1,통치의기본구조,16,1
2016,2,1,통치의기본구조,17,3
2016,2,1,통치의기본구조,18,1
2016,2,1,통치의기본구조,19,1
2016,2,1,통치의기본구조,20,2
2016,2,1,통치의기본구조,21,3
2016,2,1,통치의기본구조,22,3
2016,2,1,통치의기본구조,23,4
2016,2,1,통치의기본구조,24,4
2016,2,1,통치의기본구조,25,2
2016,2,1,물권법,1,3
2016,2,1,물권법,2,1
2016,2,1,물권법,3,3
2016,2,1,물권법,4,3
2016,2,1,물권법,5,4
2016,2,1,물권법,6,2
2016,2,1,물권법,7,3
2016,2,1,물권법,8,1
2016,2,1,물권법,9,4
2016,2,1,물권법,10,4
2016,2,1,물권법,11,3
2016,2,1,물권법,12,2
2016,2,1,물권법,13,2
2016,2,1,물권법,14,1
2016,2,1,물권법,15,2
2016,2,1,물권법,16,3
2016,2,1,물권법,17,4
2016,2,1,물권법,18,1
2016,2,1,물권법,19,2
2016,2,1,물권법,20,1
2016,2,1,물권법,21,2
2016,2,1,물권법,22,2
2016,2,1,물권법,23,4
2016,2,1,물권법,24,3
2016,2,1,물권법,25,3
2016,2,1,물권법,26,3
2016,2,1,물권법,27,1
2016,2,1,물권법,28,3
2016,2,1,물권법,29,2
2016,2,1,물권법,30,1
2016,2,1,물권법,31,2
2016,2,1,물권법,32,3
2016,2,1,물권법,33,1
2016,2,1,물권법,34,3
2016,2,1,물권법,35,2
2016,2,1,형법각론,1,3
2016,2,1,형법각론,2,4
2016,2,1,형법각론,3,1
2016,2,1,형법각론,4,4
2016,2,1,형법각론,5,2
2016,2,1,형법각론,6,3
2016,2,1,형법각론,7,2
2016,2,1,형법각론,8,1
2016,2,1,형법각론,9,4
2016,2,1,형법각론,10,2
2016,2,1,형법각론,11,3
2016,2,1,형법각론,12,4
2016,2,1,형법각론,13,2
2016,2,1,형법각론,14,1
2016,2,1,형법각론,15,3
2016,2,1,형법각론,16,2
2016,2,1,형법각론,17,3
2016,2,1,형법각론,18,2
2016,2,1,형법각론,19,4
2016,2,1,형법각론,20,3
2016,2,1,형법각론,21,1
2016,2,1,형법각론,22,4
2016,2,1,형법각론,23,3
2016,2,1,형법각론,24,1
2016,2,1,형법각론,25,2
2016,2,1,형법각론,26,4
2016,2,1,형법각론,27,2
2016,2,1,형법각론,28,1
2016,2,1,형법각론,29,4
2016,2,1,형법각론,30,3
2016,2,1,형법각론,31,2
2016,2,1,형법각론,32,3
2016,2,1,형법각론,33,4
2016,2,1,형법각론,34,2
2016,2,1,형법각론,35,3
2016,2,1,정치학개론,1,4
2016,2,1,정치학개론,2,3
2016,2,1,정치학개론,3,1
2016,2,1,정치학개론,4,2
2016,2,1,정치학개론,5,4
2016,2,1,정치학개론,6,1
2016,2,1,정치학개론,7,3
2016,2,1,정치학개론,8,3
2016,2,1,정치학개론,9,1
2016,2,1,정치학개론,10,4
2016,2,1,정치학개론,11,2
2016,2,1,정치학개론,12,1
2016,2,1,정치학개론,13,2
2016,2,1,정치학개론,14,3
2016,2,1,정치학개론,15,4
2016,2,1,정치학개론,16,3
2016,2,1,정치학개론,17,4
2016,2,1,정치학개론,18,1
2016,2,1,정치학개론,19,2
2016,2,1,정치학개론,20,2
2016,2,1,정치학개론,21,3
2016,2,1,정치학개론,22,4
2016,2,1,정치학개론,23,1
2016,2,1,정치학개론,24,4
2016,2,1,정치학개론,25,1
2016,2,1,정치학개론,26,2
2016,2,1,정치학개론,27,3
2016,2,1,정치학개론,28,3
2016,2,1,정치학개론,29,2
2016,2,1,정치학개론,30,4
2016,2,1,정치학개론,31,1
2016,2,1,정치학개론,32,1
2016,2,1,정치학개론,33,4
2016,2,1,정치학개론,34,2
2016,2,1,정치학개론,35,3
2016,2,1,국제정책및통상갈등,1,2
2016,2,1,국제정책및통상갈등,2,3
2016,2,1,국제정책및통상갈등,3,4
2016,2,1,국제정책및통상갈등,4,2
2016,2,1,국제정책및통상갈등,5,3
2016,2,1,국제정책및통상갈등,6,1
2016,2,1,국제정책및통상갈등,7,4
2016,2,1,국제정책및통상갈등,8,4
2016,2,1,국제정책및통상갈등,9,2
2016,2,1,국제정책및통상갈등,10,3
2016,2,1,국제정책및통상갈등,11,2
2016,2,1,국제정책및통상갈등,12,4
2016,2,1,국제정책및통상갈등,13,1
2016,2,1,국제정책및통상갈등,14,3
2016,2,1,국제정책및통상갈등,15,4
2016,2,1,국제정책및통상갈등,16,3
2016,2,1,국제정책및통상갈등,17,1
2016,2,1,국제정책및통상갈등,18,4
2016,2,1,국제정책및통상갈등,19,3
2016,2,1,국제정책및통상갈등,20,1
2016,2,1,국제정책및통상갈등,21,4
2016,2,1,국제정책및통상갈등,22,2
2016,2,1,국제정책및통상갈등,23,4
2016,2,1,국제정책및통상갈등,24,2
2016,2,1,국제정책및통상갈등,25,4
2016,2,1,발전행정론,1,2
2016,2,1,발전행정론,2,2
2016,2,1,발전행정론,3,2
2016,2,1,발전행정론,4,1
2016,2,1,발전행정론,5,4
2016,2,1,발전행정론,6,1
2016,2,1,발전행정론,7,3
2016,2,1,발전행정론,8,2
2016,2,1,발전행정론,9,1
2016,2,1,발전행정론,10,3
2016,2,1,발전행정론,11,4
2016,2,1,발전행정론,12,2
2016,2,1,발전행정론,13,3
2016,2,1,발전행정론,14,2
2016,2,1,발전행정론,15,4
2016,2,1,발전행정론,16,3
2016,2,1,발전행정론,17,1
2016,2,1,발전행정론,18,2
2016,2,1,발전행정론,19,3
2016,2,1,발전행정론,20,3
2016,2,1,발전행정론,21,3
2016,2,1,발전행정론,22,2
2016,2,1,발전행정론,23,2
2016,2,1,발전행정론,24,2
2016,2,1,발전행정론,25,4
2016,2,1,기초거시경제론,1,3
2016,2,1,기초거시경제론,2,2
2016,2,1,기초거시경제론,3,1
2016,2,1,기초거시경제론,4,4
2016,2,1,기초거시경제론,5,3
2016,2,1,기초거시경제론,6,1
2016,2,1,기초거시경제론,7,2
2016,2,1,기초거시경제론,8,4
2016,2,1,기초거시경제론,9,1
2016,2,1,기초거시경제론,10,4
2016,2,1,기초거시경제론,11,2
2016,2,1,기초거시경제론,12,4
2016,2,1,기초거시경제론,13,3
2016,2,1,기초거시경제론,14,2
2016,2,1,기초거시경제론,15,1
2016,2,1,기초거시경제론,16,2
2016,2,1,기초거시경제론,17,2
2016,2,1,기초거시경제론,18,3
2016,2,1,기초거시경제론,19,4
2016,2,1,기초거시경제론,20,2
2016,2,1,기초거시경제론,21,2
2016,2,1,기초거시경제론,22,3
2016,2,1,기초거시경제론,23,1
2016,2,1,기초거시경제론,24,2
2016,2,1,기초거시경제론,25,4
2016,2,1,기초거시경제론,26,2
2016,2,1,기초거시경제론,27,3
2016,2,1,기초거시경제론,28,1
2016,2,1,기초거시경제론,29,2
2016,2,1,기초거시경제론,30,3
2016,2,1,기초거시경제론,31,4
2016,2,1,기초거시경제론,32,1
2016,2,1,기초거시경제론,33,2
2016,2,1,기초거시경제론,34,1
2016,2,1,기초거시경제론,35,3
2016,2,1,IT와경영정보시스템,1,3
2016,2,1,IT와경영정보시스템,2,2
2016,2,1,IT와경영정보시스템,3,1
2016,2,1,IT와경영정보시스템,4,2
2016,2,1,IT와경영정보시스템,5,3
2016,2,1,IT와경영정보시스템,6,4
2016,2,1,IT와경영정보시스템,7,1
2016,2,1,IT와경영정보시스템,8,4
2016,2,1,IT와경영정보시스템,9,2
2016,2,1,IT와경영정보시스템,10,3
2016,2,1,IT와경영정보시스템,11,1
2016,2,1,IT와경영정보시스템,12,4
2016,2,1,IT와경영정보시스템,13,1
2016,2,1,IT와경영정보시스템,14,4
2016,2,1,IT와경영정보시스템,15,3
2016,2,1,IT와경영정보시스템,16,2
2016,2,1,IT와경영정보시스템,17,3
2016,2,1,IT와경영정보시스템,18,3
2016,2,1,IT와경영정보시스템,19,1
2016,2,1,IT와경영정보시스템,20,2
2016,2,1,IT와경영정보시스템,21,2
2016,2,1,IT와경영정보시스템,22,4
2016,2,1,IT와경영정보시스템,23,1
2016,2,1,IT와경영정보시스템,24,4
2016,2,1,IT와경영정보시스템,25,3
2016,2,1,IT와경영정보시스템,26,2
2016,2,1,IT와경영정보시스템,27,1
2016,2,1,IT와경영정보시스템,28,4
2016,2,1,IT와경영정보시스템,29,3
2016,2,1,IT와경영정보시스템,30,2
2016,2,1,IT와경영정보시스템,31,1
2016,2,1,IT와경영정보시스템,32,1
2016,2,1,IT와경영정보시스템,33,3
2016,2,1,IT와경영정보시스템,34,4
2016,2,1,IT와경영정보시스템,35,2
2016,2,1,조직행위론,1,4
2016,2,1,조직행위론,2,3
2016,2,1,조직행위론,3,3
2016,2,1,조직행위론,4,4
2016,2,1,조직행위론,5,3
2016,2,1,조직행위론,6,1
2016,2,1,조직행위론,7,4
2016,2,1,조직행위론,8,1
2016,2,1,조직행위론,9,1
2016,2,1,조직행위론,10,1
2016,2,1,조직행위론,11,3
2016,2,1,조직행위론,12,2
2016,2,1,조직행위론,13,2
2016,2,1,조직행위론,14,1
2016,2,1,조직행위론,15,4
2016,2,1,조직행위론,16,3
2016,2,1,조직행위론,17,1
2016,2,1,조직행위론,18,4
2016,2,1,조직행위론,19,3
2016,2,1,조직행위론,20,1
2016,2,1,조직행위론,21,1
2016,2,1,조직행위론,22,2
2016,2,1,조직행위론,23,4
2016,2,1,조직행위론,24,2
2016,2,1,조직행위론,25,3
2016,2,1,조직행위론,26,3
2016,2,1,조직행위론,27,3
2016,2,1,조직행위론,28,3
2016,2,1,조직행위론,29,2
2016,2,1,조직행위론,30,2
2016,2,1,조직행위론,31,1
2016,2,1,조직행위론,32,1
2016,2,1,조직행위론,33,3
2016,2,1,조직행위론,34,2
2016,2,1,조직행위론,35,1
2016,2,1,세계지역경제론,1,3
2016,2,1,세계지역경제론,2,3
2016,2,1,세계지역경제론,3,3
2016,2,1,세계지역경제론,4,3
2016,2,1,세계지역경제론,5,3
2016,2,1,세계지역경제론,6,1
2016,2,1,세계지역경제론,7,4
2016,2,1,세계지역경제론,8,4
2016,2,1,세계지역경제론,9,4
2016,2,1,세계지역경제론,10,4
2016,2,1,세계지역경제론,11,1
2016,2,1,세계지역경제론,12,4
2016,2,1,세계지역경제론,13,4
2016,2,1,세계지역경제론,14,2
2016,2,1,세계지역경제론,15,1
2016,2,1,세계지역경제론,16,2
2016,2,1,세계지역경제론,17,2
2016,2,1,세계지역경제론,18,3
2016,2,1,세계지역경제론,19,4
2016,2,1,세계지역경제론,20,2
2016,2,1,세계지역경제론,21,3
2016,2,1,세계지역경제론,22,2
2016,2,1,세계지역경제론,23,2
2016,2,1,세계지역경제론,24,1
2016,2,1,세계지역경제론,25,1
2016,2,1,세계지역경제론,26,3
2016,2,1,세계지역경제론,27,1
2016,2,1,세계지역경제론,28,3
2016,2,1,세계지역경제론,29,4
2016,2,1,세계지역경제론,30,2
2016,2,1,세계지역경제론,31,1
2016,2,1,세계지역경제론,32,3
2016,2,1,세계지역경제론,33,3
2016,2,1,세계지역경제론,34,2
2016,2,1,세계지역경제론,35,4
2016,2,1,국제경영의이해,1,2
2016,2,1,국제경영의이해,2,2
2016,2,1,국제경영의이해,3,3
2016,2,1,국제경영의이해,4,2
2016,2,1,국제경영의이해,5,3
2016,2,1,국제경영의이해,6,3
2016,2,1,국제경영의이해,7,4
2016,2,1,국제경영의이해,8,2
2016,2,1,국제경영의이해,9,4
2016,2,1,국제경영의이해,10,1
2016,2,1,국제경영의이해,11,4
2016,2,1,국제경영의이해,12,3
2016,2,1,국제경영의이해,13,3
2016,2,1,국제경영의이해,14,4
2016,2,1,국제경영의이해,15,4
2016,2,1,국제경영의이해,16,3
2016,2,1,국제경영의이해,17,4
2016,2,1,국제경영의이해,18,1
2016,2,1,국제경영의이해,19,4
2016,2,1,국제경영의이해,20,1
2016,2,1,국제경영의이해,21,2
2016,2,1,국제경영의이해,22,4
2016,2,1,국제경영의이해,23,1
2016,2,1,국제경영의이해,24,2
2016,2,1,국제경영의이해,25,4
2016,2,1,국제경영의이해,26,4
2016,2,1,국제경영의이해,27,1
2016,2,1,국제경영의이해,28,1
2016,2,1,국제경영의이해,29,1
2016,2,1,국제경영의이해,30,3
2016,2,1,국제경영의이해,31,4
2016,2,1,국제경영의이해,32,1
2016,2,1,국제경영의이해,33,3
2016,2,1,국제경영의이해,34,2
2016,2,1,국제경영의이해,35,1
2016,2,1,국제무역과협상,1,2
2016,2,1,국제무역과협상,2,1
2016,2,1,국제무역과협상,3,4
2016,2,1,국제무역과협상,4,3
2016,2,1,국제무역과협상,5,3
2016,2,1,국제무역과협상,6,1
2016,2,1,국제무역과협상,7,1
2016,2,1,국제무역과협상,8,1
2016,2,1,국제무역과협상,9,4
2016,2,1,국제무역과협상,10,3
2016,2,1,국제무역과협상,11,4
2016,2,1,국제무역과협상,12,1
2016,2,1,국제무역과협상,13,4
2016,2,1,국제무역과협상,14,1
2016,2,1,국제무역과협상,15,2
2016,2,1,국제무역과협상,16,2
2016,2,1,국제무역과협상,17,2
2016,2,1,국제무역과협상,18,3
2016,2,1,국제무역과협상,19,1
2016,2,1,국제무역과협상,20,3
2016,2,1,국제무역과협상,21,2
2016,2,1,국제무역과협상,22,4
2016,2,1,국제무역과협상,23,1
2016,2,1,국제무역과협상,24,4
2016,2,1,국제무역과협상,25,1
2016,2,1,국제무역과협상,26,3
2016,2,1,국제무역과협상,27,1
2016,2,1,국제무역과협상,28,2
2016,2,1,국제무역과협상,29,4
2016,2,1,국제무역과협상,30,4
2016,2,1,국제무역과협상,31,3
2016,2,1,국제무역과협상,32,2
2016,2,1,국제무역과협상,33,4
2016,2,1,국제무역과협상,34,3
2016,2,1,국제무역과협상,35,1
2016,2,1,커뮤니케이션과인간,1,2
2016,2,1,커뮤니케이션과인간,2,4
2016,2,1,커뮤니케이션과인간,3,2
2016,2,1,커뮤니케이션과인간,4,3
2016,2,1,커뮤니케이션과인간,5,2
2016,2,1,커뮤니케이션과인간,6,2
2016,2,1,커뮤니케이션과인간,7,1
2016,2,1,커뮤니케이션과인간,8,1
2016,2,1,커뮤니케이션과인간,9,4
2016,2,1,커뮤니케이션과인간,10,4
2016,2,1,커뮤니케이션과인간,11,2
2016,2,1,커뮤니케이션과인간,12,2
2016,2,1,커뮤니케이션과인간,13,2
2016,2,1,커뮤니케이션과인간,14,1
2016,2,1,커뮤니케이션과인간,15,1
2016,2,1,커뮤니케이션과인간,16,3
2016,2,1,커뮤니케이션과인간,17,4
2016,2,1,커뮤니케이션과인간,18,3
2016,2,1,커뮤니케이션과인간,19,"1,2"
2016,2,1,커뮤니케이션과인간,20,2
2016,2,1,커뮤니케이션과인간,21,4
2016,2,1,커뮤니케이션과인간,22,2
2016,2,1,커뮤니케이션과인간,23,3
2016,2,1,커뮤니케이션과인간,24,2
2016,2,1,커뮤니케이션과인간,25,3
2016,2,1,커뮤니케이션과인간,26,2
2016,2,1,커뮤니케이션과인간,27,2
2016,2,1,커뮤니케이션과인간,28,2
2016,2,1,커뮤니케이션과인간,29,2
2016,2,1,커뮤니케이션과인간,30,1
2016,2,1,커뮤니케이션과인간,31,4
2016,2,1,커뮤니케이션과인간,32,3
2016,2,1,커뮤니케이션과인간,33,2
2016,2,1,커뮤니케이션과인간,34,4
2016,2,1,커뮤니케이션과인간,35,1
2016,2,1,대중영화의이해,1,4
2016,2,1,대중영화의이해,2,2
2016,2,1,대중영화의이해,3,1
2016,2,1,대중영화의이해,4,3
2016,2,1,대중영화의이해,5,1
2016,2,1,대중영화의이해,6,4
2016,2,1,대중영화의이해,7,2
2016,2,1,대중영화의이해,8,1
2016,2,1,대중영화의이해,9,2
2016,2,1,대중영화의이해,10,3
2016,2,1,대중영화의이해,11,4
2016,2,1,대중영화의이해,12,3
2016,2,1,대중영화의이해,13,1
2016,2,1,대중영화의이해,14,3
2016,2,1,대중영화의이해,15,2
2016,2,1,대중영화의이해,16,3
2016,2,1,대중영화의이해,17,4
2016,2,1,대중영화의이해,18,4
2016,2,1,대중영화의이해,19,2
2016,2,1,대중영화의이해,20,1
2016,2,1,대중영화의이해,21,2
2016,2,1,대중영화의이해,22,1
2016,2,1,대중영화의이해,23,3
2016,2,1,대중영화의이해,24,1
2016,2,1,대중영화의이해,25,4
2016,2,1,대중영화의이해,26,2
2016,2,1,대중영화의이해,27,3
2016,2,1,대중영화의이해,28,2
2016,2,1,대중영화의이해,29,1
2016,2,1,대중영화의이해,30,4
2016,2,1,대중영화의이해,31,3
2016,2,1,대중영화의이해,32,4
2016,2,1,대중영화의이해,33,3
2016,2,1,대중영화의이해,34,1
2016,2,1,대중영화의이해,35,2
2016,2,1,저널리즘의이해,1,2
2016,2,1,저널리즘의이해,2,4
2016,2,1,저널리즘의이해,3,3
2016,2,1,저널리즘의이해,4,1
2016,2,1,저널리즘의이해,5,3
2016,2,1,저널리즘의이해,6,4
2016,2,1,저널리즘의이해,7,2
2016,2,1,저널리즘의이해,8,1
2016,2,1,저널리즘의이해,9,1
2016,2,1,저널리즘의이해,10,2
2016,2,1,저널리즘의이해,11,3
2016,2,1,저널리즘의이해,12,4
2016,2,1,저널리즘의이해,13,4
2016,2,1,저널리즘의이해,14,3
2016,2,1,저널리즘의이해,15,2
2016,2,1,저널리즘의이해,16,1
2016,2,1,저널리즘의이해,17,2
2016,2,1,저널리즘의이해,18,3
2016,2,1,저널리즘의이해,19,4
2016,2,1,저널리즘의이해,20,1
2016,2,1,저널리즘의이해,21,2
2016,2,1,저널리즘의이해,22,1
2016,2,1,저널리즘의이해,23,4
2016,2,1,저널리즘의이해,24,3
2016,2,1,저널리즘의이해,25,3
2016,2,1,저널리즘의이해,26,4
2016,2,1,저널리즘의이해,27,1
2016,2,1,저널리즘의이해,28,2
2016,2,1,저널리즘의이해,29,2
2016,2,1,저널리즘의이해,30,1
2016,2,1,저널리즘의이해,31,4
2016,2,1,저널리즘의이해,32,3
2016,2,1,저널리즘의이해,33,3
2016,2,1,저널리즘의이해,34,2
2016,2,1,저널리즘의이해,35,1
2016,2,1,한국문화자원의이해,1,"2,3"
2016,2,1,한국문화자원의이해,2,1
2016,2,1,한국문화자원의이해,3,4
2016,2,1,한국문화자원의이해,4,3
2016,2,1,한국문화자원의이해,5,2
2016,2,1,한국문화자원의이해,6,3
2016,2,1,한국문화자원의이해,7,2
2016,2,1,한국문화자원의이해,8,2
2016,2,1,한국문화자원의이해,9,1
2016,2,1,한국문화자원의이해,10,3
2016,2,1,한국문화자원의이해,11,2
2016,2,1,한국문화자원의이해,12,3
2016,2,1,한국문화자원의이해,13,1
2016,2,1,한국문화자원의이해,14,2
2016,2,1,한국문화자원의이해,15,4
2016,2,1,한국문화자원의이해,16,3
2016,2,1,한국문화자원의이해,17,3
2016,2,1,한국문화자원의이해,18,2
2016,2,1,한국문화자원의이해,19,4
2016,2,1,한국문화자원의이해,20,1
2016,2,1,한국문화자원의이해,21,3
2016,2,1,한국문화자원의이해,22,4
2016,2,1,한국문화자원의이해,23,"1,2"
2016,2,1,한국문화자원의이해,24,1
2016,2,1,한국문화자원의이해,25,3
2016,2,1,한국문화자원의이해,26,2
2016,2,1,한국문화자원의이해,27,4
2016,2,1,한국문화자원의이해,28,3
2016,2,1,한국문화자원의이해,29,1
2016,2,1,한국문화자원의이해,30,2
2016,2,1,한국문화자원의이해,31,4
2016,2,1,한국문화자원의이해,32,3
2016,2,1,한국문화자원의이해,33,2
2016,2,1,한국문화자원의이해,34,3
2016,2,1,한국문화자원의이해,35,2
2016,2,1,현대인의여가생활,1,4
2016,2,1,현대인의여가생활,2,3
2016,2,1,현대인의여가생활,3,4
2016,2,1,현대인의여가생활,4,3
2016,2,1,현대인의여가생활,5,3
2016,2,1,현대인의여가생활,6,1
2016,2,1,현대인의여가생활,7,2
2016,2,1,현대인의여가생활,8,3
2016,2,1,현대인의여가생활,9,1
2016,2,1,현대인의여가생활,10,2
2016,2,1,현대인의여가생활,11,4
2016,2,1,현대인의여가생활,12,4
2016,2,1,현대인의여가생활,13,1
2016,2,1,현대인의여가생활,14,4
2016,2,1,현대인의여가생활,15,2
2016,2,1,현대인의여가생활,16,1
2016,2,1,현대인의여가생활,17,2
2016,2,1,현대인의여가생활,18,3
2016,2,1,현대인의여가생활,19,1
2016,2,1,현대인의여가생활,20,2
2016,2,1,현대인의여가생활,21,3
2016,2,1,현대인의여가생활,22,4
2016,2,1,현대인의여가생활,23,4
2016,2,1,현대인의여가생활,24,2
2016,2,1,현대인의여가생활,25,1
2016,2,1,관광경영론,1,3
2016,2,1,관광경영론,2,3
2016,2,1,관광경영론,3,2
2016,2,1,관광경영론,4,4
2016,2,1,관광경영론,5,2
2016,2,1,관광경영론,6,1
2016,2,1,관광경영론,7,1
2016,2,1,관광경영론,8,3
2016,2,1,관광경영론,9,2
2016,2,1,관광경영론,10,3
2016,2,1,관광경영론,11,2
2016,2,1,관광경영론,12,1
2016,2,1,관광경영론,13,4
2016,2,1,관광경영론,14,4
2016,2,1,관광경영론,15,4
2016,2,1,관광경영론,16,2
2016,2,1,관광경영론,17,2
2016,2,1,관광경영론,18,3
2016,2,1,관광경영론,19,1
2016,2,1,관광경영론,20,1
2016,2,1,관광경영론,21,1
2016,2,1,관광경영론,22,3
2016,2,1,관광경영론,23,4
2016,2,1,관광경영론,24,4
2016,2,1,관광경영론,25,2
2016,2,1,관광경영론,26,1
2016,2,1,관광경영론,27,1
2016,2,1,관광경영론,28,1
2016,2,1,관광경영론,29,3
2016,2,1,관광경영론,30,3
2016,2,1,관광경영론,31,4
2016,2,1,관광경영론,32,2
2016,2,1,관광경영론,33,2
2016,2,1,관광경영론,34,4
2016,2,1,관광경영론,35,1
2016,2,1,축산학,1,2
2016,2,1,축산학,2,4
2016,2,1,축산학,3,3
2016,2,1,축산학,4,1
2016,2,1,축산학,5,1
2016,2,1,축산학,6,2
2016,2,1,축산학,7,1
2016,2,1,축산학,8,2
2016,2,1,축산학,9,4
2016,2,1,축산학,10,2
2016,2,1,축산학,11,4
2016,2,1,축산학,12,2
2016,2,1,축산학,13,3
2016,2,1,축산학,14,4
2016,2,1,축산학,15,1
2016,2,1,축산학,16,2
2016,2,1,축산학,17,2
2016,2,1,축산학,18,2
2016,2,1,축산학,19,4
2016,2,1,축산학,20,2
2016,2,1,축산학,21,1
2016,2,1,축산학,22,2
2016,2,1,축산학,23,4
2016,2,1,축산학,24,3
2016,2,1,축산학,25,4
2016,2,1,축산학,26,1
2016,2,1,축산학,27,3
2016,2,1,축산학,28,1
2016,2,1,축산학,29,4
2016,2,1,축산학,30,2
2016,2,1,축산학,31,3
2016,2,1,축산학,32,2
2016,2,1,축산학,33,4
2016,2,1,축산학,34,3
2016,2,1,축산학,35,2
2016,2,1,재배학원론,1,3
2016,2,1,재배학원론,2,2
2016,2,1,재배학원론,3,3
2016,2,1,재배학원론,4,3
2016,2,1,재배학원론,5,2
2016,2,1,재배학원론,6,2
2016,2,1,재배학원론,7,2
2016,2,1,재배학원론,8,4
2016,2,1,재배학원론,9,1
2016,2,1,재배학원론,10,3
2016,2,1,재배학원론,11,3
2016,2,1,재배학원론,12,4
2016,2,1,재배학원론,13,3
2016,2,1,재배학원론,14,4
2016,2,1,재배학원론,15,3
2016,2,1,재배학원론,16,2
2016,2,1,재배학원론,17,3
2016,2,1,재배학원론,18,4
2016,2,1,재배학원론,19,3
2016,2,1,재배학원론,20,1
2016,2,1,재배학원론,21,3
2016,2,1,재배학원론,22,1
2016,2,1,재배학원론,23,2
2016,2,1,재배학원론,24,2
2016,2,1,재배학원론,25,3
2016,2,1,재배학원론,26,2
2016,2,1,재배학원론,27,4
2016,2,1,재배학원론,28,3
2016,2,1,재배학원론,29,2
2016,2,1,재배학원론,30,4
2016,2,1,재배학원론,31,2
2016,2,1,재배학원론,32,1
2016,2,1,재배학원론,33,4
2016,2,1,재배학원론,34,1
2016,2,1,재배학원론,35,1
2016,2,1,의류소재의이해,1,3
2016,2,1,의류소재의이해,2,1
2016,2,1,의류소재의이해,3,4
2016,2,1,의류소재의이해,4,3
2016,2,1,의류소재의이해,5,1
2016,2,1,의류소재의이해,6,4
2016,2,1,의류소재의이해,7,2
2016,2,1,의류소재의이해,8,3
2016,2,1,의류소재의이해,9,1
2016,2,1,의류소재의이해,10,4
2016,2,1,의류소재의이해,11,2
2016,2,1,의류소재의이해,12,4
2016,2,1,의류소재의이해,13,2
2016,2,1,의류소재의이해,14,4
2016,2,1,의류소재의이해,15,1
2016,2,1,의류소재의이해,16,3
2016,2,1,의류소재의이해,17,2
2016,2,1,의류소재의이해,18,2
2016,2,1,의류소재의이해,19,4
2016,2,1,의류소재의이해,20,1
2016,2,1,의류소재의이해,21,3
2016,2,1,의류소재의이해,22,2
2016,2,1,의류소재의이해,23,3
2016,2,1,의류소재의이해,24,3
2016,2,1,의류소재의이해,25,1
2016,2,1,의류소재의이해,26,2
2016,2,1,의류소재의이해,27,4
2016,2,1,의류소재의이해,28,3
2016,2,1,의류소재의이해,29,1
2016,2,1,의류소재의이해,30,2
2016,2,1,의류소재의이해,31,3
2016,2,1,의류소재의이해,32,4
2016,2,1,의류소재의이해,33,2
2016,2,1,의류소재의이해,34,4
2016,2,1,의류소재의이해,35,3
2016,2,1,인간발달,1,1
2016,2,1,인간발달,2,2
2016,2,1,인간발달,3,1
2016,2,1,인간발달,4,4
2016,2,1,인간발달,5,1
2016,2,1,인간발달,6,3
2016,2,1,인간발달,7,4
2016,2,1,인간발달,8,2
2016,2,1,인간발달,9,4
2016,2,1,인간발달,10,1
2016,2,1,인간발달,11,1
2016,2,1,인간발달,12,1
2016,2,1,인간발달,13,3
2016,2,1,인간발달,14,4
2016,2,1,인간발달,15,3
2016,2,1,인간발달,16,2
2016,2,1,인간발달,17,2
2016,2,1,인간발달,18,3
2016,2,1,인간발달,19,4
2016,2,1,인간발달,20,1
2016,2,1,인간발달,21,3
2016,2,1,인간발달,22,3
2016,2,1,인간발달,23,2
2016,2,1,인간발달,24,1
2016,2,1,인간발달,25,1
2016,2,1,인간발달,26,1
2016,2,1,인간발달,27,4
2016,2,1,인간발달,28,2
2016,2,1,인간발달,29,3
2016,2,1,인간발달,30,4
2016,2,1,인간발달,31,4
2016,2,1,인간발달,32,1
2016,2,1,인간발달,33,3
2016,2,1,인간발달,34,2
2016,2,1,인간발달,35,1
2016,2,1,식생활과문화,1,2
2016,2,1,식생활과문화,2,2
2016,2,1,식생활과문화,3,4
2016,2,1,식생활과문화,4,1
2016,2,1,식생활과문화,5,1
2016,2,1,식생활과문화,6,3
2016,2,1,식생활과문화,7,3
2016,2,1,식생활과문화,8,2
2016,2,1,식생활과문화,9,4
2016,2,1,식생활과문화,10,1
2016,2,1,식생활과문화,11,2
2016,2,1,식생활과문화,12,3
2016,2,1,식생활과문화,13,1
2016,2,1,식생활과문화,14,2
2016,2,1,식생활과문화,15,4
2016,2,1,식생활과문화,16,1
2016,2,1,식생활과문화,17,3
2016,2,1,식생활과문화,18,1
2016,2,1,식생활과문화,19,2
2016,2,1,식생활과문화,20,4
2016,2,1,식생활과문화,21,1
2016,2,1,식생활과문화,22,2
2016,2,1,식생활과문화,23,4
2016,2,1,식생활과문화,24,1
2016,2,1,식생활과문화,25,4
2016,2,1,식생활과문화,26,2
2016,2,1,식생활과문화,27,1
2016,2,1,식생활과문화,28,4
2016,2,1,식생활과문화,29,3
2016,2,1,식생활과문화,30,1
2016,2,1,식생활과문화,31,3
2016,2,1,식생활과문화,32,2
2016,2,1,식생활과문화,33,1
2016,2,1,식생활과문화,34,4
2016,2,1,식생활과문화,35,2
2016,2,1,C++프로그래밍,1,3
2016,2,1,C++프로그래밍,2,1
2016,2,1,C++프로그래밍,3,2
2016,2,1,C++프로그래밍,4,4
2016,2,1,C++프로그래밍,5,1
2016,2,1,C++프로그래밍,6,3
2016,2,1,C++프로그래밍,7,3
2016,2,1,C++프로그래밍,8,2
2016,2,1,C++프로그래밍,9,4
2016,2,1,C++프로그래밍,10,3
2016,2,1,C++프로그래밍,11,3
2016,2,1,C++프로그래밍,12,2
2016,2,1,C++프로그래밍,13,4
2016,2,1,C++프로그래밍,14,1
2016,2,1,C++프로그래밍,15,4
2016,2,1,C++프로그래밍,16,2
2016,2,1,C++프로그래밍,17,1
2016,2,1,C++프로그래밍,18,4
2016,2,1,C++프로그래밍,19,1
2016,2,1,C++프로그래밍,20,1
2016,2,1,C++프로그래밍,21,4
2016,2,1,C++프로그래밍,22,3
2016,2,1,C++프로그래밍,23,2
2016,2,1,C++프로그래밍,24,4
2016,2,1,C++프로그래밍,25,2
2016,2,1,컴퓨터과학 개론,1,1
2016,2,1,컴퓨터과학 개론,2,4
2016,2,1,컴퓨터과학 개론,3,2
2016,2,1,컴퓨터과학 개론,4,4
2016,2,1,컴퓨터과학 개론,5,3
2016,2,1,컴퓨터과학 개론,6,2
2016,2,1,컴퓨터과학 개론,7,4
2016,2,1,컴퓨터과학 개론,8,"1,2"
2016,2,1,컴퓨터과학 개론,9,3
2016,2,1,컴퓨터과학 개론,10,3
2016,2,1,컴퓨터과학 개론,11,2
2016,2,1,컴퓨터과학 개론,12,4
2016,2,1,컴퓨터과학 개론,13,1
2016,2,1,컴퓨터과학 개론,14,4
2016,2,1,컴퓨터과학 개론,15,3
2016,2,1,컴퓨터과학 개론,16,1
2016,2,1,컴퓨터과학 개론,17,1
2016,2,1,컴퓨터과학 개론,18,2
2016,2,1,컴퓨터과학 개론,19,3
2016,2,1,컴퓨터과학 개론,20,4
2016,2,1,컴퓨터과학 개론,21,1
2016,2,1,컴퓨터과학 개론,22,1
2016,2,1,컴퓨터과학 개론,23,3
2016,2,1,컴퓨터과학 개론,24,4
2016,2,1,컴퓨터과학 개론,25,1
2016,2,1,컴퓨터과학 개론,26,2
2016,2,1,컴퓨터과학 개론,27,3
2016,2,1,컴퓨터과학 개론,28,2
2016,2,1,컴퓨터과학 개론,29,3
2016,2,1,컴퓨터과학 개론,30,1
2016,2,1,컴퓨터과학 개론,31,3
2016,2,1,컴퓨터과학 개론,32,2
2016,2,1,컴퓨터과학 개론,33,1
2016,2,1,컴퓨터과학 개론,34,3
2016,2,1,컴퓨터과학 개론,35,4
2016,2,1,멀티미디어시스템,1,2
2016,2,1,멀티미디어시스템,2,1
2016,2,1,멀티미디어시스템,3,4
2016,2,1,멀티미디어시스템,4,3
2016,2,1,멀티미디어시스템,5,4
2016,2,1,멀티미디어시스템,6,3
2016,2,1,멀티미디어시스템,7,2
2016,2,1,멀티미디어시스템,8,1
2016,2,1,멀티미디어시스템,9,"1,2"
2016,2,1,멀티미디어시스템,10,3
2016,2,1,멀티미디어시스템,11,3
2016,2,1,멀티미디어시스템,12,2
2016,2,1,멀티미디어시스템,13,2
2016,2,1,멀티미디어시스템,14,2
2016,2,1,멀티미디어시스템,15,4
2016,2,1,멀티미디어시스템,16,2
2016,2,1,멀티미디어시스템,17,3
2016,2,1,멀티미디어시스템,18,2
2016,2,1,멀티미디어시스템,19,2
2016,2,1,멀티미디어시스템,20,4
2016,2,1,멀티미디어시스템,21,4
2016,2,1,멀티미디어시스템,22,3
2016,2,1,멀티미디어시스템,23,4
2016,2,1,멀티미디어시스템,24,3
2016,2,1,멀티미디어시스템,25,4
2016,2,1,멀티미디어시스템,26,4
2016,2,1,멀티미디어시스템,27,4
2016,2,1,멀티미디어시스템,28,4
2016,2,1,멀티미디어시스템,29,2
2016,2,1,멀티미디어시스템,30,1
2016,2,1,멀티미디어시스템,31,3
2016,2,1,멀티미디어시스템,32,1
2016,2,1,멀티미디어시스템,33,1
2016,2,1,멀티미디어시스템,34,4
2016,2,1,멀티미디어시스템,35,3
2016,2,1,생활과통계,1,3
2016,2,1,생활과통계,2,1
2016,2,1,생활과통계,3,4
2016,2,1,생활과통계,4,2
2016,2,1,생활과통계,5,3
2016,2,1,생활과통계,6,2
2016,2,1,생활과통계,7,3
2016,2,1,생활과통계,8,1
2016,2,1,생활과통계,9,"1,2,3,4"
2016,2,1,생활과통계,10,2
2016,2,1,생활과통계,11,1
2016,2,1,생활과통계,12,3
2016,2,1,생활과통계,13,2
2016,2,1,생활과통계,14,3
2016,2,1,생활과통계,15,1
2016,2,1,생활과통계,16,2
2016,2,1,생활과통계,17,4
2016,2,1,생활과통계,18,3
2016,2,1,생활과통계,19,1
2016,2,1,생활과통계,20,2
2016,2,1,생활과통계,21,4
2016,2,1,생활과통계,22,2
2016,2,1,생활과통계,23,4
2016,2,1,생활과통계,24,3
2016,2,1,생활과통계,25,2
2016,2,1,R컴퓨팅,1,3
2016,2,1,R컴퓨팅,2,4
2016,2,1,R컴퓨팅,3,1
2016,2,1,R컴퓨팅,4,1
2016,2,1,R컴퓨팅,5,4
2016,2,1,R컴퓨팅,6,3
2016,2,1,R컴퓨팅,7,1
2016,2,1,R컴퓨팅,8,3
2016,2,1,R컴퓨팅,9,1
2016,2,1,R컴퓨팅,10,3
2016,2,1,R컴퓨팅,11,4
2016,2,1,R컴퓨팅,12,2
2016,2,1,R컴퓨팅,13,4
2016,2,1,R컴퓨팅,14,3
2016,2,1,R컴퓨팅,15,4
2016,2,1,R컴퓨팅,16,3
2016,2,1,R컴퓨팅,17,2
2016,2,1,R컴퓨팅,18,4
2016,2,1,R컴퓨팅,19,2
2016,2,1,R컴퓨팅,20,3
2016,2,1,R컴퓨팅,21,4
2016,2,1,R컴퓨팅,22,3
2016,2,1,R컴퓨팅,23,2
2016,2,1,R컴퓨팅,24,4
2016,2,1,R컴퓨팅,25,1
2016,2,1,환경과대체에너지,1,1
2016,2,1,환경과대체에너지,2,2
2016,2,1,환경과대체에너지,3,1
2016,2,1,환경과대체에너지,4,2
2016,2,1,환경과대체에너지,5,4
2016,2,1,환경과대체에너지,6,2
2016,2,1,환경과대체에너지,7,3
2016,2,1,환경과대체에너지,8,4
2016,2,1,환경과대체에너지,9,1
2016,2,1,환경과대체에너지,10,2
2016,2,1,환경과대체에너지,11,3
2016,2,1,환경과대체에너지,12,3
2016,2,1,환경과대체에너지,13,2
2016,2,1,환경과대체에너지,14,3
2016,2,1,환경과대체에너지,15,4
2016,2,1,환경과대체에너지,16,4
2016,2,1,환경과대체에너지,17,2
2016,2,1,환경과대체에너지,18,3
2016,2,1,환경과대체에너지,19,1
2016,2,1,환경과대체에너지,20,1
2016,2,1,환경과대체에너지,21,3
2016,2,1,환경과대체에너지,22,1
2016,2,1,환경과대체에너지,23,4
2016,2,1,환경과대체에너지,24,2
2016,2,1,환경과대체에너지,25,2
2016,2,1,환경과대체에너지,26,1
2016,2,1,환경과대체에너지,27,2
2016,2,1,환경과대체에너지,28,2
2016,2,1,환경과대체에너지,29,2
2016,2,1,환경과대체에너지,30,1
2016,2,1,환경과대체에너지,31,4
2016,2,1,환경과대체에너지,32,2
2016,2,1,환경과대체에너지,33,1
2016,2,1,환경과대체에너지,34,3
2016,2,1,환경과대체에너지,35,4
2016,2,1,환경화학,1,2
2016,2,1,환경화학,2,1
2016,2,1,환경화학,3,3
2016,2,1,환경화학,4,2
2016,2,1,환경화학,5,4
2016,2,1,환경화학,6,2
2016,2,1,환경화학,7,3
2016,2,1,환경화학,8,4
2016,2,1,환경화학,9,4
2016,2,1,환경화학,10,1
2016,2,1,환경화학,11,3
2016,2,1,환경화학,12,4
2016,2,1,환경화학,13,1
2016,2,1,환경화학,14,4
2016,2,1,환경화학,15,1
2016,2,1,환경화학,16,2
2016,2,1,환경화학,17,4
2016,2,1,환경화학,18,3
2016,2,1,환경화학,19,3
2016,2,1,환경화학,20,1
2016,2,1,환경화학,21,2
2016,2,1,환경화학,22,1
2016,2,1,환경화학,23,3
2016,2,1,환경화학,24,2
2016,2,1,환경화학,25,4
2016,2,1,보건행정,1,2
2016,2,1,보건행정,2,2
2016,2,1,보건행정,3,1
2016,2,1,보건행정,4,4
2016,2,1,보건행정,5,3
2016,2,1,보건행정,6,3
2016,2,1,보건행정,7,1
2016,2,1,보건행정,8,4
2016,2,1,보건행정,9,1
2016,2,1,보건행정,10,3
2016,2,1,보건행정,11,4
2016,2,1,보건행정,12,2
2016,2,1,보건행정,13,4
2016,2,1,보건행정,14,3
2016,2,1,보건행정,15,4
2016,2,1,보건행정,16,2
2016,2,1,보건행정,17,2
2016,2,1,보건행정,18,3
2016,2,1,보건행정,19,1
2016,2,1,보건행정,20,1
2016,2,1,보건행정,21,2
2016,2,1,보건행정,22,4
2016,2,1,보건행정,23,3
2016,2,1,보건행정,24,4
2016,2,1,보건행정,25,1
2016,2,1,보건행정,26,2
2016,2,1,보건행정,27,1
2016,2,1,보건행정,28,3
2016,2,1,보건행정,29,2
2016,2,1,보건행정,30,1
2016,2,1,보건행정,31,3
2016,2,1,보건행정,32,4
2016,2,1,보건행정,33,4
2016,2,1,보건행정,34,2
2016,2,1,보건행정,35,4
2016,2,1,인간행동과사회환경,1,1
2016,2,1,인간행동과사회환경,2,2
2016,2,1,인간행동과사회환경,3,2
2016,2,1,인간행동과사회환경,4,2
2016,2,1,인간행동과사회환경,5,3
2016,2,1,인간행동과사회환경,6,2
2016,2,1,인간행동과사회환경,7,2
2016,2,1,인간행동과사회환경,8,1
2016,2,1,인간행동과사회환경,9,4
2016,2,1,인간행동과사회환경,10,1
2016,2,1,인간행동과사회환경,11,4
2016,2,1,인간행동과사회환경,12,2
2016,2,1,인간행동과사회환경,13,3
2016,2,1,인간행동과사회환경,14,3
2016,2,1,인간행동과사회환경,15,"2,4"
2016,2,1,인간행동과사회환경,16,2
2016,2,1,인간행동과사회환경,17,"1,2"
2016,2,1,인간행동과사회환경,18,1
2016,2,1,인간행동과사회환경,19,2
2016,2,1,인간행동과사회환경,20,1
2016,2,1,인간행동과사회환경,21,3
2016,2,1,인간행동과사회환경,22,3
2016,2,1,인간행동과사회환경,23,4
2016,2,1,인간행동과사회환경,24,1
2016,2,1,인간행동과사회환경,25,3
2016,2,1,인간행동과사회환경,26,2
2016,2,1,인간행동과사회환경,27,"1,2"
2016,2,1,인간행동과사회환경,28,3
2016,2,1,인간행동과사회환경,29,1
2016,2,1,인간행동과사회환경,30,1
2016,2,1,인간행동과사회환경,31,3
2016,2,1,인간행동과사회환경,32,3
2016,2,1,인간행동과사회환경,33,1
2016,2,1,인간행동과사회환경,34,3
2016,2,1,인간행동과사회환경,35,3
2016,2,1,시민교육론,1,2
2016,2,1,시민교육론,2,4
2016,2,1,시민교육론,3,1
2016,2,1,시민교육론,4,2
2016,2,1,시민교육론,5,2
2016,2,1,시민교육론,6,3
2016,2,1,시민교육론,7,4
2016,2,1,시민교육론,8,2
2016,2,1,시민교육론,9,1
2016,2,1,시민교육론,10,1
2016,2,1,시민교육론,11,3
2016,2,1,시민교육론,12,3
2016,2,1,시민교육론,13,4
2016,2,1,시민교육론,14,3
2016,2,1,시민교육론,15,2
2016,2,1,시민교육론,16,3
2016,2,1,시민교육론,17,4
2016,2,1,시민교육론,18,1
2016,2,1,시민교육론,19,4
2016,2,1,시민교육론,20,1
2016,2,1,시민교육론,21,4
2016,2,1,시민교육론,22,1
2016,2,1,시민교육론,23,3
2016,2,1,시민교육론,24,2
2016,2,1,시민교육론,25,4
2016,2,1,시민교육론,26,3
2016,2,1,시민교육론,27,4
2016,2,1,시민교육론,28,1
2016,2,1,시민교육론,29,2
2016,2,1,시민교육론,30,4
2016,2,1,시민교육론,31,1
2016,2,1,시민교육론,32,4
2016,2,1,시민교육론,33,1
2016,2,1,시민교육론,34,3
2016,2,1,시민교육론,35,3
2016,2,1,원격교육론,1,3
2016,2,1,원격교육론,2,2
2016,2,1,원격교육론,3,4
2016,2,1,원격교육론,4,2
2016,2,1,원격교육론,5,3
2016,2,1,원격교육론,6,4
2016,2,1,원격교육론,7,1
2016,2,1,원격교육론,8,2
2016,2,1,원격교육론,9,4
2016,2,1,원격교육론,10,4
2016,2,1,원격교육론,11,3
2016,2,1,원격교육론,12,1
2016,2,1,원격교육론,13,1
2016,2,1,원격교육론,14,4
2016,2,1,원격교육론,15,2
2016,2,1,원격교육론,16,1
2016,2,1,원격교육론,17,3
2016,2,1,원격교육론,18,2
2016,2,1,원격교육론,19,4
2016,2,1,원격교육론,20,4
2016,2,1,원격교육론,21,1
2016,2,1,원격교육론,22,3
2016,2,1,원격교육론,23,2
2016,2,1,원격교육론,24,3
2016,2,1,원격교육론,25,1
2016,2,1,원격교육론,26,4
2016,2,1,원격교육론,27,1
2016,2,1,원격교육론,28,2
2016,2,1,원격교육론,29,1
2016,2,1,원격교육론,30,3
2016,2,1,원격교육론,31,2
2016,2,1,원격교육론,32,1
2016,2,1,원격교육론,33,1
2016,2,1,원격교육론,34,4
2016,2,1,원격교육론,35,3
2016,2,1,놀이지도,1,3
2016,2,1,놀이지도,2,2
2016,2,1,놀이지도,3,1
2016,2,1,놀이지도,4,4
2016,2,1,놀이지도,5,4
2016,2,1,놀이지도,6,1
2016,2,1,놀이지도,7,2
2016,2,1,놀이지도,8,3
2016,2,1,놀이지도,9,4
2016,2,1,놀이지도,10,1
2016,2,1,놀이지도,11,2
2016,2,1,놀이지도,12,4
2016,2,1,놀이지도,13,3
2016,2,1,놀이지도,14,2
2016,2,1,놀이지도,15,1
2016,2,1,놀이지도,16,2
2016,2,1,놀이지도,17,4
2016,2,1,놀이지도,18,3
2016,2,1,놀이지도,19,2
2016,2,1,놀이지도,20,1
2016,2,1,놀이지도,21,3
2016,2,1,놀이지도,22,4
2016,2,1,놀이지도,23,1
2016,2,1,놀이지도,24,2
2016,2,1,놀이지도,25,2
2016,2,1,놀이지도,26,3
2016,2,1,놀이지도,27,3
2016,2,1,놀이지도,28,4
2016,2,1,놀이지도,29,3
2016,2,1,놀이지도,30,2
2016,2,1,놀이지도,31,1
2016,2,1,놀이지도,32,3
2016,2,1,놀이지도,33,1
2016,2,1,놀이지도,34,4
2016,2,1,놀이지도,35,1
2016,2,1,정신건강,1,4
2016,2,1,정신건강,2,1
2016,2,1,정신건강,3,2
2016,2,1,정신건강,4,2
2016,2,1,정신건강,5,3
2016,2,1,정신건강,6,4
2016,2,1,정신건강,7,3
2016,2,1,정신건강,8,1
2016,2,1,정신건강,9,2
2016,2,1,정신건강,10,4
2016,2,1,정신건강,11,3
2016,2,1,정신건강,12,2
2016,2,1,정신건강,13,4
2016,2,1,정신건강,14,1
2016,2,1,정신건강,15,3
2016,2,1,정신건강,16,3
2016,2,1,정신건강,17,1
2016,2,1,정신건강,18,3
2016,2,1,정신건강,19,2
2016,2,1,정신건강,20,2
2016,2,1,정신건강,21,3
2016,2,1,정신건강,22,1
2016,2,1,정신건강,23,2
2016,2,1,정신건강,24,4
2016,2,1,정신건강,25,3
2016,2,1,정신건강,26,1
2016,2,1,정신건강,27,1
2016,2,1,정신건강,28,4
2016,2,1,정신건강,29,1
2016,2,1,정신건강,30,4
2016,2,1,정신건강,31,3
2016,2,1,정신건강,32,1
2016,2,1,정신건강,33,2
2016,2,1,정신건강,34,2
2016,2,1,정신건강,35,4
2016,2,1,미술의이해와감상,1,4
2016,2,1,미술의이해와감상,2,2
2016,2,1,미술의이해와감상,3,3
2016,2,1,미술의이해와감상,4,1
2016,2,1,미술의이해와감상,5,3
2016,2,1,미술의이해와감상,6,4
2016,2,1,미술의이해와감상,7,2
2016,2,1,미술의이해와감상,8,3
2016,2,1,미술의이해와감상,9,1
2016,2,1,미술의이해와감상,10,2
2016,2,1,미술의이해와감상,11,4
2016,2,1,미술의이해와감상,12,3
2016,2,1,미술의이해와감상,13,1
2016,2,1,미술의이해와감상,14,2
2016,2,1,미술의이해와감상,15,2
2016,2,1,미술의이해와감상,16,1
2016,2,1,미술의이해와감상,17,3
2016,2,1,미술의이해와감상,18,1
2016,2,1,미술의이해와감상,19,3
2016,2,1,미술의이해와감상,20,4
2016,2,1,미술의이해와감상,21,2
2016,2,1,미술의이해와감상,22,3
2016,2,1,미술의이해와감상,23,2
2016,2,1,미술의이해와감상,24,1
2016,2,1,미술의이해와감상,25,4
2016,2,1,미술의이해와감상,26,3
2016,2,1,미술의이해와감상,27,2
2016,2,1,미술의이해와감상,28,3
2016,2,1,미술의이해와감상,29,3
2016,2,1,미술의이해와감상,30,2
2016,2,1,미술의이해와감상,31,2
2016,2,1,미술의이해와감상,32,4
2016,2,1,미술의이해와감상,33,3
2016,2,1,미술의이해와감상,34,1
2016,2,1,미술의이해와감상,35,1
2016,2,1,역사의현장을찾아서,1,1
2016,2,1,역사의현장을찾아서,2,3
2016,2,1,역사의현장을찾아서,3,2
2016,2,1,역사의현장을찾아서,4,3
2016,2,1,역사의현장을찾아서,5,4
2016,2,1,역사의현장을찾아서,6,1
2016,2,1,역사의현장을찾아서,7,1
2016,2,1,역사의현장을찾아서,8,4
2016,2,1,역사의현장을찾아서,9,3
2016,2,1,역사의현장을찾아서,10,1
2016,2,1,역사의현장을찾아서,11,4
2016,2,1,역사의현장을찾아서,12,2
2016,2,1,역사의현장을찾아서,13,4
2016,2,1,역사의현장을찾아서,14,4
2016,2,1,역사의현장을찾아서,15,3
2016,2,1,역사의현장을찾아서,16,4
2016,2,1,역사의현장을찾아서,17,4
2016,2,1,역사의현장을찾아서,18,4
2016,2,1,역사의현장을찾아서,19,1
2016,2,1,역사의현장을찾아서,20,2
2016,2,1,역사의현장을찾아서,21,1
2016,2,1,역사의현장을찾아서,22,4
2016,2,1,역사의현장을찾아서,23,4
2016,2,1,역사의현장을찾아서,24,2
2016,2,1,역사의현장을찾아서,25,1
2016,2,1,역사의현장을찾아서,26,4
2016,2,1,역사의현장을찾아서,27,1
2016,2,1,역사의현장을찾아서,28,3
2016,2,1,역사의현장을찾아서,29,4
2016,2,1,역사의현장을찾아서,30,3
2016,2,1,역사의현장을찾아서,31,3
2016,2,1,역사의현장을찾아서,32,3
2016,2,1,역사의현장을찾아서,33,3
2016,2,1,역사의현장을찾아서,34,1
2016,2,1,역사의현장을찾아서,35,1
2016,2,1,독서의즐거움,1,1
2016,2,1,독서의즐거움,2,4
2016,2,1,독서의즐거움,3,4
2016,2,1,독서의즐거움,4,3
2016,2,1,독서의즐거움,5,3
2016,2,1,독서의즐거움,6,2
2016,2,1,독서의즐거움,7,3
2016,2,1,독서의즐거움,8,4
2016,2,1,독서의즐거움,9,2
2016,2,1,독서의즐거움,10,3
2016,2,1,독서의즐거움,11,3
2016,2,1,독서의즐거움,12,1
2016,2,1,독서의즐거움,13,3
2016,2,1,독서의즐거움,14,4
2016,2,1,독서의즐거움,15,2
2016,2,1,독서의즐거움,16,1
2016,2,1,독서의즐거움,17,3
2016,2,1,독서의즐거움,18,1
2016,2,1,독서의즐거움,19,2
2016,2,1,독서의즐거움,20,4
2016,2,1,독서의즐거움,21,3
2016,2,1,독서의즐거움,22,2
2016,2,1,독서의즐거움,23,1
2016,2,1,독서의즐거움,24,3
2016,2,1,독서의즐거움,25,3
2016,2,1,독서의즐거움,26,4
2016,2,1,독서의즐거움,27,3
2016,2,1,독서의즐거움,28,1
2016,2,1,독서의즐거움,29,1
2016,2,1,독서의즐거움,30,2
2016,2,1,독서의즐거움,31,3
2016,2,1,독서의즐거움,32,1
2016,2,1,독서의즐거움,33,4
2016,2,1,독서의즐거움,34,2
2016,2,1,독서의즐거움,35,2
2016,2,1,청소년과학교교육,1,4
2016,2,1,청소년과학교교육,2,3
2016,2,1,청소년과학교교육,3,4
2016,2,1,청소년과학교교육,4,2
2016,2,1,청소년과학교교육,5,4
2016,2,1,청소년과학교교육,6,2
2016,2,1,청소년과학교교육,7,1
2016,2,1,청소년과학교교육,8,1
2016,2,1,청소년과학교교육,9,1
2016,2,1,청소년과학교교육,10,4
2016,2,1,청소년과학교교육,11,2
2016,2,1,청소년과학교교육,12,3
2016,2,1,청소년과학교교육,13,2
2016,2,1,청소년과학교교육,14,3
2016,2,1,청소년과학교교육,15,1
2016,2,1,청소년과학교교육,16,4
2016,2,1,청소년과학교교육,17,2
2016,2,1,청소년과학교교육,18,"1,2,3,4"
2016,2,1,청소년과학교교육,19,1
2016,2,1,청소년과학교교육,20,"1,3"
2016,2,1,청소년과학교교육,21,2
2016,2,1,청소년과학교교육,22,2
2016,2,1,청소년과학교교육,23,4
2016,2,1,청소년과학교교육,24,2
2016,2,1,청소년과학교교육,25,3
2016,2,1,청소년과학교교육,26,1
2016,2,1,청소년과학교교육,27,1
2016,2,1,청소년과학교교육,28,4
2016,2,1,청소년과학교교육,29,3
2016,2,1,청소년과학교교육,30,3
2016,2,1,청소년과학교교육,31,2
2016,2,1,청소년과학교교육,32,4
2016,2,1,청소년과학교교육,33,2
2016,2,1,청소년과학교교육,34,4
2016,2,1,청소년과학교교육,35,4
2016,2,1,청소년과부모,1,3
2016,2,1,청소년과부모,2,2
2016,2,1,청소년과부모,3,3
2016,2,1,청소년과부모,4,1
2016,2,1,청소년과부모,5,2
2016,2,1,청소년과부모,6,4
2016,2,1,청소년과부모,7,4
2016,2,1,청소년과부모,8,2
2016,2,1,청소년과부모,9,3
2016,2,1,청소년과부모,10,3
2016,2,1,청소년과부모,11,1
2016,2,1,청소년과부모,12,4
2016,2,1,청소년과부모,13,3
2016,2,1,청소년과부모,14,2
2016,2,1,청소년과부모,15,4
2016,2,1,청소년과부모,16,3
2016,2,1,청소년과부모,17,3
2016,2,1,청소년과부모,18,4
2016,2,1,청소년과부모,19,4
2016,2,1,청소년과부모,20,4
2016,2,1,청소년과부모,21,3
2016,2,1,청소년과부모,22,1
2016,2,1,청소년과부모,23,4
2016,2,1,청소년과부모,24,1
2016,2,1,청소년과부모,25,3
2016,2,1,청소년과부모,26,2
2016,2,1,청소년과부모,27,4
2016,2,1,청소년과부모,28,"1,2,3,4"
2016,2,1,청소년과부모,29,4
2016,2,1,청소년과부모,30,2
2016,2,1,청소년과부모,31,2
2016,2,1,청소년과부모,32,2
2016,2,1,청소년과부모,33,4
2016,2,1,청소년과부모,34,2
2016,2,1,청소년과부모,35,4
2016,2,2,철학의이해,1,4
2016,2,2,철학의이해,2,3
2016,2,2,철학의이해,3,4
2016,2,2,철학의이해,4,2
2016,2,2,철학의이해,5,4
2016,2,2,철학의이해,6,3
2016,2,2,철학의이해,7,3
2016,2,2,철학의이해,8,2
2016,2,2,철학의이해,9,1
2016,2,2,철학의이해,10,2
2016,2,2,철학의이해,11,3
2016,2,2,철학의이해,12,4
2016,2,2,철학의이해,13,2
2016,2,2,철학의이해,14,4
2016,2,2,철학의이해,15,3
2016,2,2,철학의이해,16,1
2016,2,2,철학의이해,17,3
2016,2,2,철학의이해,18,4
2016,2,2,철학의이해,19,2
2016,2,2,철학의이해,20,3
2016,2,2,철학의이해,21,1
2016,2,2,철학의이해,22,4
2016,2,2,철학의이해,23,3
2016,2,2,철학의이해,24,1
2016,2,2,철학의이해,25,"1,2,3,4"
2016,2,2,철학의이해,26,1
2016,2,2,철학의이해,27,1
2016,2,2,철학의이해,28,2
2016,2,2,철학의이해,29,4
2016,2,2,철학의이해,30,4
2016,2,2,철학의이해,31,2
2016,2,2,철학의이해,32,3
2016,2,2,철학의이해,33,4
2016,2,2,철학의이해,34,2
2016,2,2,철학의이해,35,3
2016,2,2,문학의이해,1,2
2016,2,2,문학의이해,2,1
2016,2,2,문학의이해,3,4
2016,2,2,문학의이해,4,4
2016,2,2,문학의이해,5,3
2016,2,2,문학의이해,6,2
2016,2,2,문학의이해,7,3
2016,2,2,문학의이해,8,1
2016,2,2,문학의이해,9,2
2016,2,2,문학의이해,10,1
2016,2,2,문학의이해,11,4
2016,2,2,문학의이해,12,3
2016,2,2,문학의이해,13,2
2016,2,2,문학의이해,14,1
2016,2,2,문학의이해,15,2
2016,2,2,문학의이해,16,1
2016,2,2,문학의이해,17,3
2016,2,2,문학의이해,18,1
2016,2,2,문학의이해,19,"1,2,3,4"
2016,2,2,문학의이해,20,2
2016,2,2,문학의이해,21,4
2016,2,2,문학의이해,22,3
2016,2,2,문학의이해,23,1
2016,2,2,문학의이해,24,4
2016,2,2,문학의이해,25,1
2016,2,2,문학의이해,26,3
2016,2,2,문학의이해,27,4
2016,2,2,문학의이해,28,3
2016,2,2,문학의이해,29,1
2016,2,2,문학의이해,30,4
2016,2,2,문학의이해,31,2
2016,2,2,문학의이해,32,3
2016,2,2,문학의이해,33,2
2016,2,2,문학의이해,34,1
2016,2,2,문학의이해,35,2
2016,2,2,취미와예술,1,2
2016,2,2,취미와예술,2,4
2016,2,2,취미와예술,3,3
2016,2,2,취미와예술,4,1
2016,2,2,취미와예술,5,4
2016,2,2,취미와예술,6,1
2016,2,2,취미와예술,7,3
2016,2,2,취미와예술,8,4
2016,2,2,취미와예술,9,3
2016,2,2,취미와예술,10,2
2016,2,2,취미와예술,11,3
2016,2,2,취미와예술,12,1
2016,2,2,취미와예술,13,1
2016,2,2,취미와예술,14,2
2016,2,2,취미와예술,15,1
2016,2,2,취미와예술,16,2
2016,2,2,취미와예술,17,1
2016,2,2,취미와예술,18,3
2016,2,2,취미와예술,19,4
2016,2,2,취미와예술,20,2
2016,2,2,취미와예술,21,4
2016,2,2,취미와예술,22,1
2016,2,2,취미와예술,23,3
2016,2,2,취미와예술,24,2
2016,2,2,취미와예술,25,4
2016,2,2,취미와예술,26,3
2016,2,2,취미와예술,27,3
2016,2,2,취미와예술,28,2
2016,2,2,취미와예술,29,4
2016,2,2,취미와예술,30,1
2016,2,2,취미와예술,31,2
2016,2,2,취미와예술,32,2
2016,2,2,취미와예술,33,3
2016,2,2,취미와예술,34,1
2016,2,2,취미와예술,35,3
2016,2,2,수학의이해,1,1
2016,2,2,수학의이해,2,3
2016,2,2,수학의이해,3,4
2016,2,2,수학의이해,4,2
2016,2,2,수학의이해,5,3
2016,2,2,수학의이해,6,3
2016,2,2,수학의이해,7,4
2016,2,2,수학의이해,8,4
2016,2,2,수학의이해,9,"1,2,3,4"
2016,2,2,수학의이해,10,3
2016,2,2,수학의이해,11,2
2016,2,2,수학의이해,12,4
2016,2,2,수학의이해,13,4
2016,2,2,수학의이해,14,3
2016,2,2,수학의이해,15,"1,2,3,4"
2016,2,2,수학의이해,16,1
2016,2,2,수학의이해,17,2
2016,2,2,수학의이해,18,4
2016,2,2,수학의이해,19,1
2016,2,2,수학의이해,20,4
2016,2,2,수학의이해,21,2
2016,2,2,수학의이해,22,3
2016,2,2,수학의이해,23,"1,2,3,4"
2016,2,2,수학의이해,24,3
2016,2,2,수학의이해,25,1
2016,2,2,현대소설론,1,3
2016,2,2,현대소설론,2,2
2016,2,2,현대소설론,3,2
2016,2,2,현대소설론,4,3
2016,2,2,현대소설론,5,1
2016,2,2,현대소설론,6,3
2016,2,2,현대소설론,7,3
2016,2,2,현대소설론,8,4
2016,2,2,현대소설론,9,1
2016,2,2,현대소설론,10,4
2016,2,2,현대소설론,11,4
2016,2,2,현대소설론,12,2
2016,2,2,현대소설론,13,1
2016,2,2,현대소설론,14,2
2016,2,2,현대소설론,15,1
2016,2,2,현대소설론,16,2
2016,2,2,현대소설론,17,2
2016,2,2,현대소설론,18,1
2016,2,2,현대소설론,19,3
2016,2,2,현대소설론,20,4
2016,2,2,현대소설론,21,3
2016,2,2,현대소설론,22,1
2016,2,2,현대소설론,23,1
2016,2,2,현대소설론,24,4
2016,2,2,현대소설론,25,3
2016,2,2,현대소설론,26,1
2016,2,2,현대소설론,27,2
2016,2,2,현대소설론,28,3
2016,2,2,현대소설론,29,3
2016,2,2,현대소설론,30,2
2016,2,2,현대소설론,31,3
2016,2,2,현대소설론,32,3
2016,2,2,현대소설론,33,2
2016,2,2,현대소설론,34,1
2016,2,2,현대소설론,35,4
2016,2,2,고전시가강독,1,3
2016,2,2,고전시가강독,2,3
2016,2,2,고전시가강독,3,4
2016,2,2,고전시가강독,4,2
2016,2,2,고전시가강독,5,1
2016,2,2,고전시가강독,6,1
2016,2,2,고전시가강독,7,2
2016,2,2,고전시가강독,8,1
2016,2,2,고전시가강독,9,2
2016,2,2,고전시가강독,10,2
2016,2,2,고전시가강독,11,3
2016,2,2,고전시가강독,12,3
2016,2,2,고전시가강독,13,1
2016,2,2,고전시가강독,14,3
2016,2,2,고전시가강독,15,4
2016,2,2,고전시가강독,16,2
2016,2,2,고전시가강독,17,4
2016,2,2,고전시가강독,18,2
2016,2,2,고전시가강독,19,2
2016,2,2,고전시가강독,20,1
2016,2,2,고전시가강독,21,1
2016,2,2,고전시가강독,22,2
2016,2,2,고전시가강독,23,3
2016,2,2,고전시가강독,24,3
2016,2,2,고전시가강독,25,3
2016,2,2,고전시가강독,26,1
2016,2,2,고전시가강독,27,1
2016,2,2,고전시가강독,28,2
2016,2,2,고전시가강독,29,1
2016,2,2,고전시가강독,30,2
2016,2,2,고전시가강독,31,1
2016,2,2,고전시가강독,32,3
2016,2,2,고전시가강독,33,3
2016,2,2,고전시가강독,34,3
2016,2,2,고전시가강독,35,3
2016,2,2,맞춤법과표준어,1,1
2016,2,2,맞춤법과표준어,2,3
2016,2,2,맞춤법과표준어,3,2
2016,2,2,맞춤법과표준어,4,3
2016,2,2,맞춤법과표준어,5,1
2016,2,2,맞춤법과표준어,6,4
2016,2,2,맞춤법과표준어,7,2
2016,2,2,맞춤법과표준어,8,3
2016,2,2,맞춤법과표준어,9,4
2016,2,2,맞춤법과표준어,10,2
2016,2,2,맞춤법과표준어,11,2
2016,2,2,맞춤법과표준어,12,3
2016,2,2,맞춤법과표준어,13,3
2016,2,2,맞춤법과표준어,14,4
2016,2,2,맞춤법과표준어,15,4
2016,2,2,맞춤법과표준어,16,1
2016,2,2,맞춤법과표준어,17,1
2016,2,2,맞춤법과표준어,18,3
2016,2,2,맞춤법과표준어,19,2
2016,2,2,맞춤법과표준어,20,4
2016,2,2,맞춤법과표준어,21,2
2016,2,2,맞춤법과표준어,22,1
2016,2,2,맞춤법과표준어,23,3
2016,2,2,맞춤법과표준어,24,3
2016,2,2,맞춤법과표준어,25,1
2016,2,2,맞춤법과표준어,26,2
2016,2,2,맞춤법과표준어,27,4
2016,2,2,맞춤법과표준어,28,2
2016,2,2,맞춤법과표준어,29,3
2016,2,2,맞춤법과표준어,30,1
2016,2,2,맞춤법과표준어,31,4
2016,2,2,맞춤법과표준어,32,1
2016,2,2,맞춤법과표준어,33,2
2016,2,2,맞춤법과표준어,34,3
2016,2,2,맞춤법과표준어,35,4
2016,2,2,드라마와영어듣기,1,4
2016,2,2,드라마와영어듣기,2,2
2016,2,2,드라마와영어듣기,3,1
2016,2,2,드라마와영어듣기,4,3
2016,2,2,드라마와영어듣기,5,3
2016,2,2,드라마와영어듣기,6,2
2016,2,2,드라마와영어듣기,7,3
2016,2,2,드라마와영어듣기,8,4
2016,2,2,드라마와영어듣기,9,4
2016,2,2,드라마와영어듣기,10,3
2016,2,2,드라마와영어듣기,11,1
2016,2,2,드라마와영어듣기,12,2
2016,2,2,드라마와영어듣기,13,4
2016,2,2,드라마와영어듣기,14,1
2016,2,2,드라마와영어듣기,15,2
2016,2,2,드라마와영어듣기,16,2
2016,2,2,드라마와영어듣기,17,2
2016,2,2,드라마와영어듣기,18,1
2016,2,2,드라마와영어듣기,19,2
2016,2,2,드라마와영어듣기,20,2
2016,2,2,드라마와영어듣기,21,1
2016,2,2,드라마와영어듣기,22,4
2016,2,2,드라마와영어듣기,23,1
2016,2,2,드라마와영어듣기,24,4
2016,2,2,드라마와영어듣기,25,4
2016,2,2,드라마와영어듣기,26,4
2016,2,2,드라마와영어듣기,27,2
2016,2,2,드라마와영어듣기,28,3
2016,2,2,드라마와영어듣기,29,1
2016,2,2,드라마와영어듣기,30,4
2016,2,2,드라마와영어듣기,31,1
2016,2,2,드라마와영어듣기,32,4
2016,2,2,드라마와영어듣기,33,3
2016,2,2,드라마와영어듣기,34,2
2016,2,2,드라마와영어듣기,35,1
2016,2,2,영미단편소설,1,2
2016,2,2,영미단편소설,2,3
2016,2,2,영미단편소설,3,1
2016,2,2,영미단편소설,4,4
2016,2,2,영미단편소설,5,3
2016,2,2,영미단편소설,6,3
2016,2,2,영미단편소설,7,2
2016,2,2,영미단편소설,8,4
2016,2,2,영미단편소설,9,1
2016,2,2,영미단편소설,10,1
2016,2,2,영미단편소설,11,2
2016,2,2,영미단편소설,12,4
2016,2,2,영미단편소설,13,3
2016,2,2,영미단편소설,14,2
2016,2,2,영미단편소설,15,4
2016,2,2,영미단편소설,16,2
2016,2,2,영미단편소설,17,1
2016,2,2,영미단편소설,18,3
2016,2,2,영미단편소설,19,1
2016,2,2,영미단편소설,20,3
2016,2,2,영미단편소설,21,4
2016,2,2,영미단편소설,22,2
2016,2,2,영미단편소설,23,1
2016,2,2,영미단편소설,24,4
2016,2,2,영미단편소설,25,1
2016,2,2,영미단편소설,26,3
2016,2,2,영미단편소설,27,4
2016,2,2,영미단편소설,28,1
2016,2,2,영미단편소설,29,2
2016,2,2,영미단편소설,30,1
2016,2,2,영미단편소설,31,1
2016,2,2,영미단편소설,32,3
2016,2,2,영미단편소설,33,2
2016,2,2,영미단편소설,34,1
2016,2,2,영미단편소설,35,4
2016,2,2,영작문1,1,3
2016,2,2,영작문1,2,3
2016,2,2,영작문1,3,1
2016,2,2,영작문1,4,4
2016,2,2,영작문1,5,4
2016,2,2,영작문1,6,4
2016,2,2,영작문1,7,3
2016,2,2,영작문1,8,2
2016,2,2,영작문1,9,3
2016,2,2,영작문1,10,1
2016,2,2,영작문1,11,4
2016,2,2,영작문1,12,2
2016,2,2,영작문1,13,2
2016,2,2,영작문1,14,1
2016,2,2,영작문1,15,3
2016,2,2,영작문1,16,2
2016,2,2,영작문1,17,4
2016,2,2,영작문1,18,3
2016,2,2,영작문1,19,1
2016,2,2,영작문1,20,3
2016,2,2,영작문1,21,2
2016,2,2,영작문1,22,4
2016,2,2,영작문1,23,1
2016,2,2,영작문1,24,2
2016,2,2,영작문1,25,2
2016,2,2,영작문1,26,3
2016,2,2,영작문1,27,1
2016,2,2,영작문1,28,4
2016,2,2,영작문1,29,1
2016,2,2,영작문1,30,3
2016,2,2,영작문1,31,4
2016,2,2,영작문1,32,1
2016,2,2,영작문1,33,2
2016,2,2,영작문1,34,1
2016,2,2,영작문1,35,4
2016,2,2,중급중국어2,1,4
2016,2,2,중급중국어2,2,4
2016,2,2,중급중국어2,3,1
2016,2,2,중급중국어2,4,4
2016,2,2,중급중국어2,5,2
2016,2,2,중급중국어2,6,4
2016,2,2,중급중국어2,7,2
2016,2,2,중급중국어2,8,3
2016,2,2,중급중국어2,9,4
2016,2,2,중급중국어2,10,1
2016,2,2,중급중국어2,11,2
2016,2,2,중급중국어2,12,4
2016,2,2,중급중국어2,13,2
2016,2,2,중급중국어2,14,1
2016,2,2,중급중국어2,15,1
2016,2,2,중급중국어2,16,2
2016,2,2,중급중국어2,17,1
2016,2,2,중급중국어2,18,2
2016,2,2,중급중국어2,19,4
2016,2,2,중급중국어2,20,2
2016,2,2,중급중국어2,21,3
2016,2,2,중급중국어2,22,2
2016,2,2,중급중국어2,23,3
2016,2,2,중급중국어2,24,4
2016,2,2,중급중국어2,25,2
2016,2,2,중급중국어2,26,3
2016,2,2,중급중국어2,27,1
2016,2,2,중급중국어2,28,1
2016,2,2,중급중국어2,29,3
2016,2,2,중급중국어2,30,3
2016,2,2,중급중국어2,31,2
2016,2,2,중급중국어2,32,4
2016,2,2,중급중국어2,33,1
2016,2,2,중급중국어2,34,4
2016,2,2,중급중국어2,35,2
2016,2,2,중급한문,1,2
2016,2,2,중급한문,2,2
2016,2,2,중급한문,3,4
2016,2,2,중급한문,4,3
2016,2,2,중급한문,5,2
2016,2,2,중급한문,6,4
2016,2,2,중급한문,7,2
2016,2,2,중급한문,8,1
2016,2,2,중급한문,9,3
2016,2,2,중급한문,10,1
2016,2,2,중급한문,11,3
2016,2,2,중급한문,12,2
2016,2,2,중급한문,13,2
2016,2,2,중급한문,14,3
2016,2,2,중급한문,15,2
2016,2,2,중급한문,16,3
2016,2,2,중급한문,17,2
2016,2,2,중급한문,18,1
2016,2,2,중급한문,19,1
2016,2,2,중급한문,20,2
2016,2,2,중급한문,21,2
2016,2,2,중급한문,22,1
2016,2,2,중급한문,23,3
2016,2,2,중급한문,24,2
2016,2,2,중급한문,25,4
2016,2,2,중급한문,26,4
2016,2,2,중급한문,27,3
2016,2,2,중급한문,28,2
2016,2,2,중급한문,29,4
2016,2,2,중급한문,30,4
2016,2,2,중급한문,31,4
2016,2,2,중급한문,32,1
2016,2,2,중급한문,33,3
2016,2,2,중급한문,34,3
2016,2,2,중급한문,35,2
2016,2,2,중국어문법,1,2
2016,2,2,중국어문법,2,2
2016,2,2,중국어문법,3,2
2016,2,2,중국어문법,4,1
2016,2,2,중국어문법,5,1
2016,2,2,중국어문법,6,2
2016,2,2,중국어문법,7,3
2016,2,2,중국어문법,8,4
2016,2,2,중국어문법,9,3
2016,2,2,중국어문법,10,4
2016,2,2,중국어문법,11,2
2016,2,2,중국어문법,12,3
2016,2,2,중국어문법,13,3
2016,2,2,중국어문법,14,3
2016,2,2,중국어문법,15,4
2016,2,2,중국어문법,16,4
2016,2,2,중국어문법,17,3
2016,2,2,중국어문법,18,1
2016,2,2,중국어문법,19,3
2016,2,2,중국어문법,20,4
2016,2,2,중국어문법,21,4
2016,2,2,중국어문법,22,1
2016,2,2,중국어문법,23,4
2016,2,2,중국어문법,24,2
2016,2,2,중국어문법,25,3
2016,2,2,중국어문법,26,1
2016,2,2,중국어문법,27,4
2016,2,2,중국어문법,28,1
2016,2,2,중국어문법,29,2
2016,2,2,중국어문법,30,1
2016,2,2,중국어문법,31,3
2016,2,2,중국어문법,32,2
2016,2,2,중국어문법,33,1
2016,2,2,중국어문법,34,3
2016,2,2,중국어문법,35,4
2016,2,2,프랑스어의구조2,1,2
2016,2,2,프랑스어의구조2,2,3
2016,2,2,프랑스어의구조2,3,3
2016,2,2,프랑스어의구조2,4,4
2016,2,2,프랑스어의구조2,5,1
2016,2,2,프랑스어의구조2,6,3
2016,2,2,프랑스어의구조2,7,3
2016,2,2,프랑스어의구조2,8,1
2016,2,2,프랑스어의구조2,9,2
2016,2,2,프랑스어의구조2,10,4
2016,2,2,프랑스어의구조2,11,4
2016,2,2,프랑스어의구조2,12,2
2016,2,2,프랑스어의구조2,13,4
2016,2,2,프랑스어의구조2,14,2
2016,2,2,프랑스어의구조2,15,4
2016,2,2,프랑스어의구조2,16,3
2016,2,2,프랑스어의구조2,17,3
2016,2,2,프랑스어의구조2,18,2
2016,2,2,프랑스어의구조2,19,2
2016,2,2,프랑스어의구조2,20,3
2016,2,2,프랑스어의구조2,21,4
2016,2,2,프랑스어의구조2,22,3
2016,2,2,프랑스어의구조2,23,3
2016,2,2,프랑스어의구조2,24,1
2016,2,2,프랑스어의구조2,25,3
2016,2,2,프랑스어의구조2,26,4
2016,2,2,프랑스어의구조2,27,2
2016,2,2,프랑스어의구조2,28,2
2016,2,2,프랑스어의구조2,29,2
2016,2,2,프랑스어의구조2,30,4
2016,2,2,프랑스어의구조2,31,3
2016,2,2,프랑스어의구조2,32,3
2016,2,2,프랑스어의구조2,33,4
2016,2,2,프랑스어의구조2,34,1
2016,2,2,프랑스어의구조2,35,4
2016,2,2,실용프랑스어,1,4
2016,2,2,실용프랑스어,2,1
2016,2,2,실용프랑스어,3,1
2016,2,2,실용프랑스어,4,2
2016,2,2,실용프랑스어,5,1
2016,2,2,실용프랑스어,6,1
2016,2,2,실용프랑스어,7,4
2016,2,2,실용프랑스어,8,1
2016,2,2,실용프랑스어,9,3
2016,2,2,실용프랑스어,10,1
2016,2,2,실용프랑스어,11,4
2016,2,2,실용프랑스어,12,2
2016,2,2,실용프랑스어,13,4
2016,2,2,실용프랑스어,14,3
2016,2,2,실용프랑스어,15,3
2016,2,2,실용프랑스어,16,4
2016,2,2,실용프랑스어,17,2
2016,2,2,실용프랑스어,18,1
2016,2,2,실용프랑스어,19,4
2016,2,2,실용프랑스어,20,1
2016,2,2,실용프랑스어,21,2
2016,2,2,실용프랑스어,22,4
2016,2,2,실용프랑스어,23,2
2016,2,2,실용프랑스어,24,1
2016,2,2,실용프랑스어,25,3
2016,2,2,실용프랑스어,26,4
2016,2,2,실용프랑스어,27,3
2016,2,2,실용프랑스어,28,4
2016,2,2,실용프랑스어,29,2
2016,2,2,실용프랑스어,30,1
2016,2,2,실용프랑스어,31,3
2016,2,2,실용프랑스어,32,1
2016,2,2,실용프랑스어,33,3
2016,2,2,실용프랑스어,34,4
2016,2,2,실용프랑스어,35,4
2016,2,2,일본어기초2,1,2
2016,2,2,일본어기초2,2,1
2016,2,2,일본어기초2,3,3
2016,2,2,일본어기초2,4,3
2016,2,2,일본어기초2,5,3
2016,2,2,일본어기초2,6,1
2016,2,2,일본어기초2,7,4
2016,2,2,일본어기초2,8,2
2016,2,2,일본어기초2,9,1
2016,2,2,일본어기초2,10,2
2016,2,2,일본어기초2,11,4
2016,2,2,일본어기초2,12,2
2016,2,2,일본어기초2,13,1
2016,2,2,일본어기초2,14,4
2016,2,2,일본어기초2,15,2
2016,2,2,일본어기초2,16,4
2016,2,2,일본어기초2,17,1
2016,2,2,일본어기초2,18,1
2016,2,2,일본어기초2,19,3
2016,2,2,일본어기초2,20,1
2016,2,2,일본어기초2,21,1
2016,2,2,일본어기초2,22,2
2016,2,2,일본어기초2,23,2
2016,2,2,일본어기초2,24,3
2016,2,2,일본어기초2,25,1
2016,2,2,일본어기초2,26,4
2016,2,2,일본어기초2,27,4
2016,2,2,일본어기초2,28,4
2016,2,2,일본어기초2,29,"1,2,3,4"
2016,2,2,일본어기초2,30,1
2016,2,2,일본어기초2,31,2
2016,2,2,일본어기초2,32,1
2016,2,2,일본어기초2,33,3
2016,2,2,일본어기초2,34,4
2016,2,2,일본어기초2,35,4
2016,2,2,일본어활용2,1,1
2016,2,2,일본어활용2,2,2
2016,2,2,일본어활용2,3,3
2016,2,2,일본어활용2,4,4
2016,2,2,일본어활용2,5,1
2016,2,2,일본어활용2,6,1
2016,2,2,일본어활용2,7,4
2016,2,2,일본어활용2,8,1
2016,2,2,일본어활용2,9,3
2016,2,2,일본어활용2,10,3
2016,2,2,일본어활용2,11,4
2016,2,2,일본어활용2,12,1
2016,2,2,일본어활용2,13,2
2016,2,2,일본어활용2,14,2
2016,2,2,일본어활용2,15,3
2016,2,2,일본어활용2,16,2
2016,2,2,일본어활용2,17,3
2016,2,2,일본어활용2,18,2
2016,2,2,일본어활용2,19,4
2016,2,2,일본어활용2,20,1
2016,2,2,일본어활용2,21,1
2016,2,2,일본어활용2,22,4
2016,2,2,일본어활용2,23,3
2016,2,2,일본어활용2,24,3
2016,2,2,일본어활용2,25,2
2016,2,2,일본어활용2,26,3
2016,2,2,일본어활용2,27,4
2016,2,2,일본어활용2,28,2
2016,2,2,일본어활용2,29,2
2016,2,2,일본어활용2,30,1
2016,2,2,일본어활용2,31,4
2016,2,2,일본어활용2,32,1
2016,2,2,일본어활용2,33,2
2016,2,2,일본어활용2,34,2
2016,2,2,일본어활용2,35,3
2016,2,2,일본인의경제생활,1,1
2016,2,2,일본인의경제생활,2,4
2016,2,2,일본인의경제생활,3,4
2016,2,2,일본인의경제생활,4,3
2016,2,2,일본인의경제생활,5,4
2016,2,2,일본인의경제생활,6,2
2016,2,2,일본인의경제생활,7,2
2016,2,2,일본인의경제생활,8,2
2016,2,2,일본인의경제생활,9,4
2016,2,2,일본인의경제생활,10,4
2016,2,2,일본인의경제생활,11,2
2016,2,2,일본인의경제생활,12,1
2016,2,2,일본인의경제생활,13,2
2016,2,2,일본인의경제생활,14,2
2016,2,2,일본인의경제생활,15,3
2016,2,2,일본인의경제생활,16,2
2016,2,2,일본인의경제생활,17,3
2016,2,2,일본인의경제생활,18,1
2016,2,2,일본인의경제생활,19,4
2016,2,2,일본인의경제생활,20,3
2016,2,2,일본인의경제생활,21,2
2016,2,2,일본인의경제생활,22,1
2016,2,2,일본인의경제생활,23,3
2016,2,2,일본인의경제생활,24,3
2016,2,2,일본인의경제생활,25,3
2016,2,2,일본인의경제생활,26,3
2016,2,2,일본인의경제생활,27,1
2016,2,2,일본인의경제생활,28,3
2016,2,2,일본인의경제생활,29,1
2016,2,2,일본인의경제생활,30,4
2016,2,2,일본인의경제생활,31,3
2016,2,2,일본인의경제생활,32,2
2016,2,2,일본인의경제생활,33,4
2016,2,2,일본인의경제생활,34,3
2016,2,2,일본인의경제생활,35,3
2016,2,2,일본어문법,1,3
2016,2,2,일본어문법,2,1
2016,2,2,일본어문법,3,2
2016,2,2,일본어문법,4,4
2016,2,2,일본어문법,5,3
2016,2,2,일본어문법,6,1
2016,2,2,일본어문법,7,4
2016,2,2,일본어문법,8,2
2016,2,2,일본어문법,9,3
2016,2,2,일본어문법,10,2
2016,2,2,일본어문법,11,4
2016,2,2,일본어문법,12,1
2016,2,2,일본어문법,13,3
2016,2,2,일본어문법,14,2
2016,2,2,일본어문법,15,4
2016,2,2,일본어문법,16,1
2016,2,2,일본어문법,17,2
2016,2,2,일본어문법,18,3
2016,2,2,일본어문법,19,1
2016,2,2,일본어문법,20,4
2016,2,2,일본어문법,21,4
2016,2,2,일본어문법,22,3
2016,2,2,일본어문법,23,2
2016,2,2,일본어문법,24,2
2016,2,2,일본어문법,25,3
2016,2,2,일본어문법,26,2
2016,2,2,일본어문법,27,2
2016,2,2,일본어문법,28,1
2016,2,2,일본어문법,29,3
2016,2,2,일본어문법,30,2
2016,2,2,일본어문법,31,3
2016,2,2,일본어문법,32,2
2016,2,2,일본어문법,33,2
2016,2,2,일본어문법,34,1
2016,2,2,일본어문법,35,3
2016,2,2,교육철학,1,3
2016,2,2,교육철학,2,2
2016,2,2,교육철학,3,2
2016,2,2,교육철학,4,4
2016,2,2,교육철학,5,1
2016,2,2,교육철학,6,1
2016,2,2,교육철학,7,2
2016,2,2,교육철학,8,3
2016,2,2,교육철학,9,2
2016,2,2,교육철학,10,3
2016,2,2,교육철학,11,4
2016,2,2,교육철학,12,2
2016,2,2,교육철학,13,2
2016,2,2,교육철학,14,3
2016,2,2,교육철학,15,4
2016,2,2,교육철학,16,1
2016,2,2,교육철학,17,4
2016,2,2,교육철학,18,4
2016,2,2,교육철학,19,3
2016,2,2,교육철학,20,3
2016,2,2,교육철학,21,4
2016,2,2,교육철학,22,1
2016,2,2,교육철학,23,2
2016,2,2,교육철학,24,3
2016,2,2,교육철학,25,3
2016,2,2,교육철학,26,3
2016,2,2,교육철학,27,1
2016,2,2,교육철학,28,4
2016,2,2,교육철학,29,2
2016,2,2,교육철학,30,1
2016,2,2,교육철학,31,3
2016,2,2,교육철학,32,3
2016,2,2,교육철학,33,1
2016,2,2,교육철학,34,4
2016,2,2,교육철학,35,4
2016,2,2,교육사회학,1,3
2016,2,2,교육사회학,2,2
2016,2,2,교육사회학,3,4
2016,2,2,교육사회학,4,1
2016,2,2,교육사회학,5,4
2016,2,2,교육사회학,6,2
2016,2,2,교육사회학,7,2
2016,2,2,교육사회학,8,2
2016,2,2,교육사회학,9,1
2016,2,2,교육사회학,10,3
2016,2,2,교육사회학,11,2
2016,2,2,교육사회학,12,1
2016,2,2,교육사회학,13,4
2016,2,2,교육사회학,14,1
2016,2,2,교육사회학,15,3
2016,2,2,교육사회학,16,2
2016,2,2,교육사회학,17,4
2016,2,2,교육사회학,18,2
2016,2,2,교육사회학,19,1
2016,2,2,교육사회학,20,4
2016,2,2,교육사회학,21,3
2016,2,2,교육사회학,22,3
2016,2,2,교육사회학,23,2
2016,2,2,교육사회학,24,4
2016,2,2,교육사회학,25,4
2016,2,2,교육사회학,26,4
2016,2,2,교육사회학,27,4
2016,2,2,교육사회학,28,3
2016,2,2,교육사회학,29,1
2016,2,2,교육사회학,30,3
2016,2,2,교육사회학,31,1
2016,2,2,교육사회학,32,2
2016,2,2,교육사회학,33,1
2016,2,2,교육사회학,34,2
2016,2,2,교육사회학,35,4
2016,2,2,기본권의기초이론,1,4
2016,2,2,기본권의기초이론,2,2
2016,2,2,기본권의기초이론,3,4
2016,2,2,기본권의기초이론,4,1
2016,2,2,기본권의기초이론,5,3
2016,2,2,기본권의기초이론,6,1
2016,2,2,기본권의기초이론,7,4
2016,2,2,기본권의기초이론,8,3
2016,2,2,기본권의기초이론,9,2
2016,2,2,기본권의기초이론,10,2
2016,2,2,기본권의기초이론,11,1
2016,2,2,기본권의기초이론,12,4
2016,2,2,기본권의기초이론,13,2
2016,2,2,기본권의기초이론,14,3
2016,2,2,기본권의기초이론,15,4
2016,2,2,기본권의기초이론,16,3
2016,2,2,기본권의기초이론,17,2
2016,2,2,기본권의기초이론,18,4
2016,2,2,기본권의기초이론,19,1
2016,2,2,기본권의기초이론,20,1
2016,2,2,기본권의기초이론,21,2
2016,2,2,기본권의기초이론,22,1
2016,2,2,기본권의기초이론,23,3
2016,2,2,기본권의기초이론,24,3
2016,2,2,기본권의기초이론,25,1
2016,2,2,주식회사법,1,3
2016,2,2,주식회사법,2,4
2016,2,2,주식회사법,3,2
2016,2,2,주식회사법,4,2
2016,2,2,주식회사법,5,1
2016,2,2,주식회사법,6,2
2016,2,2,주식회사법,7,1
2016,2,2,주식회사법,8,4
2016,2,2,주식회사법,9,2
2016,2,2,주식회사법,10,3
2016,2,2,주식회사법,11,4
2016,2,2,주식회사법,12,2
2016,2,2,주식회사법,13,1
2016,2,2,주식회사법,14,3
2016,2,2,주식회사법,15,4
2016,2,2,주식회사법,16,3
2016,2,2,주식회사법,17,2
2016,2,2,주식회사법,18,1
2016,2,2,주식회사법,19,2
2016,2,2,주식회사법,20,1
2016,2,2,주식회사법,21,3
2016,2,2,주식회사법,22,1
2016,2,2,주식회사법,23,3
2016,2,2,주식회사법,24,1
2016,2,2,주식회사법,25,3
2016,2,2,노사관계법,1,4
2016,2,2,노사관계법,2,1
2016,2,2,노사관계법,3,4
2016,2,2,노사관계법,4,2
2016,2,2,노사관계법,5,2
2016,2,2,노사관계법,6,3
2016,2,2,노사관계법,7,3
2016,2,2,노사관계법,8,3
2016,2,2,노사관계법,9,1
2016,2,2,노사관계법,10,2
2016,2,2,노사관계법,11,2
2016,2,2,노사관계법,12,1
2016,2,2,노사관계법,13,4
2016,2,2,노사관계법,14,3
2016,2,2,노사관계법,15,4
2016,2,2,노사관계법,16,4
2016,2,2,노사관계법,17,1
2016,2,2,노사관계법,18,4
2016,2,2,노사관계법,19,3
2016,2,2,노사관계법,20,2
2016,2,2,노사관계법,21,1
2016,2,2,노사관계법,22,4
2016,2,2,노사관계법,23,3
2016,2,2,노사관계법,24,3
2016,2,2,노사관계법,25,4
2016,2,2,노사관계법,26,4
2016,2,2,노사관계법,27,3
2016,2,2,노사관계법,28,1
2016,2,2,노사관계법,29,3
2016,2,2,노사관계법,30,2
2016,2,2,노사관계법,31,4
2016,2,2,노사관계법,32,4
2016,2,2,노사관계법,33,3
2016,2,2,노사관계법,34,4
2016,2,2,노사관계법,35,2
2016,2,2,기획론,1,4
2016,2,2,기획론,2,1
2016,2,2,기획론,3,3
2016,2,2,기획론,4,4
2016,2,2,기획론,5,2
2016,2,2,기획론,6,4
2016,2,2,기획론,7,1
2016,2,2,기획론,8,3
2016,2,2,기획론,9,1
2016,2,2,기획론,10,2
2016,2,2,기획론,11,3
2016,2,2,기획론,12,2
2016,2,2,기획론,13,1
2016,2,2,기획론,14,4
2016,2,2,기획론,15,3
2016,2,2,기획론,16,1
2016,2,2,기획론,17,1
2016,2,2,기획론,18,4
2016,2,2,기획론,19,3
2016,2,2,기획론,20,4
2016,2,2,기획론,21,4
2016,2,2,기획론,22,1
2016,2,2,기획론,23,2
2016,2,2,기획론,24,1
2016,2,2,기획론,25,3
2016,2,2,사회복지정책론,1,2
2016,2,2,사회복지정책론,2,4
2016,2,2,사회복지정책론,3,1
2016,2,2,사회복지정책론,4,3
2016,2,2,사회복지정책론,5,3
2016,2,2,사회복지정책론,6,4
2016,2,2,사회복지정책론,7,2
2016,2,2,사회복지정책론,8,1
2016,2,2,사회복지정책론,9,1
2016,2,2,사회복지정책론,10,2
2016,2,2,사회복지정책론,11,3
2016,2,2,사회복지정책론,12,3
2016,2,2,사회복지정책론,13,1
2016,2,2,사회복지정책론,14,4
2016,2,2,사회복지정책론,15,"1,2,3,4"
2016,2,2,사회복지정책론,16,4
2016,2,2,사회복지정책론,17,1
2016,2,2,사회복지정책론,18,4
2016,2,2,사회복지정책론,19,2
2016,2,2,사회복지정책론,20,1
2016,2,2,사회복지정책론,21,3
2016,2,2,사회복지정책론,22,2
2016,2,2,사회복지정책론,23,4
2016,2,2,사회복지정책론,24,1
2016,2,2,사회복지정책론,25,4
2016,2,2,행정조직론,1,2
2016,2,2,행정조직론,2,1
2016,2,2,행정조직론,3,4
2016,2,2,행정조직론,4,3
2016,2,2,행정조직론,5,1
2016,2,2,행정조직론,6,2
2016,2,2,행정조직론,7,2
2016,2,2,행정조직론,8,3
2016,2,2,행정조직론,9,1
2016,2,2,행정조직론,10,4
2016,2,2,행정조직론,11,1
2016,2,2,행정조직론,12,1
2016,2,2,행정조직론,13,4
2016,2,2,행정조직론,14,4
2016,2,2,행정조직론,15,3
2016,2,2,행정조직론,16,2
2016,2,2,행정조직론,17,1
2016,2,2,행정조직론,18,2
2016,2,2,행정조직론,19,2
2016,2,2,행정조직론,20,1
2016,2,2,행정조직론,21,2
2016,2,2,행정조직론,22,4
2016,2,2,행정조직론,23,4
2016,2,2,행정조직론,24,2
2016,2,2,행정조직론,25,3
2016,2,2,고급거시경제론,1,3
2016,2,2,고급거시경제론,2,4
2016,2,2,고급거시경제론,3,3
2016,2,2,고급거시경제론,4,4
2016,2,2,고급거시경제론,5,1
2016,2,2,고급거시경제론,6,4
2016,2,2,고급거시경제론,7,4
2016,2,2,고급거시경제론,8,2
2016,2,2,고급거시경제론,9,3
2016,2,2,고급거시경제론,10,3
2016,2,2,고급거시경제론,11,2
2016,2,2,고급거시경제론,12,3
2016,2,2,고급거시경제론,13,1
2016,2,2,고급거시경제론,14,4
2016,2,2,고급거시경제론,15,2
2016,2,2,고급거시경제론,16,2
2016,2,2,고급거시경제론,17,1
2016,2,2,고급거시경제론,18,2
2016,2,2,고급거시경제론,19,4
2016,2,2,고급거시경제론,20,2
2016,2,2,고급거시경제론,21,4
2016,2,2,고급거시경제론,22,4
2016,2,2,고급거시경제론,23,4
2016,2,2,고급거시경제론,24,2
2016,2,2,고급거시경제론,25,3
2016,2,2,수량경제분석입문,1,1
2016,2,2,수량경제분석입문,2,4
2016,2,2,수량경제분석입문,3,2
2016,2,2,수량경제분석입문,4,3
2016,2,2,수량경제분석입문,5,3
2016,2,2,수량경제분석입문,6,3
2016,2,2,수량경제분석입문,7,2
2016,2,2,수량경제분석입문,8,3
2016,2,2,수량경제분석입문,9,1
2016,2,2,수량경제분석입문,10,3
2016,2,2,수량경제분석입문,11,1
2016,2,2,수량경제분석입문,12,4
2016,2,2,수량경제분석입문,13,2
2016,2,2,수량경제분석입문,14,1
2016,2,2,수량경제분석입문,15,4
2016,2,2,수량경제분석입문,16,2
2016,2,2,수량경제분석입문,17,3
2016,2,2,수량경제분석입문,18,2
2016,2,2,수량경제분석입문,19,1
2016,2,2,수량경제분석입문,20,1
2016,2,2,수량경제분석입문,21,2
2016,2,2,수량경제분석입문,22,4
2016,2,2,수량경제분석입문,23,1
2016,2,2,수량경제분석입문,24,3
2016,2,2,수량경제분석입문,25,2
2016,2,2,경제사상과이론,1,2
2016,2,2,경제사상과이론,2,1
2016,2,2,경제사상과이론,3,3
2016,2,2,경제사상과이론,4,1
2016,2,2,경제사상과이론,5,4
2016,2,2,경제사상과이론,6,1
2016,2,2,경제사상과이론,7,2
2016,2,2,경제사상과이론,8,3
2016,2,2,경제사상과이론,9,1
2016,2,2,경제사상과이론,10,1
2016,2,2,경제사상과이론,11,4
2016,2,2,경제사상과이론,12,2
2016,2,2,경제사상과이론,13,1
2016,2,2,경제사상과이론,14,1
2016,2,2,경제사상과이론,15,"1,3"
2016,2,2,경제사상과이론,16,4
2016,2,2,경제사상과이론,17,2
2016,2,2,경제사상과이론,18,3
2016,2,2,경제사상과이론,19,2
2016,2,2,경제사상과이론,20,1
2016,2,2,경제사상과이론,21,3
2016,2,2,경제사상과이론,22,2
2016,2,2,경제사상과이론,23,3
2016,2,2,경제사상과이론,24,4
2016,2,2,경제사상과이론,25,3
2016,2,2,경제사상과이론,26,1
2016,2,2,경제사상과이론,27,1
2016,2,2,경제사상과이론,28,3
2016,2,2,경제사상과이론,29,4
2016,2,2,경제사상과이론,30,2
2016,2,2,경제사상과이론,31,2
2016,2,2,경제사상과이론,32,2
2016,2,2,경제사상과이론,33,1
2016,2,2,경제사상과이론,34,3
2016,2,2,경제사상과이론,35,2
2016,2,2,경영의사결정론,1,2
2016,2,2,경영의사결정론,2,3
2016,2,2,경영의사결정론,3,1
2016,2,2,경영의사결정론,4,4
2016,2,2,경영의사결정론,5,1
2016,2,2,경영의사결정론,6,2
2016,2,2,경영의사결정론,7,1
2016,2,2,경영의사결정론,8,1
2016,2,2,경영의사결정론,9,4
2016,2,2,경영의사결정론,10,3
2016,2,2,경영의사결정론,11,4
2016,2,2,경영의사결정론,12,1
2016,2,2,경영의사결정론,13,4
2016,2,2,경영의사결정론,14,1
2016,2,2,경영의사결정론,15,1
2016,2,2,경영의사결정론,16,3
2016,2,2,경영의사결정론,17,4
2016,2,2,경영의사결정론,18,1
2016,2,2,경영의사결정론,19,4
2016,2,2,경영의사결정론,20,3
2016,2,2,경영의사결정론,21,4
2016,2,2,경영의사결정론,22,1
2016,2,2,경영의사결정론,23,1
2016,2,2,경영의사결정론,24,4
2016,2,2,경영의사결정론,25,4
2016,2,2,경영의사결정론,26,1
2016,2,2,경영의사결정론,27,4
2016,2,2,경영의사결정론,28,3
2016,2,2,경영의사결정론,29,3
2016,2,2,경영의사결정론,30,4
2016,2,2,경영의사결정론,31,3
2016,2,2,경영의사결정론,32,4
2016,2,2,경영의사결정론,33,1
2016,2,2,경영의사결정론,34,4
2016,2,2,경영의사결정론,35,4
2016,2,2,관리회계원리,1,1
2016,2,2,관리회계원리,2,4
2016,2,2,관리회계원리,3,1
2016,2,2,관리회계원리,4,3
2016,2,2,관리회계원리,5,2
2016,2,2,관리회계원리,6,2
2016,2,2,관리회계원리,7,1
2016,2,2,관리회계원리,8,4
2016,2,2,관리회계원리,9,2
2016,2,2,관리회계원리,10,3
2016,2,2,관리회계원리,11,3
2016,2,2,관리회계원리,12,2
2016,2,2,관리회계원리,13,4
2016,2,2,관리회계원리,14,3
2016,2,2,관리회계원리,15,3
2016,2,2,관리회계원리,16,4
2016,2,2,관리회계원리,17,1
2016,2,2,관리회계원리,18,2
2016,2,2,관리회계원리,19,4
2016,2,2,관리회계원리,20,1
2016,2,2,관리회계원리,21,1
2016,2,2,관리회계원리,22,2
2016,2,2,관리회계원리,23,2
2016,2,2,관리회계원리,24,4
2016,2,2,관리회계원리,25,1
2016,2,2,중소기업경영론,1,2
2016,2,2,중소기업경영론,2,3
2016,2,2,중소기업경영론,3,1
2016,2,2,중소기업경영론,4,4
2016,2,2,중소기업경영론,5,1
2016,2,2,중소기업경영론,6,2
2016,2,2,중소기업경영론,7,1
2016,2,2,중소기업경영론,8,3
2016,2,2,중소기업경영론,9,3
2016,2,2,중소기업경영론,10,1
2016,2,2,중소기업경영론,11,2
2016,2,2,중소기업경영론,12,4
2016,2,2,중소기업경영론,13,1
2016,2,2,중소기업경영론,14,2
2016,2,2,중소기업경영론,15,4
2016,2,2,중소기업경영론,16,1
2016,2,2,중소기업경영론,17,4
2016,2,2,중소기업경영론,18,3
2016,2,2,중소기업경영론,19,1
2016,2,2,중소기업경영론,20,2
2016,2,2,중소기업경영론,21,4
2016,2,2,중소기업경영론,22,2
2016,2,2,중소기업경영론,23,3
2016,2,2,중소기업경영론,24,3
2016,2,2,중소기업경영론,25,1
2016,2,2,중소기업경영론,26,2
2016,2,2,중소기업경영론,27,1
2016,2,2,중소기업경영론,28,2
2016,2,2,중소기업경영론,29,1
2016,2,2,중소기업경영론,30,3
2016,2,2,중소기업경영론,31,1
2016,2,2,중소기업경영론,32,4
2016,2,2,중소기업경영론,33,2
2016,2,2,중소기업경영론,34,2
2016,2,2,중소기업경영론,35,1
2016,2,2,동아시아와 통일한국 경제,1,1
2016,2,2,동아시아와 통일한국 경제,2,1
2016,2,2,동아시아와 통일한국 경제,3,4
2016,2,2,동아시아와 통일한국 경제,4,2
2016,2,2,동아시아와 통일한국 경제,5,4
2016,2,2,동아시아와 통일한국 경제,6,4
2016,2,2,동아시아와 통일한국 경제,7,2
2016,2,2,동아시아와 통일한국 경제,8,1
2016,2,2,동아시아와 통일한국 경제,9,3
2016,2,2,동아시아와 통일한국 경제,10,3
2016,2,2,동아시아와 통일한국 경제,11,1
2016,2,2,동아시아와 통일한국 경제,12,2
2016,2,2,동아시아와 통일한국 경제,13,4
2016,2,2,동아시아와 통일한국 경제,14,3
2016,2,2,동아시아와 통일한국 경제,15,2
2016,2,2,동아시아와 통일한국 경제,16,1
2016,2,2,동아시아와 통일한국 경제,17,3
2016,2,2,동아시아와 통일한국 경제,18,4
2016,2,2,동아시아와 통일한국 경제,19,2
2016,2,2,동아시아와 통일한국 경제,20,2
2016,2,2,동아시아와 통일한국 경제,21,3
2016,2,2,동아시아와 통일한국 경제,22,4
2016,2,2,동아시아와 통일한국 경제,23,2
2016,2,2,동아시아와 통일한국 경제,24,1
2016,2,2,동아시아와 통일한국 경제,25,3
2016,2,2,동아시아와 통일한국 경제,26,1
2016,2,2,동아시아와 통일한국 경제,27,1
2016,2,2,동아시아와 통일한국 경제,28,4
2016,2,2,동아시아와 통일한국 경제,29,2
2016,2,2,동아시아와 통일한국 경제,30,4
2016,2,2,동아시아와 통일한국 경제,31,3
2016,2,2,동아시아와 통일한국 경제,32,1
2016,2,2,동아시아와 통일한국 경제,33,2
2016,2,2,동아시아와 통일한국 경제,34,2
2016,2,2,동아시아와 통일한국 경제,35,4
2016,2,2,산업구조와경쟁,1,1
2016,2,2,산업구조와경쟁,2,3
2016,2,2,산업구조와경쟁,3,2
2016,2,2,산업구조와경쟁,4,1
2016,2,2,산업구조와경쟁,5,4
2016,2,2,산업구조와경쟁,6,2
2016,2,2,산업구조와경쟁,7,2
2016,2,2,산업구조와경쟁,8,3
2016,2,2,산업구조와경쟁,9,3
2016,2,2,산업구조와경쟁,10,3
2016,2,2,산업구조와경쟁,11,4
2016,2,2,산업구조와경쟁,12,1
2016,2,2,산업구조와경쟁,13,4
2016,2,2,산업구조와경쟁,14,4
2016,2,2,산업구조와경쟁,15,4
2016,2,2,산업구조와경쟁,16,2
2016,2,2,산업구조와경쟁,17,1
2016,2,2,산업구조와경쟁,18,4
2016,2,2,산업구조와경쟁,19,1
2016,2,2,산업구조와경쟁,20,4
2016,2,2,산업구조와경쟁,21,1
2016,2,2,산업구조와경쟁,22,3
2016,2,2,산업구조와경쟁,23,3
2016,2,2,산업구조와경쟁,24,1
2016,2,2,산업구조와경쟁,25,3
2016,2,2,산업구조와경쟁,26,2
2016,2,2,산업구조와경쟁,27,4
2016,2,2,산업구조와경쟁,28,3
2016,2,2,산업구조와경쟁,29,3
2016,2,2,산업구조와경쟁,30,4
2016,2,2,산업구조와경쟁,31,1
2016,2,2,산업구조와경쟁,32,4
2016,2,2,산업구조와경쟁,33,1
2016,2,2,산업구조와경쟁,34,2
2016,2,2,산업구조와경쟁,35,3
2016,2,2,국제브랜드관리,1,1
2016,2,2,국제브랜드관리,2,3
2016,2,2,국제브랜드관리,3,1
2016,2,2,국제브랜드관리,4,2
2016,2,2,국제브랜드관리,5,4
2016,2,2,국제브랜드관리,6,3
2016,2,2,국제브랜드관리,7,1
2016,2,2,국제브랜드관리,8,2
2016,2,2,국제브랜드관리,9,4
2016,2,2,국제브랜드관리,10,3
2016,2,2,국제브랜드관리,11,1
2016,2,2,국제브랜드관리,12,2
2016,2,2,국제브랜드관리,13,3
2016,2,2,국제브랜드관리,14,4
2016,2,2,국제브랜드관리,15,4
2016,2,2,국제브랜드관리,16,3
2016,2,2,국제브랜드관리,17,2
2016,2,2,국제브랜드관리,18,1
2016,2,2,국제브랜드관리,19,3
2016,2,2,국제브랜드관리,20,4
2016,2,2,국제브랜드관리,21,2
2016,2,2,국제브랜드관리,22,2
2016,2,2,국제브랜드관리,23,1
2016,2,2,국제브랜드관리,24,2
2016,2,2,국제브랜드관리,25,3
2016,2,2,국제브랜드관리,26,4
2016,2,2,국제브랜드관리,27,1
2016,2,2,국제브랜드관리,28,3
2016,2,2,국제브랜드관리,29,2
2016,2,2,국제브랜드관리,30,4
2016,2,2,국제브랜드관리,31,4
2016,2,2,국제브랜드관리,32,2
2016,2,2,국제브랜드관리,33,4
2016,2,2,국제브랜드관리,34,1
2016,2,2,국제브랜드관리,35,3
2016,2,2,설득커뮤니케이션,1,2
2016,2,2,설득커뮤니케이션,2,3
2016,2,2,설득커뮤니케이션,3,1
2016,2,2,설득커뮤니케이션,4,4
2016,2,2,설득커뮤니케이션,5,2
2016,2,2,설득커뮤니케이션,6,4
2016,2,2,설득커뮤니케이션,7,1
2016,2,2,설득커뮤니케이션,8,3
2016,2,2,설득커뮤니케이션,9,1
2016,2,2,설득커뮤니케이션,10,2
2016,2,2,설득커뮤니케이션,11,3
2016,2,2,설득커뮤니케이션,12,4
2016,2,2,설득커뮤니케이션,13,2
2016,2,2,설득커뮤니케이션,14,4
2016,2,2,설득커뮤니케이션,15,3
2016,2,2,설득커뮤니케이션,16,1
2016,2,2,설득커뮤니케이션,17,4
2016,2,2,설득커뮤니케이션,18,3
2016,2,2,설득커뮤니케이션,19,2
2016,2,2,설득커뮤니케이션,20,1
2016,2,2,설득커뮤니케이션,21,1
2016,2,2,설득커뮤니케이션,22,2
2016,2,2,설득커뮤니케이션,23,4
2016,2,2,설득커뮤니케이션,24,3
2016,2,2,설득커뮤니케이션,25,1
2016,2,2,설득커뮤니케이션,26,4
2016,2,2,설득커뮤니케이션,27,2
2016,2,2,설득커뮤니케이션,28,1
2016,2,2,설득커뮤니케이션,29,4
2016,2,2,설득커뮤니케이션,30,2
2016,2,2,설득커뮤니케이션,31,1
2016,2,2,설득커뮤니케이션,32,3
2016,2,2,설득커뮤니케이션,33,3
2016,2,2,설득커뮤니케이션,34,2
2016,2,2,설득커뮤니케이션,35,1
2016,2,2,통합마케팅커뮤니케이션,1,4
2016,2,2,통합마케팅커뮤니케이션,2,1
2016,2,2,통합마케팅커뮤니케이션,3,3
2016,2,2,통합마케팅커뮤니케이션,4,2
2016,2,2,통합마케팅커뮤니케이션,5,4
2016,2,2,통합마케팅커뮤니케이션,6,2
2016,2,2,통합마케팅커뮤니케이션,7,4
2016,2,2,통합마케팅커뮤니케이션,8,4
2016,2,2,통합마케팅커뮤니케이션,9,4
2016,2,2,통합마케팅커뮤니케이션,10,3
2016,2,2,통합마케팅커뮤니케이션,11,4
2016,2,2,통합마케팅커뮤니케이션,12,1
2016,2,2,통합마케팅커뮤니케이션,13,2
2016,2,2,통합마케팅커뮤니케이션,14,1
2016,2,2,통합마케팅커뮤니케이션,15,1
2016,2,2,통합마케팅커뮤니케이션,16,3
2016,2,2,통합마케팅커뮤니케이션,17,4
2016,2,2,통합마케팅커뮤니케이션,18,2
2016,2,2,통합마케팅커뮤니케이션,19,4
2016,2,2,통합마케팅커뮤니케이션,20,2
2016,2,2,통합마케팅커뮤니케이션,21,3
2016,2,2,통합마케팅커뮤니케이션,22,2
2016,2,2,통합마케팅커뮤니케이션,23,1
2016,2,2,통합마케팅커뮤니케이션,24,4
2016,2,2,통합마케팅커뮤니케이션,25,4
2016,2,2,통합마케팅커뮤니케이션,26,3
2016,2,2,통합마케팅커뮤니케이션,27,2
2016,2,2,통합마케팅커뮤니케이션,28,3
2016,2,2,통합마케팅커뮤니케이션,29,1
2016,2,2,통합마케팅커뮤니케이션,30,2
2016,2,2,통합마케팅커뮤니케이션,31,3
2016,2,2,통합마케팅커뮤니케이션,32,4
2016,2,2,통합마케팅커뮤니케이션,33,4
2016,2,2,통합마케팅커뮤니케이션,34,2
2016,2,2,통합마케팅커뮤니케이션,35,2
2016,2,2,사진영상론,1,3
2016,2,2,사진영상론,2,3
2016,2,2,사진영상론,3,2
2016,2,2,사진영상론,4,1
2016,2,2,사진영상론,5,4
2016,2,2,사진영상론,6,4
2016,2,2,사진영상론,7,4
2016,2,2,사진영상론,8,3
2016,2,2,사진영상론,9,2
2016,2,2,사진영상론,10,1
2016,2,2,사진영상론,11,1
2016,2,2,사진영상론,12,2
2016,2,2,사진영상론,13,1
2016,2,2,사진영상론,14,3
2016,2,2,사진영상론,15,4
2016,2,2,사진영상론,16,2
2016,2,2,사진영상론,17,1
2016,2,2,사진영상론,18,4
2016,2,2,사진영상론,19,2
2016,2,2,사진영상론,20,3
2016,2,2,사진영상론,21,3
2016,2,2,사진영상론,22,3
2016,2,2,사진영상론,23,2
2016,2,2,사진영상론,24,1
2016,2,2,사진영상론,25,4
2016,2,2,사진영상론,26,4
2016,2,2,사진영상론,27,1
2016,2,2,사진영상론,28,2
2016,2,2,사진영상론,29,3
2016,2,2,사진영상론,30,4
2016,2,2,사진영상론,31,1
2016,2,2,사진영상론,32,3
2016,2,2,사진영상론,33,1
2016,2,2,사진영상론,34,4
2016,2,2,사진영상론,35,2
2016,2,2,아동·청소년과 미디어,1,"1,2,3,4"
2016,2,2,아동·청소년과 미디어,2,"3,4"
2016,2,2,아동·청소년과 미디어,3,4
2016,2,2,아동·청소년과 미디어,4,3
2016,2,2,아동·청소년과 미디어,5,3
2016,2,2,아동·청소년과 미디어,6,2
2016,2,2,아동·청소년과 미디어,7,3
2016,2,2,아동·청소년과 미디어,8,1
2016,2,2,아동·청소년과 미디어,9,4
2016,2,2,아동·청소년과 미디어,10,3
2016,2,2,아동·청소년과 미디어,11,2
2016,2,2,아동·청소년과 미디어,12,1
2016,2,2,아동·청소년과 미디어,13,2
2016,2,2,아동·청소년과 미디어,14,3
2016,2,2,아동·청소년과 미디어,15,4
2016,2,2,아동·청소년과 미디어,16,2
2016,2,2,아동·청소년과 미디어,17,1
2016,2,2,아동·청소년과 미디어,18,2
2016,2,2,아동·청소년과 미디어,19,3
2016,2,2,아동·청소년과 미디어,20,2
2016,2,2,아동·청소년과 미디어,21,4
2016,2,2,아동·청소년과 미디어,22,3
2016,2,2,아동·청소년과 미디어,23,2
2016,2,2,아동·청소년과 미디어,24,1
2016,2,2,아동·청소년과 미디어,25,3
2016,2,2,아동·청소년과 미디어,26,4
2016,2,2,아동·청소년과 미디어,27,2
2016,2,2,아동·청소년과 미디어,28,3
2016,2,2,아동·청소년과 미디어,29,4
2016,2,2,아동·청소년과 미디어,30,4
2016,2,2,아동·청소년과 미디어,31,2
2016,2,2,아동·청소년과 미디어,32,1
2016,2,2,아동·청소년과 미디어,33,3
2016,2,2,아동·청소년과 미디어,34,4
2016,2,2,아동·청소년과 미디어,35,4
2016,2,2,여행사실무,1,2
2016,2,2,여행사실무,2,4
2016,2,2,여행사실무,3,1
2016,2,2,여행사실무,4,1
2016,2,2,여행사실무,5,3
2016,2,2,여행사실무,6,3
2016,2,2,여행사실무,7,1
2016,2,2,여행사실무,8,1
2016,2,2,여행사실무,9,1
2016,2,2,여행사실무,10,4
2016,2,2,여행사실무,11,1
2016,2,2,여행사실무,12,2
2016,2,2,여행사실무,13,3
2016,2,2,여행사실무,14,2
2016,2,2,여행사실무,15,1
2016,2,2,여행사실무,16,2
2016,2,2,여행사실무,17,1
2016,2,2,여행사실무,18,4
2016,2,2,여행사실무,19,4
2016,2,2,여행사실무,20,4
2016,2,2,여행사실무,21,2
2016,2,2,여행사실무,22,2
2016,2,2,여행사실무,23,2
2016,2,2,여행사실무,24,1
2016,2,2,여행사실무,25,4
2016,2,2,여행사실무,26,1
2016,2,2,여행사실무,27,2
2016,2,2,여행사실무,28,1
2016,2,2,여행사실무,29,2
2016,2,2,여행사실무,30,3
2016,2,2,여행사실무,31,2
2016,2,2,여행사실무,32,4
2016,2,2,여행사실무,33,3
2016,2,2,여행사실무,34,1
2016,2,2,여행사실무,35,2
2016,2,2,호텔산업의이해,1,1
2016,2,2,호텔산업의이해,2,1
2016,2,2,호텔산업의이해,3,2
2016,2,2,호텔산업의이해,4,4
2016,2,2,호텔산업의이해,5,4
2016,2,2,호텔산업의이해,6,2
2016,2,2,호텔산업의이해,7,2
2016,2,2,호텔산업의이해,8,2
2016,2,2,호텔산업의이해,9,1
2016,2,2,호텔산업의이해,10,"2,3"
2016,2,2,호텔산업의이해,11,3
2016,2,2,호텔산업의이해,12,4
2016,2,2,호텔산업의이해,13,2
2016,2,2,호텔산업의이해,14,4
2016,2,2,호텔산업의이해,15,2
2016,2,2,호텔산업의이해,16,3
2016,2,2,호텔산업의이해,17,1
2016,2,2,호텔산업의이해,18,1
2016,2,2,호텔산업의이해,19,1
2016,2,2,호텔산업의이해,20,1
2016,2,2,호텔산업의이해,21,4
2016,2,2,호텔산업의이해,22,4
2016,2,2,호텔산업의이해,23,2
2016,2,2,호텔산업의이해,24,2
2016,2,2,호텔산업의이해,25,3
2016,2,2,호텔산업의이해,26,3
2016,2,2,호텔산업의이해,27,3
2016,2,2,호텔산업의이해,28,3
2016,2,2,호텔산업의이해,29,4
2016,2,2,호텔산업의이해,30,3
2016,2,2,호텔산업의이해,31,3
2016,2,2,호텔산업의이해,32,4
2016,2,2,호텔산업의이해,33,4
2016,2,2,호텔산업의이해,34,1
2016,2,2,호텔산업의이해,35,1
2016,2,2,항공예약발권2,1,4
2016,2,2,항공예약발권2,2,1
2016,2,2,항공예약발권2,3,2
2016,2,2,항공예약발권2,4,3
2016,2,2,항공예약발권2,5,"1,4"
2016,2,2,항공예약발권2,6,1
2016,2,2,항공예약발권2,7,4
2016,2,2,항공예약발권2,8,3
2016,2,2,항공예약발권2,9,1
2016,2,2,항공예약발권2,10,3
2016,2,2,항공예약발권2,11,3
2016,2,2,항공예약발권2,12,2
2016,2,2,항공예약발권2,13,1
2016,2,2,항공예약발권2,14,2
2016,2,2,항공예약발권2,15,2
2016,2,2,항공예약발권2,16,3
2016,2,2,항공예약발권2,17,1
2016,2,2,항공예약발권2,18,2
2016,2,2,항공예약발권2,19,3
2016,2,2,항공예약발권2,20,1
2016,2,2,항공예약발권2,21,4
2016,2,2,항공예약발권2,22,2
2016,2,2,항공예약발권2,23,2
2016,2,2,항공예약발권2,24,4
2016,2,2,항공예약발권2,25,1
2016,2,2,서유럽문화기행,1,3
2016,2,2,서유럽문화기행,2,2
2016,2,2,서유럽문화기행,3,1
2016,2,2,서유럽문화기행,4,4
2016,2,2,서유럽문화기행,5,3
2016,2,2,서유럽문화기행,6,4
2016,2,2,서유럽문화기행,7,1
2016,2,2,서유럽문화기행,8,4
2016,2,2,서유럽문화기행,9,3
2016,2,2,서유럽문화기행,10,2
2016,2,2,서유럽문화기행,11,1
2016,2,2,서유럽문화기행,12,4
2016,2,2,서유럽문화기행,13,2
2016,2,2,서유럽문화기행,14,3
2016,2,2,서유럽문화기행,15,1
2016,2,2,서유럽문화기행,16,2
2016,2,2,서유럽문화기행,17,4
2016,2,2,서유럽문화기행,18,4
2016,2,2,서유럽문화기행,19,4
2016,2,2,서유럽문화기행,20,2
2016,2,2,서유럽문화기행,21,3
2016,2,2,서유럽문화기행,22,4
2016,2,2,서유럽문화기행,23,2
2016,2,2,서유럽문화기행,24,3
2016,2,2,서유럽문화기행,25,1
2016,2,2,서유럽문화기행,26,1
2016,2,2,서유럽문화기행,27,2
2016,2,2,서유럽문화기행,28,3
2016,2,2,서유럽문화기행,29,3
2016,2,2,서유럽문화기행,30,2
2016,2,2,서유럽문화기행,31,1
2016,2,2,서유럽문화기행,32,4
2016,2,2,서유럽문화기행,33,2
2016,2,2,서유럽문화기행,34,1
2016,2,2,서유럽문화기행,35,3
2016,2,2,가축영양학,1,4
2016,2,2,가축영양학,2,3
2016,2,2,가축영양학,3,2
2016,2,2,가축영양학,4,4
2016,2,2,가축영양학,5,3
2016,2,2,가축영양학,6,2
2016,2,2,가축영양학,7,1
2016,2,2,가축영양학,8,2
2016,2,2,가축영양학,9,2
2016,2,2,가축영양학,10,"1,2"
2016,2,2,가축영양학,11,3
2016,2,2,가축영양학,12,2
2016,2,2,가축영양학,13,3
2016,2,2,가축영양학,14,1
2016,2,2,가축영양학,15,4
2016,2,2,가축영양학,16,4
2016,2,2,가축영양학,17,4
2016,2,2,가축영양학,18,3
2016,2,2,가축영양학,19,1
2016,2,2,가축영양학,20,2
2016,2,2,가축영양학,21,2
2016,2,2,가축영양학,22,1
2016,2,2,가축영양학,23,4
2016,2,2,가축영양학,24,1
2016,2,2,가축영양학,25,3
2016,2,2,가축영양학,26,1
2016,2,2,가축영양학,27,3
2016,2,2,가축영양학,28,4
2016,2,2,가축영양학,29,4
2016,2,2,가축영양학,30,4
2016,2,2,가축영양학,31,3
2016,2,2,가축영양학,32,3
2016,2,2,가축영양학,33,2
2016,2,2,가축영양학,34,2
2016,2,2,가축영양학,35,2
2016,2,2,애완동물,1,2
2016,2,2,애완동물,2,3
2016,2,2,애완동물,3,2
2016,2,2,애완동물,4,4
2016,2,2,애완동물,5,1
2016,2,2,애완동물,6,1
2016,2,2,애완동물,7,1
2016,2,2,애완동물,8,2
2016,2,2,애완동물,9,4
2016,2,2,애완동물,10,3
2016,2,2,애완동물,11,4
2016,2,2,애완동물,12,4
2016,2,2,애완동물,13,3
2016,2,2,애완동물,14,2
2016,2,2,애완동물,15,4
2016,2,2,애완동물,16,4
2016,2,2,애완동물,17,3
2016,2,2,애완동물,18,4
2016,2,2,애완동물,19,2
2016,2,2,애완동물,20,4
2016,2,2,애완동물,21,1
2016,2,2,애완동물,22,"1,4"
2016,2,2,애완동물,23,4
2016,2,2,애완동물,24,4
2016,2,2,애완동물,25,4
2016,2,2,애완동물,26,2
2016,2,2,애완동물,27,4
2016,2,2,애완동물,28,1
2016,2,2,애완동물,29,4
2016,2,2,애완동물,30,1
2016,2,2,애완동물,31,4
2016,2,2,애완동물,32,3
2016,2,2,애완동물,33,4
2016,2,2,애완동물,34,3
2016,2,2,애완동물,35,4
2016,2,2,재배식물생리학,1,3
2016,2,2,재배식물생리학,2,2
2016,2,2,재배식물생리학,3,4
2016,2,2,재배식물생리학,4,1
2016,2,2,재배식물생리학,5,4
2016,2,2,재배식물생리학,6,3
2016,2,2,재배식물생리학,7,3
2016,2,2,재배식물생리학,8,4
2016,2,2,재배식물생리학,9,2
2016,2,2,재배식물생리학,10,4
2016,2,2,재배식물생리학,11,2
2016,2,2,재배식물생리학,12,3
2016,2,2,재배식물생리학,13,1
2016,2,2,재배식물생리학,14,1
2016,2,2,재배식물생리학,15,4
2016,2,2,재배식물생리학,16,4
2016,2,2,재배식물생리학,17,1
2016,2,2,재배식물생리학,18,3
2016,2,2,재배식물생리학,19,4
2016,2,2,재배식물생리학,20,4
2016,2,2,재배식물생리학,21,4
2016,2,2,재배식물생리학,22,3
2016,2,2,재배식물생리학,23,1
2016,2,2,재배식물생리학,24,4
2016,2,2,재배식물생리학,25,1
2016,2,2,재배식물생리학,26,2
2016,2,2,재배식물생리학,27,4
2016,2,2,재배식물생리학,28,1
2016,2,2,재배식물생리학,29,3
2016,2,2,재배식물생리학,30,4
2016,2,2,재배식물생리학,31,1
2016,2,2,재배식물생리학,32,4
2016,2,2,재배식물생리학,33,4
2016,2,2,재배식물생리학,34,1
2016,2,2,재배식물생리학,35,2
2016,2,2,가계재무관리,1,1
2016,2,2,가계재무관리,2,1
2016,2,2,가계재무관리,3,2
2016,2,2,가계재무관리,4,3
2016,2,2,가계재무관리,5,4
2016,2,2,가계재무관리,6,3
2016,2,2,가계재무관리,7,3
2016,2,2,가계재무관리,8,2
2016,2,2,가계재무관리,9,2
2016,2,2,가계재무관리,10,4
2016,2,2,가계재무관리,11,3
2016,2,2,가계재무관리,12,4
2016,2,2,가계재무관리,13,4
2016,2,2,가계재무관리,14,3
2016,2,2,가계재무관리,15,2
2016,2,2,가계재무관리,16,1
2016,2,2,가계재무관리,17,4
2016,2,2,가계재무관리,18,1
2016,2,2,가계재무관리,19,2
2016,2,2,가계재무관리,20,3
2016,2,2,가계재무관리,21,3
2016,2,2,가계재무관리,22,2
2016,2,2,가계재무관리,23,1
2016,2,2,가계재무관리,24,4
2016,2,2,가계재무관리,25,1
2016,2,2,가계재무관리,26,4
2016,2,2,가계재무관리,27,2
2016,2,2,가계재무관리,28,1
2016,2,2,가계재무관리,29,4
2016,2,2,가계재무관리,30,1
2016,2,2,가계재무관리,31,4
2016,2,2,가계재무관리,32,2
2016,2,2,가계재무관리,33,3
2016,2,2,가계재무관리,34,1
2016,2,2,가계재무관리,35,2
2016,2,2,패션관리와스타일링,1,1
2016,2,2,패션관리와스타일링,2,3
2016,2,2,패션관리와스타일링,3,1
2016,2,2,패션관리와스타일링,4,2
2016,2,2,패션관리와스타일링,5,4
2016,2,2,패션관리와스타일링,6,3
2016,2,2,패션관리와스타일링,7,4
2016,2,2,패션관리와스타일링,8,1
2016,2,2,패션관리와스타일링,9,4
2016,2,2,패션관리와스타일링,10,3
2016,2,2,패션관리와스타일링,11,3
2016,2,2,패션관리와스타일링,12,4
2016,2,2,패션관리와스타일링,13,1
2016,2,2,패션관리와스타일링,14,2
2016,2,2,패션관리와스타일링,15,2
2016,2,2,패션관리와스타일링,16,4
2016,2,2,패션관리와스타일링,17,1
2016,2,2,패션관리와스타일링,18,1
2016,2,2,패션관리와스타일링,19,2
2016,2,2,패션관리와스타일링,20,3
2016,2,2,패션관리와스타일링,21,1
2016,2,2,패션관리와스타일링,22,3
2016,2,2,패션관리와스타일링,23,"1,4"
2016,2,2,패션관리와스타일링,24,2
2016,2,2,패션관리와스타일링,25,1
2016,2,2,패션관리와스타일링,26,4
2016,2,2,패션관리와스타일링,27,4
2016,2,2,패션관리와스타일링,28,3
2016,2,2,패션관리와스타일링,29,3
2016,2,2,패션관리와스타일링,30,2
2016,2,2,패션관리와스타일링,31,3
2016,2,2,패션관리와스타일링,32,1
2016,2,2,패션관리와스타일링,33,4
2016,2,2,패션관리와스타일링,34,3
2016,2,2,패션관리와스타일링,35,2
2016,2,2,아동영양학,1,4
2016,2,2,아동영양학,2,1
2016,2,2,아동영양학,3,4
2016,2,2,아동영양학,4,1
2016,2,2,아동영양학,5,3
2016,2,2,아동영양학,6,4
2016,2,2,아동영양학,7,2
2016,2,2,아동영양학,8,2
2016,2,2,아동영양학,9,2
2016,2,2,아동영양학,10,3
2016,2,2,아동영양학,11,2
2016,2,2,아동영양학,12,3
2016,2,2,아동영양학,13,4
2016,2,2,아동영양학,14,2
2016,2,2,아동영양학,15,4
2016,2,2,아동영양학,16,4
2016,2,2,아동영양학,17,3
2016,2,2,아동영양학,18,1
2016,2,2,아동영양학,19,1
2016,2,2,아동영양학,20,3
2016,2,2,아동영양학,21,2
2016,2,2,아동영양학,22,4
2016,2,2,아동영양학,23,3
2016,2,2,아동영양학,24,1
2016,2,2,아동영양학,25,2
2016,2,2,아동영양학,26,1
2016,2,2,아동영양학,27,3
2016,2,2,아동영양학,28,4
2016,2,2,아동영양학,29,3
2016,2,2,아동영양학,30,3
2016,2,2,아동영양학,31,4
2016,2,2,아동영양학,32,3
2016,2,2,아동영양학,33,2
2016,2,2,아동영양학,34,4
2016,2,2,아동영양학,35,1
2016,2,2,자료구조,1,2
2016,2,2,자료구조,2,1
2016,2,2,자료구조,3,4
2016,2,2,자료구조,4,3
2016,2,2,자료구조,5,3
2016,2,2,자료구조,6,3
2016,2,2,자료구조,7,1
2016,2,2,자료구조,8,2
2016,2,2,자료구조,9,4
2016,2,2,자료구조,10,4
2016,2,2,자료구조,11,4
2016,2,2,자료구조,12,1
2016,2,2,자료구조,13,4
2016,2,2,자료구조,14,3
2016,2,2,자료구조,15,1
2016,2,2,자료구조,16,4
2016,2,2,자료구조,17,3
2016,2,2,자료구조,18,1
2016,2,2,자료구조,19,3
2016,2,2,자료구조,20,2
2016,2,2,자료구조,21,2
2016,2,2,자료구조,22,4
2016,2,2,자료구조,23,1
2016,2,2,자료구조,24,4
2016,2,2,자료구조,25,2
2016,2,2,선형대수,1,3
2016,2,2,선형대수,2,4
2016,2,2,선형대수,3,1
2016,2,2,선형대수,4,2
2016,2,2,선형대수,5,4
2016,2,2,선형대수,6,1
2016,2,2,선형대수,7,3
2016,2,2,선형대수,8,2
2016,2,2,선형대수,9,2
2016,2,2,선형대수,10,3
2016,2,2,선형대수,11,4
2016,2,2,선형대수,12,1
2016,2,2,선형대수,13,2
2016,2,2,선형대수,14,3
2016,2,2,선형대수,15,4
2016,2,2,선형대수,16,4
2016,2,2,선형대수,17,1
2016,2,2,선형대수,18,1
2016,2,2,선형대수,19,2
2016,2,2,선형대수,20,3
2016,2,2,선형대수,21,2
2016,2,2,선형대수,22,4
2016,2,2,선형대수,23,3
2016,2,2,선형대수,24,1
2016,2,2,선형대수,25,4
2016,2,2,프로그래밍언어론,1,4
2016,2,2,프로그래밍언어론,2,4
2016,2,2,프로그래밍언어론,3,3
2016,2,2,프로그래밍언어론,4,1
2016,2,2,프로그래밍언어론,5,2
2016,2,2,프로그래밍언어론,6,3
2016,2,2,프로그래밍언어론,7,4
2016,2,2,프로그래밍언어론,8,3
2016,2,2,프로그래밍언어론,9,2
2016,2,2,프로그래밍언어론,10,1
2016,2,2,프로그래밍언어론,11,2
2016,2,2,프로그래밍언어론,12,4
2016,2,2,프로그래밍언어론,13,2
2016,2,2,프로그래밍언어론,14,1
2016,2,2,프로그래밍언어론,15,2
2016,2,2,프로그래밍언어론,16,3
2016,2,2,프로그래밍언어론,17,1
2016,2,2,프로그래밍언어론,18,3
2016,2,2,프로그래밍언어론,19,4
2016,2,2,프로그래밍언어론,20,1
2016,2,2,프로그래밍언어론,21,1
2016,2,2,프로그래밍언어론,22,2
2016,2,2,프로그래밍언어론,23,3
2016,2,2,프로그래밍언어론,24,4
2016,2,2,프로그래밍언어론,25,4
2016,2,2,확률의개념과응용,1,4
2016,2,2,확률의개념과응용,2,2
2016,2,2,확률의개념과응용,3,2
2016,2,2,확률의개념과응용,4,3
2016,2,2,확률의개념과응용,5,2
2016,2,2,확률의개념과응용,6,2
2016,2,2,확률의개념과응용,7,1
2016,2,2,확률의개념과응용,8,4
2016,2,2,확률의개념과응용,9,1
2016,2,2,확률의개념과응용,10,3
2016,2,2,확률의개념과응용,11,2
2016,2,2,확률의개념과응용,12,4
2016,2,2,확률의개념과응용,13,3
2016,2,2,확률의개념과응용,14,1
2016,2,2,확률의개념과응용,15,4
2016,2,2,확률의개념과응용,16,2
2016,2,2,확률의개념과응용,17,2
2016,2,2,확률의개념과응용,18,2
2016,2,2,확률의개념과응용,19,1
2016,2,2,확률의개념과응용,20,2
2016,2,2,확률의개념과응용,21,3
2016,2,2,확률의개념과응용,22,4
2016,2,2,확률의개념과응용,23,3
2016,2,2,확률의개념과응용,24,1
2016,2,2,확률의개념과응용,25,4
2016,2,2,여론조사의이해,1,2
2016,2,2,여론조사의이해,2,1
2016,2,2,여론조사의이해,3,1
2016,2,2,여론조사의이해,4,3
2016,2,2,여론조사의이해,5,3
2016,2,2,여론조사의이해,6,2
2016,2,2,여론조사의이해,7,3
2016,2,2,여론조사의이해,8,1
2016,2,2,여론조사의이해,9,2
2016,2,2,여론조사의이해,10,3
2016,2,2,여론조사의이해,11,1
2016,2,2,여론조사의이해,12,4
2016,2,2,여론조사의이해,13,2
2016,2,2,여론조사의이해,14,4
2016,2,2,여론조사의이해,15,1
2016,2,2,여론조사의이해,16,1
2016,2,2,여론조사의이해,17,2
2016,2,2,여론조사의이해,18,3
2016,2,2,여론조사의이해,19,3
2016,2,2,여론조사의이해,20,1
2016,2,2,여론조사의이해,21,1
2016,2,2,여론조사의이해,22,1
2016,2,2,여론조사의이해,23,2
2016,2,2,여론조사의이해,24,3
2016,2,2,여론조사의이해,25,4
2016,2,2,여론조사의이해,26,4
2016,2,2,여론조사의이해,27,4
2016,2,2,여론조사의이해,28,3
2016,2,2,여론조사의이해,29,1
2016,2,2,여론조사의이해,30,3
2016,2,2,여론조사의이해,31,4
2016,2,2,여론조사의이해,32,3
2016,2,2,여론조사의이해,33,1
2016,2,2,여론조사의이해,34,1
2016,2,2,여론조사의이해,35,2
2016,2,2,데이터처리와활용,1,2
2016,2,2,데이터처리와활용,2,2
2016,2,2,데이터처리와활용,3,3
2016,2,2,데이터처리와활용,4,1
2016,2,2,데이터처리와활용,5,4
2016,2,2,데이터처리와활용,6,3
2016,2,2,데이터처리와활용,7,1
2016,2,2,데이터처리와활용,8,2
2016,2,2,데이터처리와활용,9,3
2016,2,2,데이터처리와활용,10,2
2016,2,2,데이터처리와활용,11,1
2016,2,2,데이터처리와활용,12,4
2016,2,2,데이터처리와활용,13,2
2016,2,2,데이터처리와활용,14,2
2016,2,2,데이터처리와활용,15,3
2016,2,2,데이터처리와활용,16,4
2016,2,2,데이터처리와활용,17,2
2016,2,2,데이터처리와활용,18,3
2016,2,2,데이터처리와활용,19,2
2016,2,2,데이터처리와활용,20,1
2016,2,2,데이터처리와활용,21,2
2016,2,2,데이터처리와활용,22,4
2016,2,2,데이터처리와활용,23,2
2016,2,2,데이터처리와활용,24,1
2016,2,2,데이터처리와활용,25,4
2016,2,2,산업보건학,1,4
2016,2,2,산업보건학,2,4
2016,2,2,산업보건학,3,1
2016,2,2,산업보건학,4,1
2016,2,2,산업보건학,5,4
2016,2,2,산업보건학,6,3
2016,2,2,산업보건학,7,1
2016,2,2,산업보건학,8,3
2016,2,2,산업보건학,9,3
2016,2,2,산업보건학,10,1
2016,2,2,산업보건학,11,4
2016,2,2,산업보건학,12,3
2016,2,2,산업보건학,13,"1,2,3,4"
2016,2,2,산업보건학,14,4
2016,2,2,산업보건학,15,4
2016,2,2,산업보건학,16,2
2016,2,2,산업보건학,17,1
2016,2,2,산업보건학,18,4
2016,2,2,산업보건학,19,2
2016,2,2,산업보건학,20,2
2016,2,2,산업보건학,21,1
2016,2,2,산업보건학,22,3
2016,2,2,산업보건학,23,4
2016,2,2,산업보건학,24,1
2016,2,2,산업보건학,25,4
2016,2,2,산업보건학,26,1
2016,2,2,산업보건학,27,4
2016,2,2,산업보건학,28,3
2016,2,2,산업보건학,29,1
2016,2,2,산업보건학,30,2
2016,2,2,산업보건학,31,3
2016,2,2,산업보건학,32,4
2016,2,2,산업보건학,33,3
2016,2,2,산업보건학,34,3
2016,2,2,산업보건학,35,3
2016,2,2,의료사회사업론,1,2
2016,2,2,의료사회사업론,2,3
2016,2,2,의료사회사업론,3,1
2016,2,2,의료사회사업론,4,3
2016,2,2,의료사회사업론,5,2
2016,2,2,의료사회사업론,6,1
2016,2,2,의료사회사업론,7,3
2016,2,2,의료사회사업론,8,1
2016,2,2,의료사회사업론,9,4
2016,2,2,의료사회사업론,10,4
2016,2,2,의료사회사업론,11,4
2016,2,2,의료사회사업론,12,3
2016,2,2,의료사회사업론,13,4
2016,2,2,의료사회사업론,14,2
2016,2,2,의료사회사업론,15,1
2016,2,2,의료사회사업론,16,3
2016,2,2,의료사회사업론,17,4
2016,2,2,의료사회사업론,18,3
2016,2,2,의료사회사업론,19,1
2016,2,2,의료사회사업론,20,2
2016,2,2,의료사회사업론,21,2
2016,2,2,의료사회사업론,22,4
2016,2,2,의료사회사업론,23,3
2016,2,2,의료사회사업론,24,2
2016,2,2,의료사회사업론,25,1
2016,2,2,의료사회사업론,26,4
2016,2,2,의료사회사업론,27,2
2016,2,2,의료사회사업론,28,4
2016,2,2,의료사회사업론,29,1
2016,2,2,의료사회사업론,30,3
2016,2,2,의료사회사업론,31,4
2016,2,2,의료사회사업론,32,2
2016,2,2,의료사회사업론,33,3
2016,2,2,의료사회사업론,34,3
2016,2,2,의료사회사업론,35,1
2016,2,2,환경생화학,1,4
2016,2,2,환경생화학,2,3
2016,2,2,환경생화학,3,1
2016,2,2,환경생화학,4,2
2016,2,2,환경생화학,5,"2,3"
2016,2,2,환경생화학,6,1
2016,2,2,환경생화학,7,4
2016,2,2,환경생화학,8,2
2016,2,2,환경생화학,9,4
2016,2,2,환경생화학,10,3
2016,2,2,환경생화학,11,1
2016,2,2,환경생화학,12,3
2016,2,2,환경생화학,13,1
2016,2,2,환경생화학,14,2
2016,2,2,환경생화학,15,"1,2,3,4"
2016,2,2,환경생화학,16,2
2016,2,2,환경생화학,17,1
2016,2,2,환경생화학,18,4
2016,2,2,환경생화학,19,3
2016,2,2,환경생화학,20,2
2016,2,2,환경생화학,21,4
2016,2,2,환경생화학,22,2
2016,2,2,환경생화학,23,3
2016,2,2,환경생화학,24,1
2016,2,2,환경생화학,25,4
2016,2,2,환경생화학,26,4
2016,2,2,환경생화학,27,1
2016,2,2,환경생화학,28,1
2016,2,2,환경생화학,29,2
2016,2,2,환경생화학,30,2
2016,2,2,환경생화학,31,2
2016,2,2,환경생화학,32,3
2016,2,2,환경생화학,33,3
2016,2,2,환경생화학,34,4
2016,2,2,환경생화학,35,2
2016,2,2,청소년심리,1,2
2016,2,2,청소년심리,2,2
2016,2,2,청소년심리,3,3
2016,2,2,청소년심리,4,2
2016,2,2,청소년심리,5,1
2016,2,2,청소년심리,6,2
2016,2,2,청소년심리,7,3
2016,2,2,청소년심리,8,2
2016,2,2,청소년심리,9,4
2016,2,2,청소년심리,10,3
2016,2,2,청소년심리,11,4
2016,2,2,청소년심리,12,3
2016,2,2,청소년심리,13,1
2016,2,2,청소년심리,14,2
2016,2,2,청소년심리,15,2
2016,2,2,청소년심리,16,1
2016,2,2,청소년심리,17,3
2016,2,2,청소년심리,18,3
2016,2,2,청소년심리,19,4
2016,2,2,청소년심리,20,4
2016,2,2,청소년심리,21,3
2016,2,2,청소년심리,22,4
2016,2,2,청소년심리,23,2
2016,2,2,청소년심리,24,2
2016,2,2,청소년심리,25,2
2016,2,2,청소년심리,26,4
2016,2,2,청소년심리,27,3
2016,2,2,청소년심리,28,4
2016,2,2,청소년심리,29,4
2016,2,2,청소년심리,30,4
2016,2,2,청소년심리,31,3
2016,2,2,청소년심리,32,2
2016,2,2,청소년심리,33,2
2016,2,2,청소년심리,34,1
2016,2,2,청소년심리,35,1
2016,2,2,인적자원개발론,1,4
2016,2,2,인적자원개발론,2,2
2016,2,2,인적자원개발론,3,2
2016,2,2,인적자원개발론,4,4
2016,2,2,인적자원개발론,5,1
2016,2,2,인적자원개발론,6,4
2016,2,2,인적자원개발론,7,2
2016,2,2,인적자원개발론,8,3
2016,2,2,인적자원개발론,9,1
2016,2,2,인적자원개발론,10,2
2016,2,2,인적자원개발론,11,3
2016,2,2,인적자원개발론,12,1
2016,2,2,인적자원개발론,13,1
2016,2,2,인적자원개발론,14,1
2016,2,2,인적자원개발론,15,4
2016,2,2,인적자원개발론,16,3
2016,2,2,인적자원개발론,17,4
2016,2,2,인적자원개발론,18,3
2016,2,2,인적자원개발론,19,4
2016,2,2,인적자원개발론,20,4
2016,2,2,인적자원개발론,21,3
2016,2,2,인적자원개발론,22,3
2016,2,2,인적자원개발론,23,4
2016,2,2,인적자원개발론,24,3
2016,2,2,인적자원개발론,25,4
2016,2,2,인적자원개발론,26,1
2016,2,2,인적자원개발론,27,1
2016,2,2,인적자원개발론,28,1
2016,2,2,인적자원개발론,29,1
2016,2,2,인적자원개발론,30,2
2016,2,2,인적자원개발론,31,1
2016,2,2,인적자원개발론,32,2
2016,2,2,인적자원개발론,33,1
2016,2,2,인적자원개발론,34,3
2016,2,2,인적자원개발론,35,1
2016,2,2,여성교육론,1,1
2016,2,2,여성교육론,2,2
2016,2,2,여성교육론,3,3
2016,2,2,여성교육론,4,2
2016,2,2,여성교육론,5,2
2016,2,2,여성교육론,6,2
2016,2,2,여성교육론,7,2
2016,2,2,여성교육론,8,2
2016,2,2,여성교육론,9,3
2016,2,2,여성교육론,10,2
2016,2,2,여성교육론,11,1
2016,2,2,여성교육론,12,4
2016,2,2,여성교육론,13,1
2016,2,2,여성교육론,14,2
2016,2,2,여성교육론,15,2
2016,2,2,여성교육론,16,4
2016,2,2,여성교육론,17,3
2016,2,2,여성교육론,18,1
2016,2,2,여성교육론,19,1
2016,2,2,여성교육론,20,4
2016,2,2,여성교육론,21,4
2016,2,2,여성교육론,22,2
2016,2,2,여성교육론,23,1
2016,2,2,여성교육론,24,2
2016,2,2,여성교육론,25,4
2016,2,2,여성교육론,26,4
2016,2,2,여성교육론,27,1
2016,2,2,여성교육론,28,2
2016,2,2,여성교육론,29,2
2016,2,2,여성교육론,30,4
2016,2,2,여성교육론,31,2
2016,2,2,여성교육론,32,3
2016,2,2,여성교육론,33,1
2016,2,2,여성교육론,34,4
2016,2,2,여성교육론,35,3
2016,2,2,유아교육철학및교육사,1,2
2016,2,2,유아교육철학및교육사,2,4
2016,2,2,유아교육철학및교육사,3,3
2016,2,2,유아교육철학및교육사,4,1
2016,2,2,유아교육철학및교육사,5,4
2016,2,2,유아교육철학및교육사,6,1
2016,2,2,유아교육철학및교육사,7,2
2016,2,2,유아교육철학및교육사,8,1
2016,2,2,유아교육철학및교육사,9,3
2016,2,2,유아교육철학및교육사,10,3
2016,2,2,유아교육철학및교육사,11,3
2016,2,2,유아교육철학및교육사,12,1
2016,2,2,유아교육철학및교육사,13,3
2016,2,2,유아교육철학및교육사,14,4
2016,2,2,유아교육철학및교육사,15,1
2016,2,2,유아교육철학및교육사,16,2
2016,2,2,유아교육철학및교육사,17,1
2016,2,2,유아교육철학및교육사,18,3
2016,2,2,유아교육철학및교육사,19,4
2016,2,2,유아교육철학및교육사,20,2
2016,2,2,유아교육철학및교육사,21,2
2016,2,2,유아교육철학및교육사,22,4
2016,2,2,유아교육철학및교육사,23,4
2016,2,2,유아교육철학및교육사,24,2
2016,2,2,유아교육철학및교육사,25,3
2016,2,2,유아교육철학및교육사,26,2
2016,2,2,유아교육철학및교육사,27,1
2016,2,2,유아교육철학및교육사,28,4
2016,2,2,유아교육철학및교육사,29,2
2016,2,2,유아교육철학및교육사,30,1
2016,2,2,유아교육철학및교육사,31,3
2016,2,2,유아교육철학및교육사,32,4
2016,2,2,유아교육철학및교육사,33,2
2016,2,2,유아교육철학및교육사,34,1
2016,2,2,유아교육철학및교육사,35,4
2016,2,2,학교폭력예방의이론과실제,1,3
2016,2,2,학교폭력예방의이론과실제,2,1
2016,2,2,학교폭력예방의이론과실제,3,3
2016,2,2,학교폭력예방의이론과실제,4,1
2016,2,2,학교폭력예방의이론과실제,5,4
2016,2,2,학교폭력예방의이론과실제,6,4
2016,2,2,학교폭력예방의이론과실제,7,3
2016,2,2,학교폭력예방의이론과실제,8,2
2016,2,2,학교폭력예방의이론과실제,9,3
2016,2,2,학교폭력예방의이론과실제,10,4
2016,2,2,학교폭력예방의이론과실제,11,3
2016,2,2,학교폭력예방의이론과실제,12,3
2016,2,2,학교폭력예방의이론과실제,13,2
2016,2,2,학교폭력예방의이론과실제,14,1
2016,2,2,학교폭력예방의이론과실제,15,4
2016,2,2,학교폭력예방의이론과실제,16,3
2016,2,2,학교폭력예방의이론과실제,17,4
2016,2,2,학교폭력예방의이론과실제,18,3
2016,2,2,학교폭력예방의이론과실제,19,3
2016,2,2,학교폭력예방의이론과실제,20,4
2016,2,2,학교폭력예방의이론과실제,21,1
2016,2,2,학교폭력예방의이론과실제,22,3
2016,2,2,학교폭력예방의이론과실제,23,3
2016,2,2,학교폭력예방의이론과실제,24,3
2016,2,2,학교폭력예방의이론과실제,25,2
2016,2,2,학교폭력예방의이론과실제,26,1
2016,2,2,학교폭력예방의이론과실제,27,1
2016,2,2,학교폭력예방의이론과실제,28,2
2016,2,2,학교폭력예방의이론과실제,29,2
2016,2,2,학교폭력예방의이론과실제,30,4
2016,2,2,학교폭력예방의이론과실제,31,3
2016,2,2,학교폭력예방의이론과실제,32,1
2016,2,2,학교폭력예방의이론과실제,33,4
2016,2,2,학교폭력예방의이론과실제,34,3
2016,2,2,학교폭력예방의이론과실제,35,1
2016,2,2,유아수학교육,1,2
2016,2,2,유아수학교육,2,1
2016,2,2,유아수학교육,3,2
2016,2,2,유아수학교육,4,3
2016,2,2,유아수학교육,5,3
2016,2,2,유아수학교육,6,2
2016,2,2,유아수학교육,7,3
2016,2,2,유아수학교육,8,4
2016,2,2,유아수학교육,9,1
2016,2,2,유아수학교육,10,3
2016,2,2,유아수학교육,11,3
2016,2,2,유아수학교육,12,4
2016,2,2,유아수학교육,13,4
2016,2,2,유아수학교육,14,4
2016,2,2,유아수학교육,15,1
2016,2,2,유아수학교육,16,4
2016,2,2,유아수학교육,17,3
2016,2,2,유아수학교육,18,3
2016,2,2,유아수학교육,19,4
2016,2,2,유아수학교육,20,2
2016,2,2,유아수학교육,21,1
2016,2,2,유아수학교육,22,3
2016,2,2,유아수학교육,23,1
2016,2,2,유아수학교육,24,3
2016,2,2,유아수학교육,25,4
2016,2,2,유아수학교육,26,2
2016,2,2,유아수학교육,27,4
2016,2,2,유아수학교육,28,1
2016,2,2,유아수학교육,29,1
2016,2,2,유아수학교육,30,3
2016,2,2,유아수학교육,31,2
2016,2,2,유아수학교육,32,1
2016,2,2,유아수학교육,33,4
2016,2,2,유아수학교육,34,3
2016,2,2,유아수학교육,35,3
2016,2,2,아동문학,1,3
2016,2,2,아동문학,2,2
2016,2,2,아동문학,3,1
2016,2,2,아동문학,4,1
2016,2,2,아동문학,5,3
2016,2,2,아동문학,6,4
2016,2,2,아동문학,7,3
2016,2,2,아동문학,8,4
2016,2,2,아동문학,9,3
2016,2,2,아동문학,10,4
2016,2,2,아동문학,11,3
2016,2,2,아동문학,12,4
2016,2,2,아동문학,13,1
2016,2,2,아동문학,14,4
2016,2,2,아동문학,15,2
2016,2,2,아동문학,16,1
2016,2,2,아동문학,17,2
2016,2,2,아동문학,18,3
2016,2,2,아동문학,19,2
2016,2,2,아동문학,20,3
2016,2,2,아동문학,21,1
2016,2,2,아동문학,22,2
2016,2,2,아동문학,23,4
2016,2,2,아동문학,24,1
2016,2,2,아동문학,25,4
2016,2,2,아동문학,26,1
2016,2,2,아동문학,27,4
2016,2,2,아동문학,28,2
2016,2,2,아동문학,29,4
2016,2,2,아동문학,30,3
2016,2,2,아동문학,31,3
2016,2,2,아동문학,32,3
2016,2,2,아동문학,33,2
2016,2,2,아동문학,34,2
2016,2,2,아동문학,35,3
2016,2,2,인물로본문화,1,4
2016,2,2,인물로본문화,2,3
2016,2,2,인물로본문화,3,4
2016,2,2,인물로본문화,4,2
2016,2,2,인물로본문화,5,1
2016,2,2,인물로본문화,6,3
2016,2,2,인물로본문화,7,1
2016,2,2,인물로본문화,8,2
2016,2,2,인물로본문화,9,3
2016,2,2,인물로본문화,10,4
2016,2,2,인물로본문화,11,1
2016,2,2,인물로본문화,12,2
2016,2,2,인물로본문화,13,3
2016,2,2,인물로본문화,14,4
2016,2,2,인물로본문화,15,2
2016,2,2,인물로본문화,16,1
2016,2,2,인물로본문화,17,4
2016,2,2,인물로본문화,18,2
2016,2,2,인물로본문화,19,3
2016,2,2,인물로본문화,20,1
2016,2,2,인물로본문화,21,1
2016,2,2,인물로본문화,22,4
2016,2,2,인물로본문화,23,2
2016,2,2,인물로본문화,24,2
2016,2,2,인물로본문화,25,"1,3"
2016,2,2,인물로본문화,26,3
2016,2,2,인물로본문화,27,4
2016,2,2,인물로본문화,28,2
2016,2,2,인물로본문화,29,1
2016,2,2,인물로본문화,30,1
2016,2,2,인물로본문화,31,4
2016,2,2,인물로본문화,32,2
2016,2,2,인물로본문화,33,1
2016,2,2,인물로본문화,34,3
2016,2,2,인물로본문화,35,4
2016,2,2,역사의현장을찾아서,1,3
2016,2,2,역사의현장을찾아서,2,3
2016,2,2,역사의현장을찾아서,3,3
2016,2,2,역사의현장을찾아서,4,1
2016,2,2,역사의현장을찾아서,5,2
2016,2,2,역사의현장을찾아서,6,4
2016,2,2,역사의현장을찾아서,7,1
2016,2,2,역사의현장을찾아서,8,2
2016,2,2,역사의현장을찾아서,9,4
2016,2,2,역사의현장을찾아서,10,2
2016,2,2,역사의현장을찾아서,11,3
2016,2,2,역사의현장을찾아서,12,4
2016,2,2,역사의현장을찾아서,13,3
2016,2,2,역사의현장을찾아서,14,4
2016,2,2,역사의현장을찾아서,15,2
2016,2,2,역사의현장을찾아서,16,2
2016,2,2,역사의현장을찾아서,17,3
2016,2,2,역사의현장을찾아서,18,2
2016,2,2,역사의현장을찾아서,19,2
2016,2,2,역사의현장을찾아서,20,4
2016,2,2,역사의현장을찾아서,21,3
2016,2,2,역사의현장을찾아서,22,2
2016,2,2,역사의현장을찾아서,23,1
2016,2,2,역사의현장을찾아서,24,1
2016,2,2,역사의현장을찾아서,25,2
2016,2,2,역사의현장을찾아서,26,2
2016,2,2,역사의현장을찾아서,27,3
2016,2,2,역사의현장을찾아서,28,4
2016,2,2,역사의현장을찾아서,29,2
2016,2,2,역사의현장을찾아서,30,1
2016,2,2,역사의현장을찾아서,31,2
2016,2,2,역사의현장을찾아서,32,3
2016,2,2,역사의현장을찾아서,33,2
2016,2,2,역사의현장을찾아서,34,3
2016,2,2,역사의현장을찾아서,35,4
2016,2,2,생활속의경제,1,4
2016,2,2,생활속의경제,2,2
2016,2,2,생활속의경제,3,1
2016,2,2,생활속의경제,4,2
2016,2,2,생활속의경제,5,3
2016,2,2,생활속의경제,6,3
2016,2,2,생활속의경제,7,1
2016,2,2,생활속의경제,8,4
2016,2,2,생활속의경제,9,1
2016,2,2,생활속의경제,10,3
2016,2,2,생활속의경제,11,4
2016,2,2,생활속의경제,12,3
2016,2,2,생활속의경제,13,2
2016,2,2,생활속의경제,14,2
2016,2,2,생활속의경제,15,2
2016,2,2,생활속의경제,16,4
2016,2,2,생활속의경제,17,1
2016,2,2,생활속의경제,18,4
2016,2,2,생활속의경제,19,1
2016,2,2,생활속의경제,20,3
2016,2,2,생활속의경제,21,1
2016,2,2,생활속의경제,22,2
2016,2,2,생활속의경제,23,4
2016,2,2,생활속의경제,24,1
2016,2,2,생활속의경제,25,1
2016,2,2,음악의이해와감상,1,4
2016,2,2,음악의이해와감상,2,1
2016,2,2,음악의이해와감상,3,2
2016,2,2,음악의이해와감상,4,4
2016,2,2,음악의이해와감상,5,3
2016,2,2,음악의이해와감상,6,1
2016,2,2,음악의이해와감상,7,4
2016,2,2,음악의이해와감상,8,2
2016,2,2,음악의이해와감상,9,4
2016,2,2,음악의이해와감상,10,4
2016,2,2,음악의이해와감상,11,1
2016,2,2,음악의이해와감상,12,1
2016,2,2,음악의이해와감상,13,4
2016,2,2,음악의이해와감상,14,2
2016,2,2,음악의이해와감상,15,3
2016,2,2,음악의이해와감상,16,3
2016,2,2,음악의이해와감상,17,4
2016,2,2,음악의이해와감상,18,3
2016,2,2,음악의이해와감상,19,1
2016,2,2,음악의이해와감상,20,3
2016,2,2,음악의이해와감상,21,2
2016,2,2,음악의이해와감상,22,4
2016,2,2,음악의이해와감상,23,3
2016,2,2,음악의이해와감상,24,2
2016,2,2,음악의이해와감상,25,1
2016,2,2,음악의이해와감상,26,3
2016,2,2,음악의이해와감상,27,3
2016,2,2,음악의이해와감상,28,3
2016,2,2,음악의이해와감상,29,1
2016,2,2,음악의이해와감상,30,4
2016,2,2,음악의이해와감상,31,3
2016,2,2,음악의이해와감상,32,3
2016,2,2,음악의이해와감상,33,4
2016,2,2,음악의이해와감상,34,"1,2"
2016,2,2,음악의이해와감상,35,1
2016,2,2,사회복지실천론,1,4
2016,2,2,사회복지실천론,2,3
2016,2,2,사회복지실천론,3,1
2016,2,2,사회복지실천론,4,2
2016,2,2,사회복지실천론,5,1
2016,2,2,사회복지실천론,6,2
2016,2,2,사회복지실천론,7,3
2016,2,2,사회복지실천론,8,2
2016,2,2,사회복지실천론,9,3
2016,2,2,사회복지실천론,10,1
2016,2,2,사회복지실천론,11,1
2016,2,2,사회복지실천론,12,3
2016,2,2,사회복지실천론,13,2
2016,2,2,사회복지실천론,14,2
2016,2,2,사회복지실천론,15,1
2016,2,2,사회복지실천론,16,4
2016,2,2,사회복지실천론,17,3
2016,2,2,사회복지실천론,18,1
2016,2,2,사회복지실천론,19,4
2016,2,2,사회복지실천론,20,3
2016,2,2,사회복지실천론,21,1
2016,2,2,사회복지실천론,22,1
2016,2,2,사회복지실천론,23,3
2016,2,2,사회복지실천론,24,4
2016,2,2,사회복지실천론,25,4
2016,2,2,사회복지실천론,26,3
2016,2,2,사회복지실천론,27,2
2016,2,2,사회복지실천론,28,2
2016,2,2,사회복지실천론,29,2
2016,2,2,사회복지실천론,30,2
2016,2,2,사회복지실천론,31,4
2016,2,2,사회복지실천론,32,2
2016,2,2,사회복지실천론,33,3
2016,2,2,사회복지실천론,34,1
2016,2,2,사회복지실천론,35,3
2016,2,3,인간과교육,1,4
2016,2,3,인간과교육,2,4
2016,2,3,인간과교육,3,1
2016,2,3,인간과교육,4,2
2016,2,3,인간과교육,5,2
2016,2,3,인간과교육,6,2
2016,2,3,인간과교육,7,3
2016,2,3,인간과교육,8,3
2016,2,3,인간과교육,9,4
2016,2,3,인간과교육,10,3
2016,2,3,인간과교육,11,1
2016,2,3,인간과교육,12,3
2016,2,3,인간과교육,13,1
2016,2,3,인간과교육,14,4
2016,2,3,인간과교육,15,2
2016,2,3,인간과교육,16,"2,4"
2016,2,3,인간과교육,17,3
2016,2,3,인간과교육,18,1
2016,2,3,인간과교육,19,3
2016,2,3,인간과교육,20,1
2016,2,3,인간과교육,21,4
2016,2,3,인간과교육,22,3
2016,2,3,인간과교육,23,3
2016,2,3,인간과교육,24,1
2016,2,3,인간과교육,25,4
2016,2,3,인간과교육,26,3
2016,2,3,인간과교육,27,4
2016,2,3,인간과교육,28,4
2016,2,3,인간과교육,29,1
2016,2,3,인간과교육,30,2
2016,2,3,인간과교육,31,2
2016,2,3,인간과교육,32,1
2016,2,3,인간과교육,33,1
2016,2,3,인간과교육,34,4
2016,2,3,인간과교육,35,2
2016,2,3,통일인사이드,1,2
2016,2,3,통일인사이드,2,4
2016,2,3,통일인사이드,3,1
2016,2,3,통일인사이드,4,2
2016,2,3,통일인사이드,5,4
2016,2,3,통일인사이드,6,4
2016,2,3,통일인사이드,7,2
2016,2,3,통일인사이드,8,2
2016,2,3,통일인사이드,9,4
2016,2,3,통일인사이드,10,2
2016,2,3,통일인사이드,11,3
2016,2,3,통일인사이드,12,1
2016,2,3,통일인사이드,13,4
2016,2,3,통일인사이드,14,4
2016,2,3,통일인사이드,15,1
2016,2,3,통일인사이드,16,3
2016,2,3,통일인사이드,17,2
2016,2,3,통일인사이드,18,3
2016,2,3,통일인사이드,19,4
2016,2,3,통일인사이드,20,3
2016,2,3,통일인사이드,21,2
2016,2,3,통일인사이드,22,1
2016,2,3,통일인사이드,23,3
2016,2,3,통일인사이드,24,4
2016,2,3,통일인사이드,25,3
2016,2,3,통일인사이드,26,2
2016,2,3,통일인사이드,27,4
2016,2,3,통일인사이드,28,1
2016,2,3,통일인사이드,29,2
2016,2,3,통일인사이드,30,1
2016,2,3,통일인사이드,31,4
2016,2,3,통일인사이드,32,3
2016,2,3,통일인사이드,33,1
2016,2,3,통일인사이드,34,4
2016,2,3,통일인사이드,35,1
2016,2,3,현대시론,1,4
2016,2,3,현대시론,2,3
2016,2,3,현대시론,3,3
2016,2,3,현대시론,4,"1,3"
2016,2,3,현대시론,5,3
2016,2,3,현대시론,6,4
2016,2,3,현대시론,7,1
2016,2,3,현대시론,8,3
2016,2,3,현대시론,9,4
2016,2,3,현대시론,10,1
2016,2,3,현대시론,11,2
2016,2,3,현대시론,12,1
2016,2,3,현대시론,13,2
2016,2,3,현대시론,14,1
2016,2,3,현대시론,15,2
2016,2,3,현대시론,16,4
2016,2,3,현대시론,17,1
2016,2,3,현대시론,18,4
2016,2,3,현대시론,19,3
2016,2,3,현대시론,20,2
2016,2,3,현대시론,21,3
2016,2,3,현대시론,22,3
2016,2,3,현대시론,23,1
2016,2,3,현대시론,24,4
2016,2,3,현대시론,25,2
2016,2,3,현대시론,26,3
2016,2,3,현대시론,27,1
2016,2,3,현대시론,28,3
2016,2,3,현대시론,29,4
2016,2,3,현대시론,30,2
2016,2,3,현대시론,31,2
2016,2,3,현대시론,32,4
2016,2,3,현대시론,33,2
2016,2,3,현대시론,34,4
2016,2,3,현대시론,35,3
2016,2,3,고소설론과작가,1,4
2016,2,3,고소설론과작가,2,4
2016,2,3,고소설론과작가,3,4
2016,2,3,고소설론과작가,4,2
2016,2,3,고소설론과작가,5,1
2016,2,3,고소설론과작가,6,1
2016,2,3,고소설론과작가,7,2
2016,2,3,고소설론과작가,8,2
2016,2,3,고소설론과작가,9,4
2016,2,3,고소설론과작가,10,1
2016,2,3,고소설론과작가,11,3
2016,2,3,고소설론과작가,12,1
2016,2,3,고소설론과작가,13,1
2016,2,3,고소설론과작가,14,4
2016,2,3,고소설론과작가,15,2
2016,2,3,고소설론과작가,16,4
2016,2,3,고소설론과작가,17,3
2016,2,3,고소설론과작가,18,4
2016,2,3,고소설론과작가,19,3
2016,2,3,고소설론과작가,20,3
2016,2,3,고소설론과작가,21,2
2016,2,3,고소설론과작가,22,1
2016,2,3,고소설론과작가,23,3
2016,2,3,고소설론과작가,24,4
2016,2,3,고소설론과작가,25,4
2016,2,3,고소설론과작가,26,2
2016,2,3,고소설론과작가,27,2
2016,2,3,고소설론과작가,28,3
2016,2,3,고소설론과작가,29,4
2016,2,3,고소설론과작가,30,3
2016,2,3,고소설론과작가,31,2
2016,2,3,고소설론과작가,32,4
2016,2,3,고소설론과작가,33,4
2016,2,3,고소설론과작가,34,4
2016,2,3,고소설론과작가,35,2
2016,2,3,근현대문학사,1,4
2016,2,3,근현대문학사,2,4
2016,2,3,근현대문학사,3,1
2016,2,3,근현대문학사,4,2
2016,2,3,근현대문학사,5,3
2016,2,3,근현대문학사,6,2
2016,2,3,근현대문학사,7,1
2016,2,3,근현대문학사,8,3
2016,2,3,근현대문학사,9,4
2016,2,3,근현대문학사,10,2
2016,2,3,근현대문학사,11,1
2016,2,3,근현대문학사,12,3
2016,2,3,근현대문학사,13,3
2016,2,3,근현대문학사,14,1
2016,2,3,근현대문학사,15,4
2016,2,3,근현대문학사,16,2
2016,2,3,근현대문학사,17,1
2016,2,3,근현대문학사,18,4
2016,2,3,근현대문학사,19,2
2016,2,3,근현대문학사,20,3
2016,2,3,근현대문학사,21,1
2016,2,3,근현대문학사,22,3
2016,2,3,근현대문학사,23,2
2016,2,3,근현대문학사,24,4
2016,2,3,근현대문학사,25,4
2016,2,3,근현대문학사,26,4
2016,2,3,근현대문학사,27,3
2016,2,3,근현대문학사,28,2
2016,2,3,근현대문학사,29,3
2016,2,3,근현대문학사,30,1
2016,2,3,근현대문학사,31,1
2016,2,3,근현대문학사,32,2
2016,2,3,근현대문학사,33,3
2016,2,3,근현대문학사,34,2
2016,2,3,근현대문학사,35,1
2016,2,3,중세국어연습,1,3
2016,2,3,중세국어연습,2,3
2016,2,3,중세국어연습,3,2
2016,2,3,중세국어연습,4,1
2016,2,3,중세국어연습,5,1
2016,2,3,중세국어연습,6,2
2016,2,3,중세국어연습,7,2
2016,2,3,중세국어연습,8,3
2016,2,3,중세국어연습,9,4
2016,2,3,중세국어연습,10,2
2016,2,3,중세국어연습,11,4
2016,2,3,중세국어연습,12,1
2016,2,3,중세국어연습,13,4
2016,2,3,중세국어연습,14,3
2016,2,3,중세국어연습,15,4
2016,2,3,중세국어연습,16,3
2016,2,3,중세국어연습,17,1
2016,2,3,중세국어연습,18,1
2016,2,3,중세국어연습,19,4
2016,2,3,중세국어연습,20,4
2016,2,3,중세국어연습,21,4
2016,2,3,중세국어연습,22,1
2016,2,3,중세국어연습,23,2
2016,2,3,중세국어연습,24,4
2016,2,3,중세국어연습,25,3
2016,2,3,중세국어연습,26,1
2016,2,3,중세국어연습,27,2
2016,2,3,중세국어연습,28,3
2016,2,3,중세국어연습,29,4
2016,2,3,중세국어연습,30,1
2016,2,3,중세국어연습,31,1
2016,2,3,중세국어연습,32,3
2016,2,3,중세국어연습,33,4
2016,2,3,중세국어연습,34,1
2016,2,3,중세국어연습,35,4
2016,2,3,영어발음의원리,1,3
2016,2,3,영어발음의원리,2,2
2016,2,3,영어발음의원리,3,4
2016,2,3,영어발음의원리,4,3
2016,2,3,영어발음의원리,5,4
2016,2,3,영어발음의원리,6,1
2016,2,3,영어발음의원리,7,2
2016,2,3,영어발음의원리,8,1
2016,2,3,영어발음의원리,9,1
2016,2,3,영어발음의원리,10,2
2016,2,3,영어발음의원리,11,3
2016,2,3,영어발음의원리,12,4
2016,2,3,영어발음의원리,13,2
2016,2,3,영어발음의원리,14,3
2016,2,3,영어발음의원리,15,1
2016,2,3,영어발음의원리,16,2
2016,2,3,영어발음의원리,17,4
2016,2,3,영어발음의원리,18,1
2016,2,3,영어발음의원리,19,2
2016,2,3,영어발음의원리,20,4
2016,2,3,영어발음의원리,21,3
2016,2,3,영어발음의원리,22,4
2016,2,3,영어발음의원리,23,2
2016,2,3,영어발음의원리,24,1
2016,2,3,영어발음의원리,25,3
2016,2,3,영어발음의원리,26,2
2016,2,3,영어발음의원리,27,3
2016,2,3,영어발음의원리,28,3
2016,2,3,영어발음의원리,29,4
2016,2,3,영어발음의원리,30,1
2016,2,3,영어발음의원리,31,4
2016,2,3,영어발음의원리,32,1
2016,2,3,영어발음의원리,33,3
2016,2,3,영어발음의원리,34,4
2016,2,3,영어발음의원리,35,1
2016,2,3,영어회화1,1,2
2016,2,3,영어회화1,2,1
2016,2,3,영어회화1,3,3
2016,2,3,영어회화1,4,4
2016,2,3,영어회화1,5,3
2016,2,3,영어회화1,6,4
2016,2,3,영어회화1,7,2
2016,2,3,영어회화1,8,4
2016,2,3,영어회화1,9,3
2016,2,3,영어회화1,10,2
2016,2,3,영어회화1,11,2
2016,2,3,영어회화1,12,3
2016,2,3,영어회화1,13,3
2016,2,3,영어회화1,14,4
2016,2,3,영어회화1,15,1
2016,2,3,영어회화1,16,1
2016,2,3,영어회화1,17,4
2016,2,3,영어회화1,18,3
2016,2,3,영어회화1,19,1
2016,2,3,영어회화1,20,4
2016,2,3,영어회화1,21,1
2016,2,3,영어회화1,22,1
2016,2,3,영어회화1,23,2
2016,2,3,영어회화1,24,1
2016,2,3,영어회화1,25,2
2016,2,3,영어회화1,26,4
2016,2,3,영어회화1,27,3
2016,2,3,영어회화1,28,4
2016,2,3,영어회화1,29,2
2016,2,3,영어회화1,30,1
2016,2,3,영어회화1,31,3
2016,2,3,영어회화1,32,1
2016,2,3,영어회화1,33,2
2016,2,3,영어회화1,34,4
2016,2,3,영어회화1,35,3
2016,2,3,영어회화2,1,3
2016,2,3,영어회화2,2,1
2016,2,3,영어회화2,3,4
2016,2,3,영어회화2,4,4
2016,2,3,영어회화2,5,1
2016,2,3,영어회화2,6,3
2016,2,3,영어회화2,7,1
2016,2,3,영어회화2,8,2
2016,2,3,영어회화2,9,4
2016,2,3,영어회화2,10,2
2016,2,3,영어회화2,11,4
2016,2,3,영어회화2,12,2
2016,2,3,영어회화2,13,4
2016,2,3,영어회화2,14,3
2016,2,3,영어회화2,15,2
2016,2,3,영어회화2,16,4
2016,2,3,영어회화2,17,3
2016,2,3,영어회화2,18,"1,2"
2016,2,3,영어회화2,19,3
2016,2,3,영어회화2,20,2
2016,2,3,영어회화2,21,2
2016,2,3,영어회화2,22,1
2016,2,3,영어회화2,23,1
2016,2,3,영어회화2,24,3
2016,2,3,영어회화2,25,3
2016,2,3,영어회화2,26,3
2016,2,3,영어회화2,27,1
2016,2,3,영어회화2,28,1
2016,2,3,영어회화2,29,2
2016,2,3,영어회화2,30,4
2016,2,3,영어회화2,31,4
2016,2,3,영어회화2,32,4
2016,2,3,영어회화2,33,4
2016,2,3,영어회화2,34,2
2016,2,3,영어회화2,35,1
2016,2,3,현대세계의이해와영어듣기,1,1
2016,2,3,현대세계의이해와영어듣기,2,2
2016,2,3,현대세계의이해와영어듣기,3,4
2016,2,3,현대세계의이해와영어듣기,4,1
2016,2,3,현대세계의이해와영어듣기,5,2
2016,2,3,현대세계의이해와영어듣기,6,3
2016,2,3,현대세계의이해와영어듣기,7,1
2016,2,3,현대세계의이해와영어듣기,8,4
2016,2,3,현대세계의이해와영어듣기,9,3
2016,2,3,현대세계의이해와영어듣기,10,1
2016,2,3,현대세계의이해와영어듣기,11,2
2016,2,3,현대세계의이해와영어듣기,12,3
2016,2,3,현대세계의이해와영어듣기,13,4
2016,2,3,현대세계의이해와영어듣기,14,3
2016,2,3,현대세계의이해와영어듣기,15,4
2016,2,3,현대세계의이해와영어듣기,16,2
2016,2,3,현대세계의이해와영어듣기,17,1
2016,2,3,현대세계의이해와영어듣기,18,2
2016,2,3,현대세계의이해와영어듣기,19,4
2016,2,3,현대세계의이해와영어듣기,20,3
2016,2,3,현대세계의이해와영어듣기,21,1
2016,2,3,현대세계의이해와영어듣기,22,3
2016,2,3,현대세계의이해와영어듣기,23,4
2016,2,3,현대세계의이해와영어듣기,24,4
2016,2,3,현대세계의이해와영어듣기,25,2
2016,2,3,현대세계의이해와영어듣기,26,1
2016,2,3,현대세계의이해와영어듣기,27,3
2016,2,3,현대세계의이해와영어듣기,28,1
2016,2,3,현대세계의이해와영어듣기,29,2
2016,2,3,현대세계의이해와영어듣기,30,3
2016,2,3,현대세계의이해와영어듣기,31,1
2016,2,3,현대세계의이해와영어듣기,32,4
2016,2,3,현대세계의이해와영어듣기,33,1
2016,2,3,현대세계의이해와영어듣기,34,4
2016,2,3,현대세계의이해와영어듣기,35,1
2016,2,3,영국문학의이해,1,3
2016,2,3,영국문학의이해,2,4
2016,2,3,영국문학의이해,3,3
2016,2,3,영국문학의이해,4,2
2016,2,3,영국문학의이해,5,4
2016,2,3,영국문학의이해,6,1
2016,2,3,영국문학의이해,7,4
2016,2,3,영국문학의이해,8,2
2016,2,3,영국문학의이해,9,4
2016,2,3,영국문학의이해,10,4
2016,2,3,영국문학의이해,11,4
2016,2,3,영국문학의이해,12,1
2016,2,3,영국문학의이해,13,3
2016,2,3,영국문학의이해,14,1
2016,2,3,영국문학의이해,15,3
2016,2,3,영국문학의이해,16,1
2016,2,3,영국문학의이해,17,4
2016,2,3,영국문학의이해,18,3
2016,2,3,영국문학의이해,19,2
2016,2,3,영국문학의이해,20,4
2016,2,3,영국문학의이해,21,1
2016,2,3,영국문학의이해,22,1
2016,2,3,영국문학의이해,23,3
2016,2,3,영국문학의이해,24,2
2016,2,3,영국문학의이해,25,3
2016,2,3,영국문학의이해,26,1
2016,2,3,영국문학의이해,27,3
2016,2,3,영국문학의이해,28,2
2016,2,3,영국문학의이해,29,4
2016,2,3,영국문학의이해,30,2
2016,2,3,영국문학의이해,31,4
2016,2,3,영국문학의이해,32,3
2016,2,3,영국문학의이해,33,1
2016,2,3,영국문학의이해,34,2
2016,2,3,영국문학의이해,35,1
2016,2,3,영작문2,1,2
2016,2,3,영작문2,2,3
2016,2,3,영작문2,3,4
2016,2,3,영작문2,4,1
2016,2,3,영작문2,5,3
2016,2,3,영작문2,6,4
2016,2,3,영작문2,7,4
2016,2,3,영작문2,8,1
2016,2,3,영작문2,9,2
2016,2,3,영작문2,10,3
2016,2,3,영작문2,11,3
2016,2,3,영작문2,12,4
2016,2,3,영작문2,13,1
2016,2,3,영작문2,14,3
2016,2,3,영작문2,15,2
2016,2,3,영작문2,16,1
2016,2,3,영작문2,17,4
2016,2,3,영작문2,18,2
2016,2,3,영작문2,19,1
2016,2,3,영작문2,20,1
2016,2,3,영작문2,21,3
2016,2,3,영작문2,22,4
2016,2,3,영작문2,23,2
2016,2,3,영작문2,24,2
2016,2,3,영작문2,25,4
2016,2,3,영작문2,26,2
2016,2,3,영작문2,27,3
2016,2,3,영작문2,28,1
2016,2,3,영작문2,29,4
2016,2,3,영작문2,30,4
2016,2,3,영작문2,31,3
2016,2,3,영작문2,32,4
2016,2,3,영작문2,33,1
2016,2,3,영작문2,34,2
2016,2,3,영작문2,35,1
2016,2,3,고급중국어2,1,4
2016,2,3,고급중국어2,2,3
2016,2,3,고급중국어2,3,1
2016,2,3,고급중국어2,4,4
2016,2,3,고급중국어2,5,1
2016,2,3,고급중국어2,6,3
2016,2,3,고급중국어2,7,4
2016,2,3,고급중국어2,8,1
2016,2,3,고급중국어2,9,3
2016,2,3,고급중국어2,10,2
2016,2,3,고급중국어2,11,3
2016,2,3,고급중국어2,12,4
2016,2,3,고급중국어2,13,2
2016,2,3,고급중국어2,14,4
2016,2,3,고급중국어2,15,3
2016,2,3,고급중국어2,16,4
2016,2,3,고급중국어2,17,1
2016,2,3,고급중국어2,18,2
2016,2,3,고급중국어2,19,2
2016,2,3,고급중국어2,20,4
2016,2,3,고급중국어2,21,1
2016,2,3,고급중국어2,22,1
2016,2,3,고급중국어2,23,4
2016,2,3,고급중국어2,24,2
2016,2,3,고급중국어2,25,4
2016,2,3,고급중국어2,26,1
2016,2,3,고급중국어2,27,2
2016,2,3,고급중국어2,28,3
2016,2,3,고급중국어2,29,3
2016,2,3,고급중국어2,30,4
2016,2,3,고급중국어2,31,1
2016,2,3,고급중국어2,32,2
2016,2,3,고급중국어2,33,4
2016,2,3,고급중국어2,34,3
2016,2,3,고급중국어2,35,4
2016,2,3,중국의사회와문화,1,1
2016,2,3,중국의사회와문화,2,2
2016,2,3,중국의사회와문화,3,3
2016,2,3,중국의사회와문화,4,2
2016,2,3,중국의사회와문화,5,3
2016,2,3,중국의사회와문화,6,4
2016,2,3,중국의사회와문화,7,1
2016,2,3,중국의사회와문화,8,3
2016,2,3,중국의사회와문화,9,2
2016,2,3,중국의사회와문화,10,1
2016,2,3,중국의사회와문화,11,4
2016,2,3,중국의사회와문화,12,3
2016,2,3,중국의사회와문화,13,4
2016,2,3,중국의사회와문화,14,4
2016,2,3,중국의사회와문화,15,4
2016,2,3,중국의사회와문화,16,3
2016,2,3,중국의사회와문화,17,2
2016,2,3,중국의사회와문화,18,3
2016,2,3,중국의사회와문화,19,1
2016,2,3,중국의사회와문화,20,2
2016,2,3,중국의사회와문화,21,4
2016,2,3,중국의사회와문화,22,1
2016,2,3,중국의사회와문화,23,3
2016,2,3,중국의사회와문화,24,2
2016,2,3,중국의사회와문화,25,1
2016,2,3,중국명문감상,1,1
2016,2,3,중국명문감상,2,2
2016,2,3,중국명문감상,3,2
2016,2,3,중국명문감상,4,3
2016,2,3,중국명문감상,5,3
2016,2,3,중국명문감상,6,3
2016,2,3,중국명문감상,7,4
2016,2,3,중국명문감상,8,3
2016,2,3,중국명문감상,9,2
2016,2,3,중국명문감상,10,4
2016,2,3,중국명문감상,11,2
2016,2,3,중국명문감상,12,3
2016,2,3,중국명문감상,13,2
2016,2,3,중국명문감상,14,2
2016,2,3,중국명문감상,15,1
2016,2,3,중국명문감상,16,2
2016,2,3,중국명문감상,17,4
2016,2,3,중국명문감상,18,3
2016,2,3,중국명문감상,19,3
2016,2,3,중국명문감상,20,4
2016,2,3,중국명문감상,21,4
2016,2,3,중국명문감상,22,1
2016,2,3,중국명문감상,23,4
2016,2,3,중국명문감상,24,2
2016,2,3,중국명문감상,25,2
2016,2,3,중국명문감상,26,3
2016,2,3,중국명문감상,27,3
2016,2,3,중국명문감상,28,1
2016,2,3,중국명문감상,29,4
2016,2,3,중국명문감상,30,2
2016,2,3,중국명문감상,31,1
2016,2,3,중국명문감상,32,4
2016,2,3,중국명문감상,33,4
2016,2,3,중국명문감상,34,3
2016,2,3,중국명문감상,35,3
2016,2,3,중국어듣기연습2,1,1
2016,2,3,중국어듣기연습2,2,3
2016,2,3,중국어듣기연습2,3,2
2016,2,3,중국어듣기연습2,4,4
2016,2,3,중국어듣기연습2,5,1
2016,2,3,중국어듣기연습2,6,3
2016,2,3,중국어듣기연습2,7,4
2016,2,3,중국어듣기연습2,8,1
2016,2,3,중국어듣기연습2,9,3
2016,2,3,중국어듣기연습2,10,2
2016,2,3,중국어듣기연습2,11,1
2016,2,3,중국어듣기연습2,12,4
2016,2,3,중국어듣기연습2,13,1
2016,2,3,중국어듣기연습2,14,2
2016,2,3,중국어듣기연습2,15,2
2016,2,3,중국어듣기연습2,16,1
2016,2,3,중국어듣기연습2,17,1
2016,2,3,중국어듣기연습2,18,4
2016,2,3,중국어듣기연습2,19,2
2016,2,3,중국어듣기연습2,20,3
2016,2,3,중국어듣기연습2,21,3
2016,2,3,중국어듣기연습2,22,4
2016,2,3,중국어듣기연습2,23,3
2016,2,3,중국어듣기연습2,24,2
2016,2,3,중국어듣기연습2,25,4
2016,2,3,봉쥬르프랑스,1,3
2016,2,3,봉쥬르프랑스,2,1
2016,2,3,봉쥬르프랑스,3,2
2016,2,3,봉쥬르프랑스,4,2
2016,2,3,봉쥬르프랑스,5,2
2016,2,3,봉쥬르프랑스,6,1
2016,2,3,봉쥬르프랑스,7,4
2016,2,3,봉쥬르프랑스,8,1
2016,2,3,봉쥬르프랑스,9,2
2016,2,3,봉쥬르프랑스,10,3
2016,2,3,봉쥬르프랑스,11,4
2016,2,3,봉쥬르프랑스,12,1
2016,2,3,봉쥬르프랑스,13,1
2016,2,3,봉쥬르프랑스,14,4
2016,2,3,봉쥬르프랑스,15,4
2016,2,3,봉쥬르프랑스,16,3
2016,2,3,봉쥬르프랑스,17,1
2016,2,3,봉쥬르프랑스,18,2
2016,2,3,봉쥬르프랑스,19,4
2016,2,3,봉쥬르프랑스,20,2
2016,2,3,봉쥬르프랑스,21,4
2016,2,3,봉쥬르프랑스,22,3
2016,2,3,봉쥬르프랑스,23,4
2016,2,3,봉쥬르프랑스,24,1
2016,2,3,봉쥬르프랑스,25,2
2016,2,3,봉쥬르프랑스,26,2
2016,2,3,봉쥬르프랑스,27,2
2016,2,3,봉쥬르프랑스,28,4
2016,2,3,봉쥬르프랑스,29,4
2016,2,3,봉쥬르프랑스,30,1
2016,2,3,봉쥬르프랑스,31,4
2016,2,3,봉쥬르프랑스,32,4
2016,2,3,봉쥬르프랑스,33,2
2016,2,3,봉쥬르프랑스,34,1
2016,2,3,봉쥬르프랑스,35,3
2016,2,3,프랑스어회화2,1,2
2016,2,3,프랑스어회화2,2,3
2016,2,3,프랑스어회화2,3,1
2016,2,3,프랑스어회화2,4,1
2016,2,3,프랑스어회화2,5,3
2016,2,3,프랑스어회화2,6,3
2016,2,3,프랑스어회화2,7,3
2016,2,3,프랑스어회화2,8,2
2016,2,3,프랑스어회화2,9,4
2016,2,3,프랑스어회화2,10,1
2016,2,3,프랑스어회화2,11,2
2016,2,3,프랑스어회화2,12,3
2016,2,3,프랑스어회화2,13,4
2016,2,3,프랑스어회화2,14,2
2016,2,3,프랑스어회화2,15,4
2016,2,3,프랑스어회화2,16,4
2016,2,3,프랑스어회화2,17,2
2016,2,3,프랑스어회화2,18,3
2016,2,3,프랑스어회화2,19,2
2016,2,3,프랑스어회화2,20,3
2016,2,3,프랑스어회화2,21,2
2016,2,3,프랑스어회화2,22,1
2016,2,3,프랑스어회화2,23,4
2016,2,3,프랑스어회화2,24,1
2016,2,3,프랑스어회화2,25,4
2016,2,3,프랑스어회화2,26,4
2016,2,3,프랑스어회화2,27,1
2016,2,3,프랑스어회화2,28,3
2016,2,3,프랑스어회화2,29,3
2016,2,3,프랑스어회화2,30,4
2016,2,3,프랑스어회화2,31,2
2016,2,3,프랑스어회화2,32,2
2016,2,3,프랑스어회화2,33,2
2016,2,3,프랑스어회화2,34,3
2016,2,3,프랑스어회화2,35,1
2016,2,3,프랑스어학의이해,1,1
2016,2,3,프랑스어학의이해,2,3
2016,2,3,프랑스어학의이해,3,3
2016,2,3,프랑스어학의이해,4,3
2016,2,3,프랑스어학의이해,5,2
2016,2,3,프랑스어학의이해,6,2
2016,2,3,프랑스어학의이해,7,4
2016,2,3,프랑스어학의이해,8,2
2016,2,3,프랑스어학의이해,9,2
2016,2,3,프랑스어학의이해,10,4
2016,2,3,프랑스어학의이해,11,2
2016,2,3,프랑스어학의이해,12,3
2016,2,3,프랑스어학의이해,13,4
2016,2,3,프랑스어학의이해,14,1
2016,2,3,프랑스어학의이해,15,1
2016,2,3,프랑스어학의이해,16,2
2016,2,3,프랑스어학의이해,17,4
2016,2,3,프랑스어학의이해,18,3
2016,2,3,프랑스어학의이해,19,1
2016,2,3,프랑스어학의이해,20,3
2016,2,3,프랑스어학의이해,21,1
2016,2,3,프랑스어학의이해,22,3
2016,2,3,프랑스어학의이해,23,1
2016,2,3,프랑스어학의이해,24,1
2016,2,3,프랑스어학의이해,25,1
2016,2,3,프랑스어학의이해,26,2
2016,2,3,프랑스어학의이해,27,1
2016,2,3,프랑스어학의이해,28,1
2016,2,3,프랑스어학의이해,29,3
2016,2,3,프랑스어학의이해,30,2
2016,2,3,프랑스어학의이해,31,1
2016,2,3,프랑스어학의이해,32,4
2016,2,3,프랑스어학의이해,33,4
2016,2,3,프랑스어학의이해,34,4
2016,2,3,프랑스어학의이해,35,1
2016,2,3,현대일본경제의이해,1,1
2016,2,3,현대일본경제의이해,2,2
2016,2,3,현대일본경제의이해,3,2
2016,2,3,현대일본경제의이해,4,1
2016,2,3,현대일본경제의이해,5,1
2016,2,3,현대일본경제의이해,6,4
2016,2,3,현대일본경제의이해,7,3
2016,2,3,현대일본경제의이해,8,3
2016,2,3,현대일본경제의이해,9,2
2016,2,3,현대일본경제의이해,10,4
2016,2,3,현대일본경제의이해,11,3
2016,2,3,현대일본경제의이해,12,2
2016,2,3,현대일본경제의이해,13,3
2016,2,3,현대일본경제의이해,14,4
2016,2,3,현대일본경제의이해,15,4
2016,2,3,현대일본경제의이해,16,1
2016,2,3,현대일본경제의이해,17,4
2016,2,3,현대일본경제의이해,18,2
2016,2,3,현대일본경제의이해,19,4
2016,2,3,현대일본경제의이해,20,1
2016,2,3,현대일본경제의이해,21,1
2016,2,3,현대일본경제의이해,22,4
2016,2,3,현대일본경제의이해,23,4
2016,2,3,현대일본경제의이해,24,2
2016,2,3,현대일본경제의이해,25,3
2016,2,3,현대일본경제의이해,26,2
2016,2,3,현대일본경제의이해,27,3
2016,2,3,현대일본경제의이해,28,1
2016,2,3,현대일본경제의이해,29,2
2016,2,3,현대일본경제의이해,30,3
2016,2,3,현대일본경제의이해,31,1
2016,2,3,현대일본경제의이해,32,4
2016,2,3,현대일본경제의이해,33,3
2016,2,3,현대일본경제의이해,34,1
2016,2,3,현대일본경제의이해,35,3
2016,2,3,현대일본정치의이해,1,1
2016,2,3,현대일본정치의이해,2,2
2016,2,3,현대일본정치의이해,3,3
2016,2,3,현대일본정치의이해,4,4
2016,2,3,현대일본정치의이해,5,4
2016,2,3,현대일본정치의이해,6,3
2016,2,3,현대일본정치의이해,7,1
2016,2,3,현대일본정치의이해,8,3
2016,2,3,현대일본정치의이해,9,1
2016,2,3,현대일본정치의이해,10,4
2016,2,3,현대일본정치의이해,11,2
2016,2,3,현대일본정치의이해,12,2
2016,2,3,현대일본정치의이해,13,1
2016,2,3,현대일본정치의이해,14,4
2016,2,3,현대일본정치의이해,15,2
2016,2,3,현대일본정치의이해,16,4
2016,2,3,현대일본정치의이해,17,2
2016,2,3,현대일본정치의이해,18,3
2016,2,3,현대일본정치의이해,19,1
2016,2,3,현대일본정치의이해,20,1
2016,2,3,현대일본정치의이해,21,1
2016,2,3,현대일본정치의이해,22,2
2016,2,3,현대일본정치의이해,23,4
2016,2,3,현대일본정치의이해,24,1
2016,2,3,현대일본정치의이해,25,3
2016,2,3,현대일본정치의이해,26,3
2016,2,3,현대일본정치의이해,27,4
2016,2,3,현대일본정치의이해,28,2
2016,2,3,현대일본정치의이해,29,3
2016,2,3,현대일본정치의이해,30,1
2016,2,3,현대일본정치의이해,31,2
2016,2,3,현대일본정치의이해,32,3
2016,2,3,현대일본정치의이해,33,4
2016,2,3,현대일본정치의이해,34,3
2016,2,3,현대일본정치의이해,35,2
2016,2,3,일본대중문화론,1,3
2016,2,3,일본대중문화론,2,4
2016,2,3,일본대중문화론,3,4
2016,2,3,일본대중문화론,4,1
2016,2,3,일본대중문화론,5,3
2016,2,3,일본대중문화론,6,2
2016,2,3,일본대중문화론,7,3
2016,2,3,일본대중문화론,8,1
2016,2,3,일본대중문화론,9,3
2016,2,3,일본대중문화론,10,2
2016,2,3,일본대중문화론,11,1
2016,2,3,일본대중문화론,12,4
2016,2,3,일본대중문화론,13,3
2016,2,3,일본대중문화론,14,3
2016,2,3,일본대중문화론,15,1
2016,2,3,일본대중문화론,16,1
2016,2,3,일본대중문화론,17,3
2016,2,3,일본대중문화론,18,4
2016,2,3,일본대중문화론,19,4
2016,2,3,일본대중문화론,20,1
2016,2,3,일본대중문화론,21,2
2016,2,3,일본대중문화론,22,3
2016,2,3,일본대중문화론,23,4
2016,2,3,일본대중문화론,24,2
2016,2,3,일본대중문화론,25,3
2016,2,3,일본대중문화론,26,1
2016,2,3,일본대중문화론,27,1
2016,2,3,일본대중문화론,28,1
2016,2,3,일본대중문화론,29,2
2016,2,3,일본대중문화론,30,2
2016,2,3,일본대중문화론,31,3
2016,2,3,일본대중문화론,32,3
2016,2,3,일본대중문화론,33,3
2016,2,3,일본대중문화론,34,3
2016,2,3,일본대중문화론,35,1
2016,2,3,일본의시와노래,1,3
2016,2,3,일본의시와노래,2,1
2016,2,3,일본의시와노래,3,2
2016,2,3,일본의시와노래,4,4
2016,2,3,일본의시와노래,5,2
2016,2,3,일본의시와노래,6,4
2016,2,3,일본의시와노래,7,1
2016,2,3,일본의시와노래,8,3
2016,2,3,일본의시와노래,9,4
2016,2,3,일본의시와노래,10,2
2016,2,3,일본의시와노래,11,2
2016,2,3,일본의시와노래,12,4
2016,2,3,일본의시와노래,13,1
2016,2,3,일본의시와노래,14,3
2016,2,3,일본의시와노래,15,4
2016,2,3,일본의시와노래,16,3
2016,2,3,일본의시와노래,17,2
2016,2,3,일본의시와노래,18,4
2016,2,3,일본의시와노래,19,2
2016,2,3,일본의시와노래,20,3
2016,2,3,일본의시와노래,21,4
2016,2,3,일본의시와노래,22,3
2016,2,3,일본의시와노래,23,4
2016,2,3,일본의시와노래,24,3
2016,2,3,일본의시와노래,25,2
2016,2,3,일본의시와노래,26,3
2016,2,3,일본의시와노래,27,3
2016,2,3,일본의시와노래,28,4
2016,2,3,일본의시와노래,29,2
2016,2,3,일본의시와노래,30,1
2016,2,3,일본의시와노래,31,2
2016,2,3,일본의시와노래,32,2
2016,2,3,일본의시와노래,33,1
2016,2,3,일본의시와노래,34,2
2016,2,3,일본의시와노래,35,2
2016,2,3,중급일본어활용2,1,2
2016,2,3,중급일본어활용2,2,3
2016,2,3,중급일본어활용2,3,4
2016,2,3,중급일본어활용2,4,2
2016,2,3,중급일본어활용2,5,4
2016,2,3,중급일본어활용2,6,2
2016,2,3,중급일본어활용2,7,4
2016,2,3,중급일본어활용2,8,4
2016,2,3,중급일본어활용2,9,3
2016,2,3,중급일본어활용2,10,2
2016,2,3,중급일본어활용2,11,1
2016,2,3,중급일본어활용2,12,4
2016,2,3,중급일본어활용2,13,3
2016,2,3,중급일본어활용2,14,1
2016,2,3,중급일본어활용2,15,1
2016,2,3,중급일본어활용2,16,2
2016,2,3,중급일본어활용2,17,3
2016,2,3,중급일본어활용2,18,3
2016,2,3,중급일본어활용2,19,1
2016,2,3,중급일본어활용2,20,4
2016,2,3,중급일본어활용2,21,2
2016,2,3,중급일본어활용2,22,4
2016,2,3,중급일본어활용2,23,1
2016,2,3,중급일본어활용2,24,3
2016,2,3,중급일본어활용2,25,3
2016,2,3,중급일본어활용2,26,3
2016,2,3,중급일본어활용2,27,2
2016,2,3,중급일본어활용2,28,1
2016,2,3,중급일본어활용2,29,2
2016,2,3,중급일본어활용2,30,3
2016,2,3,중급일본어활용2,31,1
2016,2,3,중급일본어활용2,32,1
2016,2,3,중급일본어활용2,33,4
2016,2,3,중급일본어활용2,34,1
2016,2,3,중급일본어활용2,35,4
2016,2,3,교육사,1,1
2016,2,3,교육사,2,4
2016,2,3,교육사,3,1
2016,2,3,교육사,4,4
2016,2,3,교육사,5,3
2016,2,3,교육사,6,2
2016,2,3,교육사,7,4
2016,2,3,교육사,8,1
2016,2,3,교육사,9,4
2016,2,3,교육사,10,3
2016,2,3,교육사,11,2
2016,2,3,교육사,12,3
2016,2,3,교육사,13,1
2016,2,3,교육사,14,4
2016,2,3,교육사,15,1
2016,2,3,교육사,16,1
2016,2,3,교육사,17,2
2016,2,3,교육사,18,3
2016,2,3,교육사,19,2
2016,2,3,교육사,20,1
2016,2,3,교육사,21,2
2016,2,3,교육사,22,4
2016,2,3,교육사,23,3
2016,2,3,교육사,24,4
2016,2,3,교육사,25,4
2016,2,3,교육사,26,3
2016,2,3,교육사,27,3
2016,2,3,교육사,28,4
2016,2,3,교육사,29,3
2016,2,3,교육사,30,1
2016,2,3,교육사,31,2
2016,2,3,교육사,32,3
2016,2,3,교육사,33,4
2016,2,3,교육사,34,2
2016,2,3,교육사,35,1
2016,2,3,교육사회학,1,2
2016,2,3,교육사회학,2,4
2016,2,3,교육사회학,3,2
2016,2,3,교육사회학,4,4
2016,2,3,교육사회학,5,2
2016,2,3,교육사회학,6,3
2016,2,3,교육사회학,7,1
2016,2,3,교육사회학,8,2
2016,2,3,교육사회학,9,3
2016,2,3,교육사회학,10,2
2016,2,3,교육사회학,11,2
2016,2,3,교육사회학,12,2
2016,2,3,교육사회학,13,2
2016,2,3,교육사회학,14,3
2016,2,3,교육사회학,15,1
2016,2,3,교육사회학,16,2
2016,2,3,교육사회학,17,4
2016,2,3,교육사회학,18,1
2016,2,3,교육사회학,19,2
2016,2,3,교육사회학,20,3
2016,2,3,교육사회학,21,2
2016,2,3,교육사회학,22,3
2016,2,3,교육사회학,23,4
2016,2,3,교육사회학,24,4
2016,2,3,교육사회학,25,4
2016,2,3,교육사회학,26,4
2016,2,3,교육사회학,27,2
2016,2,3,교육사회학,28,4
2016,2,3,교육사회학,29,3
2016,2,3,교육사회학,30,1
2016,2,3,교육사회학,31,4
2016,2,3,교육사회학,32,2
2016,2,3,교육사회학,33,3
2016,2,3,교육사회학,34,1
2016,2,3,교육사회학,35,1
2016,2,3,유아사회교육,1,3
2016,2,3,유아사회교육,2,2
2016,2,3,유아사회교육,3,1
2016,2,3,유아사회교육,4,4
2016,2,3,유아사회교육,5,4
2016,2,3,유아사회교육,6,3
2016,2,3,유아사회교육,7,1
2016,2,3,유아사회교육,8,1
2016,2,3,유아사회교육,9,2
2016,2,3,유아사회교육,10,3
2016,2,3,유아사회교육,11,2
2016,2,3,유아사회교육,12,2
2016,2,3,유아사회교육,13,3
2016,2,3,유아사회교육,14,4
2016,2,3,유아사회교육,15,1
2016,2,3,유아사회교육,16,2
2016,2,3,유아사회교육,17,4
2016,2,3,유아사회교육,18,2
2016,2,3,유아사회교육,19,1
2016,2,3,유아사회교육,20,2
2016,2,3,유아사회교육,21,3
2016,2,3,유아사회교육,22,2
2016,2,3,유아사회교육,23,4
2016,2,3,유아사회교육,24,1
2016,2,3,유아사회교육,25,3
2016,2,3,유아사회교육,26,1
2016,2,3,유아사회교육,27,4
2016,2,3,유아사회교육,28,3
2016,2,3,유아사회교육,29,4
2016,2,3,유아사회교육,30,2
2016,2,3,유아사회교육,31,1
2016,2,3,유아사회교육,32,1
2016,2,3,유아사회교육,33,4
2016,2,3,유아사회교육,34,3
2016,2,3,유아사회교육,35,1
2016,2,3,교과교육론,1,4
2016,2,3,교과교육론,2,1
2016,2,3,교과교육론,3,1
2016,2,3,교과교육론,4,3
2016,2,3,교과교육론,5,4
2016,2,3,교과교육론,6,2
2016,2,3,교과교육론,7,2
2016,2,3,교과교육론,8,4
2016,2,3,교과교육론,9,2
2016,2,3,교과교육론,10,4
2016,2,3,교과교육론,11,3
2016,2,3,교과교육론,12,4
2016,2,3,교과교육론,13,3
2016,2,3,교과교육론,14,1
2016,2,3,교과교육론,15,4
2016,2,3,교과교육론,16,3
2016,2,3,교과교육론,17,2
2016,2,3,교과교육론,18,2
2016,2,3,교과교육론,19,1
2016,2,3,교과교육론,20,1
2016,2,3,교과교육론,21,2
2016,2,3,교과교육론,22,4
2016,2,3,교과교육론,23,4
2016,2,3,교과교육론,24,2
2016,2,3,교과교육론,25,1
2016,2,3,교과교육론,26,4
2016,2,3,교과교육론,27,4
2016,2,3,교과교육론,28,1
2016,2,3,교과교육론,29,2
2016,2,3,교과교육론,30,4
2016,2,3,교과교육론,31,4
2016,2,3,교과교육론,32,1
2016,2,3,교과교육론,33,1
2016,2,3,교과교육론,34,2
2016,2,3,교과교육론,35,3
2016,2,3,교과교재연구및지도법,1,4
2016,2,3,교과교재연구및지도법,2,2
2016,2,3,교과교재연구및지도법,3,1
2016,2,3,교과교재연구및지도법,4,2
2016,2,3,교과교재연구및지도법,5,3
2016,2,3,교과교재연구및지도법,6,1
2016,2,3,교과교재연구및지도법,7,3
2016,2,3,교과교재연구및지도법,8,3
2016,2,3,교과교재연구및지도법,9,4
2016,2,3,교과교재연구및지도법,10,2
2016,2,3,교과교재연구및지도법,11,3
2016,2,3,교과교재연구및지도법,12,1
2016,2,3,교과교재연구및지도법,13,2
2016,2,3,교과교재연구및지도법,14,2
2016,2,3,교과교재연구및지도법,15,3
2016,2,3,교과교재연구및지도법,16,2
2016,2,3,교과교재연구및지도법,17,1
2016,2,3,교과교재연구및지도법,18,1
2016,2,3,교과교재연구및지도법,19,1
2016,2,3,교과교재연구및지도법,20,3
2016,2,3,교과교재연구및지도법,21,2
2016,2,3,교과교재연구및지도법,22,3
2016,2,3,교과교재연구및지도법,23,3
2016,2,3,교과교재연구및지도법,24,2
2016,2,3,교과교재연구및지도법,25,4
2016,2,3,교과교재연구및지도법,26,2
2016,2,3,교과교재연구및지도법,27,3
2016,2,3,교과교재연구및지도법,28,4
2016,2,3,교과교재연구및지도법,29,2
2016,2,3,교과교재연구및지도법,30,4
2016,2,3,교과교재연구및지도법,31,3
2016,2,3,교과교재연구및지도법,32,3
2016,2,3,교과교재연구및지도법,33,4
2016,2,3,교과교재연구및지도법,34,3
2016,2,3,교과교재연구및지도법,35,4
2016,2,3,생활법률,1,4
2016,2,3,생활법률,2,1
2016,2,3,생활법률,3,4
2016,2,3,생활법률,4,3
2016,2,3,생활법률,5,3
2016,2,3,생활법률,6,1
2016,2,3,생활법률,7,4
2016,2,3,생활법률,8,1
2016,2,3,생활법률,9,4
2016,2,3,생활법률,10,2
2016,2,3,생활법률,11,1
2016,2,3,생활법률,12,3
2016,2,3,생활법률,13,1
2016,2,3,생활법률,14,1
2016,2,3,생활법률,15,4
2016,2,3,생활법률,16,3
2016,2,3,생활법률,17,3
2016,2,3,생활법률,18,3
2016,2,3,생활법률,19,2
2016,2,3,생활법률,20,3
2016,2,3,생활법률,21,1
2016,2,3,생활법률,22,3
2016,2,3,생활법률,23,1
2016,2,3,생활법률,24,3
2016,2,3,생활법률,25,2
2016,2,3,생활법률,26,4
2016,2,3,생활법률,27,"1,2"
2016,2,3,생활법률,28,1
2016,2,3,생활법률,29,4
2016,2,3,생활법률,30,"1,2,3,4"
2016,2,3,생활법률,31,"1,3"
2016,2,3,생활법률,32,1
2016,2,3,생활법률,33,3
2016,2,3,생활법률,34,4
2016,2,3,생활법률,35,1
2016,2,3,개별행정법,1,3
2016,2,3,개별행정법,2,4
2016,2,3,개별행정법,3,2
2016,2,3,개별행정법,4,4
2016,2,3,개별행정법,5,2
2016,2,3,개별행정법,6,2
2016,2,3,개별행정법,7,2
2016,2,3,개별행정법,8,4
2016,2,3,개별행정법,9,3
2016,2,3,개별행정법,10,1
2016,2,3,개별행정법,11,4
2016,2,3,개별행정법,12,1
2016,2,3,개별행정법,13,2
2016,2,3,개별행정법,14,1
2016,2,3,개별행정법,15,4
2016,2,3,개별행정법,16,3
2016,2,3,개별행정법,17,4
2016,2,3,개별행정법,18,2
2016,2,3,개별행정법,19,"3,4"
2016,2,3,개별행정법,20,1
2016,2,3,개별행정법,21,3
2016,2,3,개별행정법,22,1
2016,2,3,개별행정법,23,4
2016,2,3,개별행정법,24,3
2016,2,3,개별행정법,25,1
2016,2,3,주식회사법,1,3
2016,2,3,주식회사법,2,4
2016,2,3,주식회사법,3,1
2016,2,3,주식회사법,4,2
2016,2,3,주식회사법,5,4
2016,2,3,주식회사법,6,3
2016,2,3,주식회사법,7,2
2016,2,3,주식회사법,8,3
2016,2,3,주식회사법,9,1
2016,2,3,주식회사법,10,4
2016,2,3,주식회사법,11,2
2016,2,3,주식회사법,12,1
2016,2,3,주식회사법,13,4
2016,2,3,주식회사법,14,3
2016,2,3,주식회사법,15,2
2016,2,3,주식회사법,16,1
2016,2,3,주식회사법,17,4
2016,2,3,주식회사법,18,3
2016,2,3,주식회사법,19,2
2016,2,3,주식회사법,20,1
2016,2,3,주식회사법,21,4
2016,2,3,주식회사법,22,3
2016,2,3,주식회사법,23,2
2016,2,3,주식회사법,24,1
2016,2,3,주식회사법,25,4
2016,2,3,소비자법,1,1
2016,2,3,소비자법,2,1
2016,2,3,소비자법,3,4
2016,2,3,소비자법,4,3
2016,2,3,소비자법,5,2
2016,2,3,소비자법,6,2
2016,2,3,소비자법,7,4
2016,2,3,소비자법,8,3
2016,2,3,소비자법,9,2
2016,2,3,소비자법,10,1
2016,2,3,소비자법,11,4
2016,2,3,소비자법,12,3
2016,2,3,소비자법,13,2
2016,2,3,소비자법,14,3
2016,2,3,소비자법,15,1
2016,2,3,소비자법,16,4
2016,2,3,소비자법,17,2
2016,2,3,소비자법,18,4
2016,2,3,소비자법,19,1
2016,2,3,소비자법,20,3
2016,2,3,소비자법,21,1
2016,2,3,소비자법,22,3
2016,2,3,소비자법,23,2
2016,2,3,소비자법,24,3
2016,2,3,소비자법,25,2
2016,2,3,소비자법,26,1
2016,2,3,소비자법,27,4
2016,2,3,소비자법,28,2
2016,2,3,소비자법,29,3
2016,2,3,소비자법,30,4
2016,2,3,소비자법,31,2
2016,2,3,소비자법,32,2
2016,2,3,소비자법,33,3
2016,2,3,소비자법,34,4
2016,2,3,소비자법,35,1
2016,2,3,법철학,1,3
2016,2,3,법철학,2,2
2016,2,3,법철학,3,3
2016,2,3,법철학,4,2
2016,2,3,법철학,5,3
2016,2,3,법철학,6,1
2016,2,3,법철학,7,2
2016,2,3,법철학,8,1
2016,2,3,법철학,9,2
2016,2,3,법철학,10,3
2016,2,3,법철학,11,3
2016,2,3,법철학,12,1
2016,2,3,법철학,13,1
2016,2,3,법철학,14,2
2016,2,3,법철학,15,4
2016,2,3,법철학,16,2
2016,2,3,법철학,17,4
2016,2,3,법철학,18,4
2016,2,3,법철학,19,4
2016,2,3,법철학,20,1
2016,2,3,법철학,21,4
2016,2,3,법철학,22,1
2016,2,3,법철학,23,4
2016,2,3,법철학,24,4
2016,2,3,법철학,25,3
2016,2,3,법철학,26,3
2016,2,3,법철학,27,1
2016,2,3,법철학,28,1
2016,2,3,법철학,29,2
2016,2,3,법철학,30,1
2016,2,3,법철학,31,3
2016,2,3,법철학,32,1
2016,2,3,법철학,33,2
2016,2,3,법철학,34,4
2016,2,3,법철학,35,3
2016,2,3,인권법,1,4
2016,2,3,인권법,2,3
2016,2,3,인권법,3,1
2016,2,3,인권법,4,3
2016,2,3,인권법,5,3
2016,2,3,인권법,6,4
2016,2,3,인권법,7,1
2016,2,3,인권법,8,2
2016,2,3,인권법,9,4
2016,2,3,인권법,10,1
2016,2,3,인권법,11,1
2016,2,3,인권법,12,2
2016,2,3,인권법,13,3
2016,2,3,인권법,14,4
2016,2,3,인권법,15,3
2016,2,3,인권법,16,2
2016,2,3,인권법,17,2
2016,2,3,인권법,18,4
2016,2,3,인권법,19,1
2016,2,3,인권법,20,2
2016,2,3,인권법,21,3
2016,2,3,인권법,22,4
2016,2,3,인권법,23,2
2016,2,3,인권법,24,1
2016,2,3,인권법,25,4
2016,2,3,남녀평등과법,1,3
2016,2,3,남녀평등과법,2,3
2016,2,3,남녀평등과법,3,2
2016,2,3,남녀평등과법,4,3
2016,2,3,남녀평등과법,5,3
2016,2,3,남녀평등과법,6,4
2016,2,3,남녀평등과법,7,4
2016,2,3,남녀평등과법,8,3
2016,2,3,남녀평등과법,9,4
2016,2,3,남녀평등과법,10,2
2016,2,3,남녀평등과법,11,1
2016,2,3,남녀평등과법,12,4
2016,2,3,남녀평등과법,13,3
2016,2,3,남녀평등과법,14,3
2016,2,3,남녀평등과법,15,1
2016,2,3,남녀평등과법,16,4
2016,2,3,남녀평등과법,17,3
2016,2,3,남녀평등과법,18,4
2016,2,3,남녀평등과법,19,4
2016,2,3,남녀평등과법,20,2
2016,2,3,남녀평등과법,21,4
2016,2,3,남녀평등과법,22,1
2016,2,3,남녀평등과법,23,1
2016,2,3,남녀평등과법,24,4
2016,2,3,남녀평등과법,25,2
2016,2,3,남녀평등과법,26,1
2016,2,3,남녀평등과법,27,3
2016,2,3,남녀평등과법,28,1
2016,2,3,남녀평등과법,29,3
2016,2,3,남녀평등과법,30,1
2016,2,3,남녀평등과법,31,1
2016,2,3,남녀평등과법,32,4
2016,2,3,남녀평등과법,33,3
2016,2,3,남녀평등과법,34,2
2016,2,3,남녀평등과법,35,3
2016,2,3,행정조사론,1,2
2016,2,3,행정조사론,2,4
2016,2,3,행정조사론,3,4
2016,2,3,행정조사론,4,1
2016,2,3,행정조사론,5,2
2016,2,3,행정조사론,6,4
2016,2,3,행정조사론,7,2
2016,2,3,행정조사론,8,2
2016,2,3,행정조사론,9,2
2016,2,3,행정조사론,10,4
2016,2,3,행정조사론,11,2
2016,2,3,행정조사론,12,4
2016,2,3,행정조사론,13,1
2016,2,3,행정조사론,14,4
2016,2,3,행정조사론,15,1
2016,2,3,행정조사론,16,3
2016,2,3,행정조사론,17,4
2016,2,3,행정조사론,18,1
2016,2,3,행정조사론,19,3
2016,2,3,행정조사론,20,4
2016,2,3,행정조사론,21,4
2016,2,3,행정조사론,22,4
2016,2,3,행정조사론,23,2
2016,2,3,행정조사론,24,4
2016,2,3,행정조사론,25,3
2016,2,3,행정사례연구,1,1
2016,2,3,행정사례연구,2,3
2016,2,3,행정사례연구,3,4
2016,2,3,행정사례연구,4,1
2016,2,3,행정사례연구,5,4
2016,2,3,행정사례연구,6,4
2016,2,3,행정사례연구,7,2
2016,2,3,행정사례연구,8,4
2016,2,3,행정사례연구,9,3
2016,2,3,행정사례연구,10,4
2016,2,3,행정사례연구,11,4
2016,2,3,행정사례연구,12,4
2016,2,3,행정사례연구,13,2
2016,2,3,행정사례연구,14,1
2016,2,3,행정사례연구,15,3
2016,2,3,행정사례연구,16,1
2016,2,3,행정사례연구,17,3
2016,2,3,행정사례연구,18,2
2016,2,3,행정사례연구,19,4
2016,2,3,행정사례연구,20,2
2016,2,3,행정사례연구,21,3
2016,2,3,행정사례연구,22,1
2016,2,3,행정사례연구,23,4
2016,2,3,행정사례연구,24,1
2016,2,3,행정사례연구,25,3
2016,2,3,도시행정론,1,3
2016,2,3,도시행정론,2,4
2016,2,3,도시행정론,3,2
2016,2,3,도시행정론,4,4
2016,2,3,도시행정론,5,4
2016,2,3,도시행정론,6,2
2016,2,3,도시행정론,7,2
2016,2,3,도시행정론,8,3
2016,2,3,도시행정론,9,1
2016,2,3,도시행정론,10,2
2016,2,3,도시행정론,11,2
2016,2,3,도시행정론,12,3
2016,2,3,도시행정론,13,2
2016,2,3,도시행정론,14,4
2016,2,3,도시행정론,15,3
2016,2,3,도시행정론,16,2
2016,2,3,도시행정론,17,4
2016,2,3,도시행정론,18,4
2016,2,3,도시행정론,19,3
2016,2,3,도시행정론,20,3
2016,2,3,도시행정론,21,3
2016,2,3,도시행정론,22,1
2016,2,3,도시행정론,23,2
2016,2,3,도시행정론,24,4
2016,2,3,도시행정론,25,4
2016,2,3,정책학원론,1,2
2016,2,3,정책학원론,2,1
2016,2,3,정책학원론,3,3
2016,2,3,정책학원론,4,1
2016,2,3,정책학원론,5,4
2016,2,3,정책학원론,6,2
2016,2,3,정책학원론,7,3
2016,2,3,정책학원론,8,3
2016,2,3,정책학원론,9,4
2016,2,3,정책학원론,10,4
2016,2,3,정책학원론,11,1
2016,2,3,정책학원론,12,2
2016,2,3,정책학원론,13,4
2016,2,3,정책학원론,14,2
2016,2,3,정책학원론,15,1
2016,2,3,정책학원론,16,4
2016,2,3,정책학원론,17,3
2016,2,3,정책학원론,18,1
2016,2,3,정책학원론,19,4
2016,2,3,정책학원론,20,2
2016,2,3,정책학원론,21,2
2016,2,3,정책학원론,22,3
2016,2,3,정책학원론,23,1
2016,2,3,정책학원론,24,2
2016,2,3,정책학원론,25,3
2016,2,3,한국정부론,1,2
2016,2,3,한국정부론,2,4
2016,2,3,한국정부론,3,4
2016,2,3,한국정부론,4,3
2016,2,3,한국정부론,5,1
2016,2,3,한국정부론,6,4
2016,2,3,한국정부론,7,2
2016,2,3,한국정부론,8,4
2016,2,3,한국정부론,9,2
2016,2,3,한국정부론,10,1
2016,2,3,한국정부론,11,2
2016,2,3,한국정부론,12,2
2016,2,3,한국정부론,13,4
2016,2,3,한국정부론,14,1
2016,2,3,한국정부론,15,1
2016,2,3,한국정부론,16,3
2016,2,3,한국정부론,17,2
2016,2,3,한국정부론,18,4
2016,2,3,한국정부론,19,1
2016,2,3,한국정부론,20,3
2016,2,3,한국정부론,21,3
2016,2,3,한국정부론,22,1
2016,2,3,한국정부론,23,3
2016,2,3,한국정부론,24,4
2016,2,3,한국정부론,25,2
2016,2,3,화폐금융론,1,3
2016,2,3,화폐금융론,2,4
2016,2,3,화폐금융론,3,3
2016,2,3,화폐금융론,4,2
2016,2,3,화폐금융론,5,2
2016,2,3,화폐금융론,6,1
2016,2,3,화폐금융론,7,1
2016,2,3,화폐금융론,8,1
2016,2,3,화폐금융론,9,4
2016,2,3,화폐금융론,10,4
2016,2,3,화폐금융론,11,3
2016,2,3,화폐금융론,12,2
2016,2,3,화폐금융론,13,4
2016,2,3,화폐금융론,14,4
2016,2,3,화폐금융론,15,2
2016,2,3,화폐금융론,16,1
2016,2,3,화폐금융론,17,3
2016,2,3,화폐금융론,18,3
2016,2,3,화폐금융론,19,3
2016,2,3,화폐금융론,20,2
2016,2,3,화폐금융론,21,4
2016,2,3,화폐금융론,22,2
2016,2,3,화폐금융론,23,3
2016,2,3,화폐금융론,24,4
2016,2,3,화폐금융론,25,2
2016,2,3,화폐금융론,26,2
2016,2,3,화폐금융론,27,1
2016,2,3,화폐금융론,28,2
2016,2,3,화폐금융론,29,4
2016,2,3,화폐금융론,30,1
2016,2,3,화폐금융론,31,2
2016,2,3,화폐금융론,32,4
2016,2,3,화폐금융론,33,4
2016,2,3,화폐금융론,34,3
2016,2,3,화폐금융론,35,2
2016,2,3,노동경제학,1,3
2016,2,3,노동경제학,2,2
2016,2,3,노동경제학,3,4
2016,2,3,노동경제학,4,3
2016,2,3,노동경제학,5,4
2016,2,3,노동경제학,6,2
2016,2,3,노동경제학,7,3
2016,2,3,노동경제학,8,4
2016,2,3,노동경제학,9,1
2016,2,3,노동경제학,10,2
2016,2,3,노동경제학,11,4
2016,2,3,노동경제학,12,3
2016,2,3,노동경제학,13,4
2016,2,3,노동경제학,14,4
2016,2,3,노동경제학,15,1
2016,2,3,노동경제학,16,4
2016,2,3,노동경제학,17,2
2016,2,3,노동경제학,18,4
2016,2,3,노동경제학,19,3
2016,2,3,노동경제학,20,1
2016,2,3,노동경제학,21,4
2016,2,3,노동경제학,22,3
2016,2,3,노동경제학,23,4
2016,2,3,노동경제학,24,1
2016,2,3,노동경제학,25,4
2016,2,3,노동경제학,26,3
2016,2,3,노동경제학,27,1
2016,2,3,노동경제학,28,2
2016,2,3,노동경제학,29,4
2016,2,3,노동경제학,30,2
2016,2,3,노동경제학,31,3
2016,2,3,노동경제학,32,3
2016,2,3,노동경제학,33,4
2016,2,3,노동경제학,34,4
2016,2,3,노동경제학,35,3
2016,2,3,국제금융론,1,1
2016,2,3,국제금융론,2,4
2016,2,3,국제금융론,3,4
2016,2,3,국제금융론,4,4
2016,2,3,국제금융론,5,4
2016,2,3,국제금융론,6,1
2016,2,3,국제금융론,7,4
2016,2,3,국제금융론,8,4
2016,2,3,국제금융론,9,2
2016,2,3,국제금융론,10,1
2016,2,3,국제금융론,11,2
2016,2,3,국제금융론,12,2
2016,2,3,국제금융론,13,4
2016,2,3,국제금융론,14,3
2016,2,3,국제금융론,15,1
2016,2,3,국제금융론,16,2
2016,2,3,국제금융론,17,3
2016,2,3,국제금융론,18,2
2016,2,3,국제금융론,19,3
2016,2,3,국제금융론,20,4
2016,2,3,국제금융론,21,4
2016,2,3,국제금융론,22,3
2016,2,3,국제금융론,23,2
2016,2,3,국제금융론,24,3
2016,2,3,국제금융론,25,3
2016,2,3,국제금융론,26,2
2016,2,3,국제금융론,27,1
2016,2,3,국제금융론,28,2
2016,2,3,국제금융론,29,3
2016,2,3,국제금융론,30,4
2016,2,3,국제금융론,31,4
2016,2,3,국제금융론,32,4
2016,2,3,국제금융론,33,2
2016,2,3,국제금융론,34,1
2016,2,3,국제금융론,35,3
2016,2,3,도시경제학,1,1
2016,2,3,도시경제학,2,2
2016,2,3,도시경제학,3,3
2016,2,3,도시경제학,4,4
2016,2,3,도시경제학,5,4
2016,2,3,도시경제학,6,2
2016,2,3,도시경제학,7,4
2016,2,3,도시경제학,8,1
2016,2,3,도시경제학,9,4
2016,2,3,도시경제학,10,3
2016,2,3,도시경제학,11,3
2016,2,3,도시경제학,12,1
2016,2,3,도시경제학,13,1
2016,2,3,도시경제학,14,2
2016,2,3,도시경제학,15,1
2016,2,3,도시경제학,16,2
2016,2,3,도시경제학,17,4
2016,2,3,도시경제학,18,1
2016,2,3,도시경제학,19,4
2016,2,3,도시경제학,20,1
2016,2,3,도시경제학,21,3
2016,2,3,도시경제학,22,3
2016,2,3,도시경제학,23,4
2016,2,3,도시경제학,24,3
2016,2,3,도시경제학,25,1
2016,2,3,도시경제학,26,4
2016,2,3,도시경제학,27,2
2016,2,3,도시경제학,28,4
2016,2,3,도시경제학,29,2
2016,2,3,도시경제학,30,3
2016,2,3,도시경제학,31,3
2016,2,3,도시경제학,32,2
2016,2,3,도시경제학,33,2
2016,2,3,도시경제학,34,4
2016,2,3,도시경제학,35,4
2016,2,3,원가회계,1,2
2016,2,3,원가회계,2,4
2016,2,3,원가회계,3,3
2016,2,3,원가회계,4,4
2016,2,3,원가회계,5,4
2016,2,3,원가회계,6,1
2016,2,3,원가회계,7,2
2016,2,3,원가회계,8,2
2016,2,3,원가회계,9,2
2016,2,3,원가회계,10,1
2016,2,3,원가회계,11,4
2016,2,3,원가회계,12,1
2016,2,3,원가회계,13,1
2016,2,3,원가회계,14,3
2016,2,3,원가회계,15,4
2016,2,3,원가회계,16,4
2016,2,3,원가회계,17,3
2016,2,3,원가회계,18,2
2016,2,3,원가회계,19,4
2016,2,3,원가회계,20,3
2016,2,3,원가회계,21,3
2016,2,3,원가회계,22,1
2016,2,3,원가회계,23,3
2016,2,3,원가회계,24,2
2016,2,3,원가회계,25,3
2016,2,3,원가회계,26,2
2016,2,3,원가회계,27,4
2016,2,3,원가회계,28,2
2016,2,3,원가회계,29,3
2016,2,3,원가회계,30,1
2016,2,3,원가회계,31,3
2016,2,3,원가회계,32,1
2016,2,3,원가회계,33,4
2016,2,3,원가회계,34,1
2016,2,3,원가회계,35,3
2016,2,3,금융투자의이해,1,3
2016,2,3,금융투자의이해,2,3
2016,2,3,금융투자의이해,3,1
2016,2,3,금융투자의이해,4,2
2016,2,3,금융투자의이해,5,4
2016,2,3,금융투자의이해,6,3
2016,2,3,금융투자의이해,7,2
2016,2,3,금융투자의이해,8,3
2016,2,3,금융투자의이해,9,2
2016,2,3,금융투자의이해,10,1
2016,2,3,금융투자의이해,11,4
2016,2,3,금융투자의이해,12,3
2016,2,3,금융투자의이해,13,4
2016,2,3,금융투자의이해,14,3
2016,2,3,금융투자의이해,15,2
2016,2,3,금융투자의이해,16,3
2016,2,3,금융투자의이해,17,1
2016,2,3,금융투자의이해,18,1
2016,2,3,금융투자의이해,19,4
2016,2,3,금융투자의이해,20,2
2016,2,3,금융투자의이해,21,2
2016,2,3,금융투자의이해,22,4
2016,2,3,금융투자의이해,23,1
2016,2,3,금융투자의이해,24,3
2016,2,3,금융투자의이해,25,1
2016,2,3,마케팅조사,1,3
2016,2,3,마케팅조사,2,2
2016,2,3,마케팅조사,3,2
2016,2,3,마케팅조사,4,3
2016,2,3,마케팅조사,5,2
2016,2,3,마케팅조사,6,4
2016,2,3,마케팅조사,7,2
2016,2,3,마케팅조사,8,3
2016,2,3,마케팅조사,9,4
2016,2,3,마케팅조사,10,4
2016,2,3,마케팅조사,11,2
2016,2,3,마케팅조사,12,1
2016,2,3,마케팅조사,13,3
2016,2,3,마케팅조사,14,2
2016,2,3,마케팅조사,15,1
2016,2,3,마케팅조사,16,2
2016,2,3,마케팅조사,17,1
2016,2,3,마케팅조사,18,2
2016,2,3,마케팅조사,19,2
2016,2,3,마케팅조사,20,3
2016,2,3,마케팅조사,21,3
2016,2,3,마케팅조사,22,3
2016,2,3,마케팅조사,23,1
2016,2,3,마케팅조사,24,1
2016,2,3,마케팅조사,25,4
2016,2,3,마케팅조사,26,2
2016,2,3,마케팅조사,27,3
2016,2,3,마케팅조사,28,3
2016,2,3,마케팅조사,29,2
2016,2,3,마케팅조사,30,4
2016,2,3,마케팅조사,31,4
2016,2,3,마케팅조사,32,1
2016,2,3,마케팅조사,33,2
2016,2,3,마케팅조사,34,4
2016,2,3,마케팅조사,35,2
2016,2,3,물류관리,1,2
2016,2,3,물류관리,2,2
2016,2,3,물류관리,3,2
2016,2,3,물류관리,4,1
2016,2,3,물류관리,5,2
2016,2,3,물류관리,6,3
2016,2,3,물류관리,7,3
2016,2,3,물류관리,8,2
2016,2,3,물류관리,9,1
2016,2,3,물류관리,10,2
2016,2,3,물류관리,11,1
2016,2,3,물류관리,12,1
2016,2,3,물류관리,13,3
2016,2,3,물류관리,14,3
2016,2,3,물류관리,15,1
2016,2,3,물류관리,16,4
2016,2,3,물류관리,17,3
2016,2,3,물류관리,18,2
2016,2,3,물류관리,19,3
2016,2,3,물류관리,20,4
2016,2,3,물류관리,21,4
2016,2,3,물류관리,22,2
2016,2,3,물류관리,23,1
2016,2,3,물류관리,24,4
2016,2,3,물류관리,25,1
2016,2,3,물류관리,26,2
2016,2,3,물류관리,27,2
2016,2,3,물류관리,28,2
2016,2,3,물류관리,29,3
2016,2,3,물류관리,30,4
2016,2,3,물류관리,31,1
2016,2,3,물류관리,32,2
2016,2,3,물류관리,33,4
2016,2,3,물류관리,34,4
2016,2,3,물류관리,35,2
2016,2,3,국제무역정책,1,4
2016,2,3,국제무역정책,2,4
2016,2,3,국제무역정책,3,2
2016,2,3,국제무역정책,4,2
2016,2,3,국제무역정책,5,2
2016,2,3,국제무역정책,6,3
2016,2,3,국제무역정책,7,2
2016,2,3,국제무역정책,8,4
2016,2,3,국제무역정책,9,2
2016,2,3,국제무역정책,10,1
2016,2,3,국제무역정책,11,3
2016,2,3,국제무역정책,12,3
2016,2,3,국제무역정책,13,3
2016,2,3,국제무역정책,14,1
2016,2,3,국제무역정책,15,1
2016,2,3,국제무역정책,16,2
2016,2,3,국제무역정책,17,3
2016,2,3,국제무역정책,18,1
2016,2,3,국제무역정책,19,3
2016,2,3,국제무역정책,20,3
2016,2,3,국제무역정책,21,1
2016,2,3,국제무역정책,22,3
2016,2,3,국제무역정책,23,3
2016,2,3,국제무역정책,24,2
2016,2,3,국제무역정책,25,3
2016,2,3,국제무역정책,26,4
2016,2,3,국제무역정책,27,2
2016,2,3,국제무역정책,28,4
2016,2,3,국제무역정책,29,2
2016,2,3,국제무역정책,30,2
2016,2,3,국제무역정책,31,3
2016,2,3,국제무역정책,32,3
2016,2,3,국제무역정책,33,4
2016,2,3,국제무역정책,34,2
2016,2,3,국제무역정책,35,3
2016,2,3,무역영어,1,3
2016,2,3,무역영어,2,1
2016,2,3,무역영어,3,4
2016,2,3,무역영어,4,3
2016,2,3,무역영어,5,4
2016,2,3,무역영어,6,1
2016,2,3,무역영어,7,3
2016,2,3,무역영어,8,1
2016,2,3,무역영어,9,4
2016,2,3,무역영어,10,1
2016,2,3,무역영어,11,3
2016,2,3,무역영어,12,1
2016,2,3,무역영어,13,2
2016,2,3,무역영어,14,4
2016,2,3,무역영어,15,4
2016,2,3,무역영어,16,1
2016,2,3,무역영어,17,2
2016,2,3,무역영어,18,3
2016,2,3,무역영어,19,3
2016,2,3,무역영어,20,3
2016,2,3,무역영어,21,2
2016,2,3,무역영어,22,1
2016,2,3,무역영어,23,1
2016,2,3,무역영어,24,1
2016,2,3,무역영어,25,4
2016,2,3,무역영어,26,2
2016,2,3,무역영어,27,2
2016,2,3,무역영어,28,2
2016,2,3,무역영어,29,4
2016,2,3,무역영어,30,4
2016,2,3,무역영어,31,3
2016,2,3,무역영어,32,3
2016,2,3,무역영어,33,2
2016,2,3,무역영어,34,4
2016,2,3,무역영어,35,2
2016,2,3,산업구조와경쟁,1,2
2016,2,3,산업구조와경쟁,2,4
2016,2,3,산업구조와경쟁,3,2
2016,2,3,산업구조와경쟁,4,2
2016,2,3,산업구조와경쟁,5,4
2016,2,3,산업구조와경쟁,6,1
2016,2,3,산업구조와경쟁,7,4
2016,2,3,산업구조와경쟁,8,2
2016,2,3,산업구조와경쟁,9,3
2016,2,3,산업구조와경쟁,10,3
2016,2,3,산업구조와경쟁,11,1
2016,2,3,산업구조와경쟁,12,4
2016,2,3,산업구조와경쟁,13,1
2016,2,3,산업구조와경쟁,14,1
2016,2,3,산업구조와경쟁,15,1
2016,2,3,산업구조와경쟁,16,2
2016,2,3,산업구조와경쟁,17,1
2016,2,3,산업구조와경쟁,18,1
2016,2,3,산업구조와경쟁,19,2
2016,2,3,산업구조와경쟁,20,4
2016,2,3,산업구조와경쟁,21,1
2016,2,3,산업구조와경쟁,22,4
2016,2,3,산업구조와경쟁,23,4
2016,2,3,산업구조와경쟁,24,1
2016,2,3,산업구조와경쟁,25,1
2016,2,3,산업구조와경쟁,26,2
2016,2,3,산업구조와경쟁,27,2
2016,2,3,산업구조와경쟁,28,2
2016,2,3,산업구조와경쟁,29,2
2016,2,3,산업구조와경쟁,30,4
2016,2,3,산업구조와경쟁,31,1
2016,2,3,산업구조와경쟁,32,2
2016,2,3,산업구조와경쟁,33,3
2016,2,3,산업구조와경쟁,34,2
2016,2,3,산업구조와경쟁,35,1
2016,2,3,국제광고론,1,1
2016,2,3,국제광고론,2,2
2016,2,3,국제광고론,3,3
2016,2,3,국제광고론,4,1
2016,2,3,국제광고론,5,4
2016,2,3,국제광고론,6,2
2016,2,3,국제광고론,7,4
2016,2,3,국제광고론,8,1
2016,2,3,국제광고론,9,1
2016,2,3,국제광고론,10,4
2016,2,3,국제광고론,11,2
2016,2,3,국제광고론,12,4
2016,2,3,국제광고론,13,4
2016,2,3,국제광고론,14,4
2016,2,3,국제광고론,15,1
2016,2,3,국제광고론,16,1
2016,2,3,국제광고론,17,3
2016,2,3,국제광고론,18,3
2016,2,3,국제광고론,19,3
2016,2,3,국제광고론,20,1
2016,2,3,국제광고론,21,4
2016,2,3,국제광고론,22,4
2016,2,3,국제광고론,23,2
2016,2,3,국제광고론,24,2
2016,2,3,국제광고론,25,4
2016,2,3,국제광고론,26,4
2016,2,3,국제광고론,27,3
2016,2,3,국제광고론,28,1
2016,2,3,국제광고론,29,2
2016,2,3,국제광고론,30,2
2016,2,3,국제광고론,31,4
2016,2,3,국제광고론,32,3
2016,2,3,국제광고론,33,1
2016,2,3,국제광고론,34,3
2016,2,3,국제광고론,35,2
2016,2,3,국제경영전략,1,4
2016,2,3,국제경영전략,2,1
2016,2,3,국제경영전략,3,3
2016,2,3,국제경영전략,4,2
2016,2,3,국제경영전략,5,4
2016,2,3,국제경영전략,6,4
2016,2,3,국제경영전략,7,1
2016,2,3,국제경영전략,8,3
2016,2,3,국제경영전략,9,2
2016,2,3,국제경영전략,10,1
2016,2,3,국제경영전략,11,4
2016,2,3,국제경영전략,12,2
2016,2,3,국제경영전략,13,1
2016,2,3,국제경영전략,14,3
2016,2,3,국제경영전략,15,3
2016,2,3,국제경영전략,16,1
2016,2,3,국제경영전략,17,2
2016,2,3,국제경영전략,18,4
2016,2,3,국제경영전략,19,3
2016,2,3,국제경영전략,20,2
2016,2,3,국제경영전략,21,1
2016,2,3,국제경영전략,22,3
2016,2,3,국제경영전략,23,4
2016,2,3,국제경영전략,24,2
2016,2,3,국제경영전략,25,2
2016,2,3,국제경영전략,26,3
2016,2,3,국제경영전략,27,4
2016,2,3,국제경영전략,28,2
2016,2,3,국제경영전략,29,1
2016,2,3,국제경영전략,30,3
2016,2,3,국제경영전략,31,1
2016,2,3,국제경영전략,32,1
2016,2,3,국제경영전략,33,4
2016,2,3,국제경영전략,34,2
2016,2,3,국제경영전략,35,4
2016,2,3,스피치커뮤니케이션,1,4
2016,2,3,스피치커뮤니케이션,2,1
2016,2,3,스피치커뮤니케이션,3,1
2016,2,3,스피치커뮤니케이션,4,1
2016,2,3,스피치커뮤니케이션,5,4
2016,2,3,스피치커뮤니케이션,6,3
2016,2,3,스피치커뮤니케이션,7,1
2016,2,3,스피치커뮤니케이션,8,2
2016,2,3,스피치커뮤니케이션,9,3
2016,2,3,스피치커뮤니케이션,10,4
2016,2,3,스피치커뮤니케이션,11,1
2016,2,3,스피치커뮤니케이션,12,2
2016,2,3,스피치커뮤니케이션,13,3
2016,2,3,스피치커뮤니케이션,14,1
2016,2,3,스피치커뮤니케이션,15,1
2016,2,3,스피치커뮤니케이션,16,1
2016,2,3,스피치커뮤니케이션,17,2
2016,2,3,스피치커뮤니케이션,18,2
2016,2,3,스피치커뮤니케이션,19,4
2016,2,3,스피치커뮤니케이션,20,1
2016,2,3,스피치커뮤니케이션,21,1
2016,2,3,스피치커뮤니케이션,22,4
2016,2,3,스피치커뮤니케이션,23,3
2016,2,3,스피치커뮤니케이션,24,1
2016,2,3,스피치커뮤니케이션,25,4
2016,2,3,스피치커뮤니케이션,26,2
2016,2,3,스피치커뮤니케이션,27,2
2016,2,3,스피치커뮤니케이션,28,1
2016,2,3,스피치커뮤니케이션,29,4
2016,2,3,스피치커뮤니케이션,30,4
2016,2,3,스피치커뮤니케이션,31,1
2016,2,3,스피치커뮤니케이션,32,3
2016,2,3,스피치커뮤니케이션,33,1
2016,2,3,스피치커뮤니케이션,34,1
2016,2,3,스피치커뮤니케이션,35,3
2016,2,3,뉴스취재와기사쓰기,1,4
2016,2,3,뉴스취재와기사쓰기,2,3
2016,2,3,뉴스취재와기사쓰기,3,2
2016,2,3,뉴스취재와기사쓰기,4,3
2016,2,3,뉴스취재와기사쓰기,5,2
2016,2,3,뉴스취재와기사쓰기,6,4
2016,2,3,뉴스취재와기사쓰기,7,2
2016,2,3,뉴스취재와기사쓰기,8,1
2016,2,3,뉴스취재와기사쓰기,9,2
2016,2,3,뉴스취재와기사쓰기,10,1
2016,2,3,뉴스취재와기사쓰기,11,4
2016,2,3,뉴스취재와기사쓰기,12,2
2016,2,3,뉴스취재와기사쓰기,13,2
2016,2,3,뉴스취재와기사쓰기,14,4
2016,2,3,뉴스취재와기사쓰기,15,3
2016,2,3,뉴스취재와기사쓰기,16,2
2016,2,3,뉴스취재와기사쓰기,17,2
2016,2,3,뉴스취재와기사쓰기,18,4
2016,2,3,뉴스취재와기사쓰기,19,4
2016,2,3,뉴스취재와기사쓰기,20,1
2016,2,3,뉴스취재와기사쓰기,21,4
2016,2,3,뉴스취재와기사쓰기,22,2
2016,2,3,뉴스취재와기사쓰기,23,1
2016,2,3,뉴스취재와기사쓰기,24,3
2016,2,3,뉴스취재와기사쓰기,25,2
2016,2,3,멀티미디어기획제작,1,3
2016,2,3,멀티미디어기획제작,2,3
2016,2,3,멀티미디어기획제작,3,4
2016,2,3,멀티미디어기획제작,4,1
2016,2,3,멀티미디어기획제작,5,1
2016,2,3,멀티미디어기획제작,6,4
2016,2,3,멀티미디어기획제작,7,2
2016,2,3,멀티미디어기획제작,8,2
2016,2,3,멀티미디어기획제작,9,3
2016,2,3,멀티미디어기획제작,10,2
2016,2,3,멀티미디어기획제작,11,2
2016,2,3,멀티미디어기획제작,12,4
2016,2,3,멀티미디어기획제작,13,3
2016,2,3,멀티미디어기획제작,14,2
2016,2,3,멀티미디어기획제작,15,1
2016,2,3,멀티미디어기획제작,16,1
2016,2,3,멀티미디어기획제작,17,3
2016,2,3,멀티미디어기획제작,18,4
2016,2,3,멀티미디어기획제작,19,3
2016,2,3,멀티미디어기획제작,20,2
2016,2,3,멀티미디어기획제작,21,1
2016,2,3,멀티미디어기획제작,22,1
2016,2,3,멀티미디어기획제작,23,4
2016,2,3,멀티미디어기획제작,24,1
2016,2,3,멀티미디어기획제작,25,1
2016,2,3,멀티미디어기획제작,26,1
2016,2,3,멀티미디어기획제작,27,3
2016,2,3,멀티미디어기획제작,28,1
2016,2,3,멀티미디어기획제작,29,3
2016,2,3,멀티미디어기획제작,30,2
2016,2,3,멀티미디어기획제작,31,2
2016,2,3,멀티미디어기획제작,32,4
2016,2,3,멀티미디어기획제작,33,1
2016,2,3,멀티미디어기획제작,34,1
2016,2,3,멀티미디어기획제작,35,2
2016,2,3,방송기획제작의기초,1,4
2016,2,3,방송기획제작의기초,2,3
2016,2,3,방송기획제작의기초,3,2
2016,2,3,방송기획제작의기초,4,3
2016,2,3,방송기획제작의기초,5,1
2016,2,3,방송기획제작의기초,6,4
2016,2,3,방송기획제작의기초,7,3
2016,2,3,방송기획제작의기초,8,1
2016,2,3,방송기획제작의기초,9,3
2016,2,3,방송기획제작의기초,10,2
2016,2,3,방송기획제작의기초,11,3
2016,2,3,방송기획제작의기초,12,2
2016,2,3,방송기획제작의기초,13,3
2016,2,3,방송기획제작의기초,14,1
2016,2,3,방송기획제작의기초,15,4
2016,2,3,방송기획제작의기초,16,3
2016,2,3,방송기획제작의기초,17,2
2016,2,3,방송기획제작의기초,18,4
2016,2,3,방송기획제작의기초,19,3
2016,2,3,방송기획제작의기초,20,1
2016,2,3,방송기획제작의기초,21,4
2016,2,3,방송기획제작의기초,22,4
2016,2,3,방송기획제작의기초,23,3
2016,2,3,방송기획제작의기초,24,4
2016,2,3,방송기획제작의기초,25,4
2016,2,3,방송기획제작의기초,26,1
2016,2,3,방송기획제작의기초,27,2
2016,2,3,방송기획제작의기초,28,1
2016,2,3,방송기획제작의기초,29,3
2016,2,3,방송기획제작의기초,30,1
2016,2,3,방송기획제작의기초,31,2
2016,2,3,방송기획제작의기초,32,3
2016,2,3,방송기획제작의기초,33,4
2016,2,3,방송기획제작의기초,34,2
2016,2,3,방송기획제작의기초,35,3
2016,2,3,미디어연구방법,1,3
2016,2,3,미디어연구방법,2,1
2016,2,3,미디어연구방법,3,4
2016,2,3,미디어연구방법,4,4
2016,2,3,미디어연구방법,5,2
2016,2,3,미디어연구방법,6,2
2016,2,3,미디어연구방법,7,3
2016,2,3,미디어연구방법,8,4
2016,2,3,미디어연구방법,9,1
2016,2,3,미디어연구방법,10,1
2016,2,3,미디어연구방법,11,4
2016,2,3,미디어연구방법,12,4
2016,2,3,미디어연구방법,13,2
2016,2,3,미디어연구방법,14,4
2016,2,3,미디어연구방법,15,1
2016,2,3,미디어연구방법,16,1
2016,2,3,미디어연구방법,17,3
2016,2,3,미디어연구방법,18,3
2016,2,3,미디어연구방법,19,4
2016,2,3,미디어연구방법,20,1
2016,2,3,미디어연구방법,21,3
2016,2,3,미디어연구방법,22,4
2016,2,3,미디어연구방법,23,1
2016,2,3,미디어연구방법,24,1
2016,2,3,미디어연구방법,25,4
2016,2,3,미디어연구방법,26,4
2016,2,3,미디어연구방법,27,1
2016,2,3,미디어연구방법,28,3
2016,2,3,미디어연구방법,29,3
2016,2,3,미디어연구방법,30,4
2016,2,3,미디어연구방법,31,4
2016,2,3,미디어연구방법,32,2
2016,2,3,미디어연구방법,33,1
2016,2,3,미디어연구방법,34,1
2016,2,3,미디어연구방법,35,4
2016,2,3,컨벤션산업론,1,1
2016,2,3,컨벤션산업론,2,4
2016,2,3,컨벤션산업론,3,2
2016,2,3,컨벤션산업론,4,3
2016,2,3,컨벤션산업론,5,2
2016,2,3,컨벤션산업론,6,3
2016,2,3,컨벤션산업론,7,1
2016,2,3,컨벤션산업론,8,3
2016,2,3,컨벤션산업론,9,4
2016,2,3,컨벤션산업론,10,4
2016,2,3,컨벤션산업론,11,2
2016,2,3,컨벤션산업론,12,4
2016,2,3,컨벤션산업론,13,4
2016,2,3,컨벤션산업론,14,4
2016,2,3,컨벤션산업론,15,2
2016,2,3,컨벤션산업론,16,3
2016,2,3,컨벤션산업론,17,1
2016,2,3,컨벤션산업론,18,2
2016,2,3,컨벤션산업론,19,2
2016,2,3,컨벤션산업론,20,2
2016,2,3,컨벤션산업론,21,4
2016,2,3,컨벤션산업론,22,3
2016,2,3,컨벤션산업론,23,4
2016,2,3,컨벤션산업론,24,4
2016,2,3,컨벤션산업론,25,1
2016,2,3,컨벤션산업론,26,4
2016,2,3,컨벤션산업론,27,2
2016,2,3,컨벤션산업론,28,4
2016,2,3,컨벤션산업론,29,4
2016,2,3,컨벤션산업론,30,1
2016,2,3,컨벤션산업론,31,3
2016,2,3,컨벤션산업론,32,3
2016,2,3,컨벤션산업론,33,2
2016,2,3,컨벤션산업론,34,1
2016,2,3,컨벤션산업론,35,4
2016,2,3,관광연구의이해,1,2
2016,2,3,관광연구의이해,2,1
2016,2,3,관광연구의이해,3,3
2016,2,3,관광연구의이해,4,4
2016,2,3,관광연구의이해,5,2
2016,2,3,관광연구의이해,6,1
2016,2,3,관광연구의이해,7,3
2016,2,3,관광연구의이해,8,1
2016,2,3,관광연구의이해,9,2
2016,2,3,관광연구의이해,10,3
2016,2,3,관광연구의이해,11,4
2016,2,3,관광연구의이해,12,2
2016,2,3,관광연구의이해,13,4
2016,2,3,관광연구의이해,14,3
2016,2,3,관광연구의이해,15,4
2016,2,3,관광연구의이해,16,1
2016,2,3,관광연구의이해,17,2
2016,2,3,관광연구의이해,18,4
2016,2,3,관광연구의이해,19,3
2016,2,3,관광연구의이해,20,1
2016,2,3,관광연구의이해,21,1
2016,2,3,관광연구의이해,22,3
2016,2,3,관광연구의이해,23,2
2016,2,3,관광연구의이해,24,3
2016,2,3,관광연구의이해,25,4
2016,2,3,관광연구의이해,26,1
2016,2,3,관광연구의이해,27,2
2016,2,3,관광연구의이해,28,"1,2,3,4"
2016,2,3,관광연구의이해,29,2
2016,2,3,관광연구의이해,30,4
2016,2,3,관광연구의이해,31,4
2016,2,3,관광연구의이해,32,1
2016,2,3,관광연구의이해,33,4
2016,2,3,관광연구의이해,34,3
2016,2,3,관광연구의이해,35,"1,2,3,4"
2016,2,3,관광개발실무,1,1
2016,2,3,관광개발실무,2,3
2016,2,3,관광개발실무,3,4
2016,2,3,관광개발실무,4,2
2016,2,3,관광개발실무,5,4
2016,2,3,관광개발실무,6,3
2016,2,3,관광개발실무,7,3
2016,2,3,관광개발실무,8,4
2016,2,3,관광개발실무,9,2
2016,2,3,관광개발실무,10,1
2016,2,3,관광개발실무,11,2
2016,2,3,관광개발실무,12,4
2016,2,3,관광개발실무,13,4
2016,2,3,관광개발실무,14,4
2016,2,3,관광개발실무,15,4
2016,2,3,관광개발실무,16,2
2016,2,3,관광개발실무,17,3
2016,2,3,관광개발실무,18,2
2016,2,3,관광개발실무,19,1
2016,2,3,관광개발실무,20,2
2016,2,3,관광개발실무,21,1
2016,2,3,관광개발실무,22,1
2016,2,3,관광개발실무,23,4
2016,2,3,관광개발실무,24,4
2016,2,3,관광개발실무,25,1
2016,2,3,관광개발실무,26,3
2016,2,3,관광개발실무,27,3
2016,2,3,관광개발실무,28,2
2016,2,3,관광개발실무,29,4
2016,2,3,관광개발실무,30,4
2016,2,3,관광개발실무,31,3
2016,2,3,관광개발실무,32,3
2016,2,3,관광개발실무,33,4
2016,2,3,관광개발실무,34,2
2016,2,3,관광개발실무,35,2
2016,2,3,외식산업의이해,1,4
2016,2,3,외식산업의이해,2,4
2016,2,3,외식산업의이해,3,4
2016,2,3,외식산업의이해,4,1
2016,2,3,외식산업의이해,5,3
2016,2,3,외식산업의이해,6,1
2016,2,3,외식산업의이해,7,1
2016,2,3,외식산업의이해,8,3
2016,2,3,외식산업의이해,9,3
2016,2,3,외식산업의이해,10,2
2016,2,3,외식산업의이해,11,2
2016,2,3,외식산업의이해,12,3
2016,2,3,외식산업의이해,13,4
2016,2,3,외식산업의이해,14,4
2016,2,3,외식산업의이해,15,2
2016,2,3,외식산업의이해,16,3
2016,2,3,외식산업의이해,17,1
2016,2,3,외식산업의이해,18,1
2016,2,3,외식산업의이해,19,4
2016,2,3,외식산업의이해,20,4
2016,2,3,외식산업의이해,21,4
2016,2,3,외식산업의이해,22,1
2016,2,3,외식산업의이해,23,3
2016,2,3,외식산업의이해,24,2
2016,2,3,외식산업의이해,25,2
2016,2,3,외식산업의이해,26,2
2016,2,3,외식산업의이해,27,2
2016,2,3,외식산업의이해,28,2
2016,2,3,외식산업의이해,29,3
2016,2,3,외식산업의이해,30,3
2016,2,3,외식산업의이해,31,2
2016,2,3,외식산업의이해,32,3
2016,2,3,외식산업의이해,33,1
2016,2,3,외식산업의이해,34,1
2016,2,3,외식산업의이해,35,1
2016,2,3,여행영어2,1,1
2016,2,3,여행영어2,2,2
2016,2,3,여행영어2,3,2
2016,2,3,여행영어2,4,4
2016,2,3,여행영어2,5,3
2016,2,3,여행영어2,6,4
2016,2,3,여행영어2,7,3
2016,2,3,여행영어2,8,2
2016,2,3,여행영어2,9,3
2016,2,3,여행영어2,10,3
2016,2,3,여행영어2,11,4
2016,2,3,여행영어2,12,2
2016,2,3,여행영어2,13,1
2016,2,3,여행영어2,14,4
2016,2,3,여행영어2,15,3
2016,2,3,여행영어2,16,3
2016,2,3,여행영어2,17,3
2016,2,3,여행영어2,18,2
2016,2,3,여행영어2,19,2
2016,2,3,여행영어2,20,1
2016,2,3,여행영어2,21,4
2016,2,3,여행영어2,22,3
2016,2,3,여행영어2,23,3
2016,2,3,여행영어2,24,3
2016,2,3,여행영어2,25,4
2016,2,3,환경친화형농업,1,1
2016,2,3,환경친화형농업,2,3
2016,2,3,환경친화형농업,3,2
2016,2,3,환경친화형농업,4,1
2016,2,3,환경친화형농업,5,1
2016,2,3,환경친화형농업,6,4
2016,2,3,환경친화형농업,7,2
2016,2,3,환경친화형농업,8,4
2016,2,3,환경친화형농업,9,3
2016,2,3,환경친화형농업,10,1
2016,2,3,환경친화형농업,11,3
2016,2,3,환경친화형농업,12,2
2016,2,3,환경친화형농업,13,4
2016,2,3,환경친화형농업,14,4
2016,2,3,환경친화형농업,15,1
2016,2,3,환경친화형농업,16,1
2016,2,3,환경친화형농업,17,2
2016,2,3,환경친화형농업,18,2
2016,2,3,환경친화형농업,19,4
2016,2,3,환경친화형농업,20,2
2016,2,3,환경친화형농업,21,3
2016,2,3,환경친화형농업,22,4
2016,2,3,환경친화형농업,23,3
2016,2,3,환경친화형농업,24,3
2016,2,3,환경친화형농업,25,2
2016,2,3,환경친화형농업,26,3
2016,2,3,환경친화형농업,27,2
2016,2,3,환경친화형농업,28,4
2016,2,3,환경친화형농업,29,3
2016,2,3,환경친화형농업,30,1
2016,2,3,환경친화형농업,31,4
2016,2,3,환경친화형농업,32,4
2016,2,3,환경친화형농업,33,1
2016,2,3,환경친화형농업,34,1
2016,2,3,환경친화형농업,35,1
2016,2,3,토양학,1,3
2016,2,3,토양학,2,3
2016,2,3,토양학,3,1
2016,2,3,토양학,4,1
2016,2,3,토양학,5,2
2016,2,3,토양학,6,4
2016,2,3,토양학,7,2
2016,2,3,토양학,8,3
2016,2,3,토양학,9,2
2016,2,3,토양학,10,4
2016,2,3,토양학,11,1
2016,2,3,토양학,12,4
2016,2,3,토양학,13,2
2016,2,3,토양학,14,4
2016,2,3,토양학,15,1
2016,2,3,토양학,16,2
2016,2,3,토양학,17,4
2016,2,3,토양학,18,4
2016,2,3,토양학,19,3
2016,2,3,토양학,20,1
2016,2,3,토양학,21,3
2016,2,3,토양학,22,4
2016,2,3,토양학,23,3
2016,2,3,토양학,24,2
2016,2,3,토양학,25,1
2016,2,3,토양학,26,1
2016,2,3,토양학,27,3
2016,2,3,토양학,28,1
2016,2,3,토양학,29,4
2016,2,3,토양학,30,1
2016,2,3,토양학,31,4
2016,2,3,토양학,32,3
2016,2,3,토양학,33,1
2016,2,3,토양학,34,3
2016,2,3,토양학,35,3
2016,2,3,재배식물육종학,1,2
2016,2,3,재배식물육종학,2,4
2016,2,3,재배식물육종학,3,1
2016,2,3,재배식물육종학,4,4
2016,2,3,재배식물육종학,5,3
2016,2,3,재배식물육종학,6,4
2016,2,3,재배식물육종학,7,3
2016,2,3,재배식물육종학,8,1
2016,2,3,재배식물육종학,9,1
2016,2,3,재배식물육종학,10,2
2016,2,3,재배식물육종학,11,3
2016,2,3,재배식물육종학,12,3
2016,2,3,재배식물육종학,13,2
2016,2,3,재배식물육종학,14,1
2016,2,3,재배식물육종학,15,2
2016,2,3,재배식물육종학,16,4
2016,2,3,재배식물육종학,17,3
2016,2,3,재배식물육종학,18,3
2016,2,3,재배식물육종학,19,2
2016,2,3,재배식물육종학,20,1
2016,2,3,재배식물육종학,21,4
2016,2,3,재배식물육종학,22,3
2016,2,3,재배식물육종학,23,1
2016,2,3,재배식물육종학,24,3
2016,2,3,재배식물육종학,25,2
2016,2,3,재배식물육종학,26,4
2016,2,3,재배식물육종학,27,2
2016,2,3,재배식물육종학,28,3
2016,2,3,재배식물육종학,29,4
2016,2,3,재배식물육종학,30,1
2016,2,3,재배식물육종학,31,1
2016,2,3,재배식물육종학,32,4
2016,2,3,재배식물육종학,33,3
2016,2,3,재배식물육종학,34,4
2016,2,3,재배식물육종학,35,2
2016,2,3,생물통계학,1,4
2016,2,3,생물통계학,2,4
2016,2,3,생물통계학,3,3
2016,2,3,생물통계학,4,2
2016,2,3,생물통계학,5,3
2016,2,3,생물통계학,6,4
2016,2,3,생물통계학,7,2
2016,2,3,생물통계학,8,2
2016,2,3,생물통계학,9,1
2016,2,3,생물통계학,10,1
2016,2,3,생물통계학,11,2
2016,2,3,생물통계학,12,1
2016,2,3,생물통계학,13,4
2016,2,3,생물통계학,14,1
2016,2,3,생물통계학,15,2
2016,2,3,생물통계학,16,1
2016,2,3,생물통계학,17,4
2016,2,3,생물통계학,18,4
2016,2,3,생물통계학,19,1
2016,2,3,생물통계학,20,3
2016,2,3,생물통계학,21,2
2016,2,3,생물통계학,22,3
2016,2,3,생물통계학,23,1
2016,2,3,생물통계학,24,4
2016,2,3,생물통계학,25,4
2016,2,3,생물통계학,26,4
2016,2,3,생물통계학,27,2
2016,2,3,생물통계학,28,1
2016,2,3,생물통계학,29,4
2016,2,3,생물통계학,30,1
2016,2,3,생물통계학,31,4
2016,2,3,생물통계학,32,1
2016,2,3,생물통계학,33,2
2016,2,3,생물통계학,34,2
2016,2,3,생물통계학,35,1
2016,2,3,생활원예,1,2
2016,2,3,생활원예,2,3
2016,2,3,생활원예,3,2
2016,2,3,생활원예,4,3
2016,2,3,생활원예,5,4
2016,2,3,생활원예,6,1
2016,2,3,생활원예,7,4
2016,2,3,생활원예,8,2
2016,2,3,생활원예,9,2
2016,2,3,생활원예,10,1
2016,2,3,생활원예,11,3
2016,2,3,생활원예,12,1
2016,2,3,생활원예,13,4
2016,2,3,생활원예,14,2
2016,2,3,생활원예,15,3
2016,2,3,생활원예,16,4
2016,2,3,생활원예,17,2
2016,2,3,생활원예,18,4
2016,2,3,생활원예,19,4
2016,2,3,생활원예,20,1
2016,2,3,생활원예,21,1
2016,2,3,생활원예,22,2
2016,2,3,생활원예,23,3
2016,2,3,생활원예,24,1
2016,2,3,생활원예,25,4
2016,2,3,생활원예,26,1
2016,2,3,생활원예,27,2
2016,2,3,생활원예,28,1
2016,2,3,생활원예,29,4
2016,2,3,생활원예,30,4
2016,2,3,생활원예,31,2
2016,2,3,생활원예,32,2
2016,2,3,생활원예,33,4
2016,2,3,생활원예,34,3
2016,2,3,생활원예,35,4
2016,2,3,조리원리,1,3
2016,2,3,조리원리,2,1
2016,2,3,조리원리,3,3
2016,2,3,조리원리,4,2
2016,2,3,조리원리,5,1
2016,2,3,조리원리,6,1
2016,2,3,조리원리,7,4
2016,2,3,조리원리,8,2
2016,2,3,조리원리,9,3
2016,2,3,조리원리,10,1
2016,2,3,조리원리,11,4
2016,2,3,조리원리,12,1
2016,2,3,조리원리,13,1
2016,2,3,조리원리,14,4
2016,2,3,조리원리,15,2
2016,2,3,조리원리,16,1
2016,2,3,조리원리,17,1
2016,2,3,조리원리,18,1
2016,2,3,조리원리,19,3
2016,2,3,조리원리,20,"1,2,3,4"
2016,2,3,조리원리,21,1
2016,2,3,조리원리,22,1
2016,2,3,조리원리,23,2
2016,2,3,조리원리,24,1
2016,2,3,조리원리,25,4
2016,2,3,조리원리,26,1
2016,2,3,조리원리,27,3
2016,2,3,조리원리,28,4
2016,2,3,조리원리,29,2
2016,2,3,조리원리,30,2
2016,2,3,조리원리,31,1
2016,2,3,조리원리,32,4
2016,2,3,조리원리,33,3
2016,2,3,조리원리,34,2
2016,2,3,조리원리,35,3
2016,2,3,가정관리학연구법,1,2
2016,2,3,가정관리학연구법,2,4
2016,2,3,가정관리학연구법,3,1
2016,2,3,가정관리학연구법,4,2
2016,2,3,가정관리학연구법,5,1
2016,2,3,가정관리학연구법,6,1
2016,2,3,가정관리학연구법,7,2
2016,2,3,가정관리학연구법,8,2
2016,2,3,가정관리학연구법,9,2
2016,2,3,가정관리학연구법,10,1
2016,2,3,가정관리학연구법,11,3
2016,2,3,가정관리학연구법,12,1
2016,2,3,가정관리학연구법,13,2
2016,2,3,가정관리학연구법,14,2
2016,2,3,가정관리학연구법,15,4
2016,2,3,가정관리학연구법,16,4
2016,2,3,가정관리학연구법,17,3
2016,2,3,가정관리학연구법,18,2
2016,2,3,가정관리학연구법,19,4
2016,2,3,가정관리학연구법,20,3
2016,2,3,가정관리학연구법,21,2
2016,2,3,가정관리학연구법,22,4
2016,2,3,가정관리학연구법,23,3
2016,2,3,가정관리학연구법,24,1
2016,2,3,가정관리학연구법,25,3
2016,2,3,가정관리학연구법,26,3
2016,2,3,가정관리학연구법,27,1
2016,2,3,가정관리학연구법,28,4
2016,2,3,가정관리학연구법,29,3
2016,2,3,가정관리학연구법,30,1
2016,2,3,가정관리학연구법,31,"3,4"
2016,2,3,가정관리학연구법,32,4
2016,2,3,가정관리학연구법,33,3
2016,2,3,가정관리학연구법,34,3
2016,2,3,가정관리학연구법,35,4
2016,2,3,임상영양학,1,1
2016,2,3,임상영양학,2,2
2016,2,3,임상영양학,3,4
2016,2,3,임상영양학,4,2
2016,2,3,임상영양학,5,2
2016,2,3,임상영양학,6,2
2016,2,3,임상영양학,7,4
2016,2,3,임상영양학,8,1
2016,2,3,임상영양학,9,3
2016,2,3,임상영양학,10,4
2016,2,3,임상영양학,11,1
2016,2,3,임상영양학,12,4
2016,2,3,임상영양학,13,1
2016,2,3,임상영양학,14,3
2016,2,3,임상영양학,15,2
2016,2,3,임상영양학,16,4
2016,2,3,임상영양학,17,3
2016,2,3,임상영양학,18,3
2016,2,3,임상영양학,19,2
2016,2,3,임상영양학,20,1
2016,2,3,임상영양학,21,2
2016,2,3,임상영양학,22,2
2016,2,3,임상영양학,23,4
2016,2,3,임상영양학,24,3
2016,2,3,임상영양학,25,1
2016,2,3,임상영양학,26,3
2016,2,3,임상영양학,27,1
2016,2,3,임상영양학,28,2
2016,2,3,임상영양학,29,4
2016,2,3,임상영양학,30,3
2016,2,3,임상영양학,31,4
2016,2,3,임상영양학,32,3
2016,2,3,임상영양학,33,2
2016,2,3,임상영양학,34,3
2016,2,3,임상영양학,35,1
2016,2,3,영양교육및상담,1,4
2016,2,3,영양교육및상담,2,1
2016,2,3,영양교육및상담,3,3
2016,2,3,영양교육및상담,4,1
2016,2,3,영양교육및상담,5,3
2016,2,3,영양교육및상담,6,3
2016,2,3,영양교육및상담,7,3
2016,2,3,영양교육및상담,8,3
2016,2,3,영양교육및상담,9,3
2016,2,3,영양교육및상담,10,3
2016,2,3,영양교육및상담,11,1
2016,2,3,영양교육및상담,12,1
2016,2,3,영양교육및상담,13,2
2016,2,3,영양교육및상담,14,3
2016,2,3,영양교육및상담,15,3
2016,2,3,영양교육및상담,16,4
2016,2,3,영양교육및상담,17,3
2016,2,3,영양교육및상담,18,4
2016,2,3,영양교육및상담,19,3
2016,2,3,영양교육및상담,20,1
2016,2,3,영양교육및상담,21,4
2016,2,3,영양교육및상담,22,1
2016,2,3,영양교육및상담,23,2
2016,2,3,영양교육및상담,24,2
2016,2,3,영양교육및상담,25,3
2016,2,3,영양교육및상담,26,1
2016,2,3,영양교육및상담,27,4
2016,2,3,영양교육및상담,28,4
2016,2,3,영양교육및상담,29,3
2016,2,3,영양교육및상담,30,2
2016,2,3,영양교육및상담,31,2
2016,2,3,영양교육및상담,32,2
2016,2,3,영양교육및상담,33,3
2016,2,3,영양교육및상담,34,1
2016,2,3,영양교육및상담,35,3
2016,2,3,단체급식관리,1,4
2016,2,3,단체급식관리,2,1
2016,2,3,단체급식관리,3,3
2016,2,3,단체급식관리,4,4
2016,2,3,단체급식관리,5,2
2016,2,3,단체급식관리,6,4
2016,2,3,단체급식관리,7,3
2016,2,3,단체급식관리,8,3
2016,2,3,단체급식관리,9,1
2016,2,3,단체급식관리,10,3
2016,2,3,단체급식관리,11,3
2016,2,3,단체급식관리,12,2
2016,2,3,단체급식관리,13,4
2016,2,3,단체급식관리,14,2
2016,2,3,단체급식관리,15,4
2016,2,3,단체급식관리,16,3
2016,2,3,단체급식관리,17,2
2016,2,3,단체급식관리,18,3
2016,2,3,단체급식관리,19,3
2016,2,3,단체급식관리,20,1
2016,2,3,단체급식관리,21,4
2016,2,3,단체급식관리,22,2
2016,2,3,단체급식관리,23,2
2016,2,3,단체급식관리,24,3
2016,2,3,단체급식관리,25,1
2016,2,3,단체급식관리,26,4
2016,2,3,단체급식관리,27,2
2016,2,3,단체급식관리,28,3
2016,2,3,단체급식관리,29,1
2016,2,3,단체급식관리,30,2
2016,2,3,단체급식관리,31,4
2016,2,3,단체급식관리,32,4
2016,2,3,단체급식관리,33,1
2016,2,3,단체급식관리,34,3
2016,2,3,단체급식관리,35,1
2016,2,3,의복구성의실제,1,4
2016,2,3,의복구성의실제,2,3
2016,2,3,의복구성의실제,3,2
2016,2,3,의복구성의실제,4,4
2016,2,3,의복구성의실제,5,2
2016,2,3,의복구성의실제,6,1
2016,2,3,의복구성의실제,7,3
2016,2,3,의복구성의실제,8,4
2016,2,3,의복구성의실제,9,1
2016,2,3,의복구성의실제,10,3
2016,2,3,의복구성의실제,11,2
2016,2,3,의복구성의실제,12,1
2016,2,3,의복구성의실제,13,3
2016,2,3,의복구성의실제,14,3
2016,2,3,의복구성의실제,15,3
2016,2,3,의복구성의실제,16,4
2016,2,3,의복구성의실제,17,2
2016,2,3,의복구성의실제,18,2
2016,2,3,의복구성의실제,19,1
2016,2,3,의복구성의실제,20,2
2016,2,3,의복구성의실제,21,2
2016,2,3,의복구성의실제,22,1
2016,2,3,의복구성의실제,23,4
2016,2,3,의복구성의실제,24,3
2016,2,3,의복구성의실제,25,1
2016,2,3,지역사회복지론,1,1
2016,2,3,지역사회복지론,2,3
2016,2,3,지역사회복지론,3,4
2016,2,3,지역사회복지론,4,1
2016,2,3,지역사회복지론,5,4
2016,2,3,지역사회복지론,6,1
2016,2,3,지역사회복지론,7,2
2016,2,3,지역사회복지론,8,2
2016,2,3,지역사회복지론,9,1
2016,2,3,지역사회복지론,10,4
2016,2,3,지역사회복지론,11,2
2016,2,3,지역사회복지론,12,3
2016,2,3,지역사회복지론,13,1
2016,2,3,지역사회복지론,14,3
2016,2,3,지역사회복지론,15,1
2016,2,3,지역사회복지론,16,2
2016,2,3,지역사회복지론,17,2
2016,2,3,지역사회복지론,18,3
2016,2,3,지역사회복지론,19,1
2016,2,3,지역사회복지론,20,4
2016,2,3,지역사회복지론,21,4
2016,2,3,지역사회복지론,22,2
2016,2,3,지역사회복지론,23,2
2016,2,3,지역사회복지론,24,3
2016,2,3,지역사회복지론,25,2
2016,2,3,지역사회복지론,26,1
2016,2,3,지역사회복지론,27,3
2016,2,3,지역사회복지론,28,4
2016,2,3,지역사회복지론,29,2
2016,2,3,지역사회복지론,30,1
2016,2,3,지역사회복지론,31,4
2016,2,3,지역사회복지론,32,3
2016,2,3,지역사회복지론,33,4
2016,2,3,지역사회복지론,34,3
2016,2,3,지역사회복지론,35,3
2016,2,3,색채와디자인,1,2
2016,2,3,색채와디자인,2,1
2016,2,3,색채와디자인,3,2
2016,2,3,색채와디자인,4,4
2016,2,3,색채와디자인,5,4
2016,2,3,색채와디자인,6,3
2016,2,3,색채와디자인,7,1
2016,2,3,색채와디자인,8,4
2016,2,3,색채와디자인,9,3
2016,2,3,색채와디자인,10,2
2016,2,3,색채와디자인,11,3
2016,2,3,색채와디자인,12,2
2016,2,3,색채와디자인,13,4
2016,2,3,색채와디자인,14,3
2016,2,3,색채와디자인,15,2
2016,2,3,색채와디자인,16,3
2016,2,3,색채와디자인,17,4
2016,2,3,색채와디자인,18,4
2016,2,3,색채와디자인,19,2
2016,2,3,색채와디자인,20,1
2016,2,3,색채와디자인,21,3
2016,2,3,색채와디자인,22,1
2016,2,3,색채와디자인,23,2
2016,2,3,색채와디자인,24,2
2016,2,3,색채와디자인,25,2
2016,2,3,색채와디자인,26,3
2016,2,3,색채와디자인,27,4
2016,2,3,색채와디자인,28,3
2016,2,3,색채와디자인,29,1
2016,2,3,색채와디자인,30,2
2016,2,3,색채와디자인,31,1
2016,2,3,색채와디자인,32,4
2016,2,3,색채와디자인,33,2
2016,2,3,색채와디자인,34,2
2016,2,3,색채와디자인,35,4
2016,2,3,한국복식문화,1,4
2016,2,3,한국복식문화,2,1
2016,2,3,한국복식문화,3,2
2016,2,3,한국복식문화,4,1
2016,2,3,한국복식문화,5,3
2016,2,3,한국복식문화,6,4
2016,2,3,한국복식문화,7,4
2016,2,3,한국복식문화,8,3
2016,2,3,한국복식문화,9,2
2016,2,3,한국복식문화,10,2
2016,2,3,한국복식문화,11,1
2016,2,3,한국복식문화,12,3
2016,2,3,한국복식문화,13,3
2016,2,3,한국복식문화,14,1
2016,2,3,한국복식문화,15,2
2016,2,3,한국복식문화,16,4
2016,2,3,한국복식문화,17,2
2016,2,3,한국복식문화,18,3
2016,2,3,한국복식문화,19,1
2016,2,3,한국복식문화,20,4
2016,2,3,한국복식문화,21,2
2016,2,3,한국복식문화,22,1
2016,2,3,한국복식문화,23,3
2016,2,3,한국복식문화,24,4
2016,2,3,한국복식문화,25,3
2016,2,3,한국복식문화,26,1
2016,2,3,한국복식문화,27,2
2016,2,3,한국복식문화,28,4
2016,2,3,한국복식문화,29,3
2016,2,3,한국복식문화,30,1
2016,2,3,한국복식문화,31,3
2016,2,3,한국복식문화,32,1
2016,2,3,한국복식문화,33,2
2016,2,3,한국복식문화,34,4
2016,2,3,한국복식문화,35,4
2016,2,3,가족관계,1,2
2016,2,3,가족관계,2,3
2016,2,3,가족관계,3,1
2016,2,3,가족관계,4,4
2016,2,3,가족관계,5,4
2016,2,3,가족관계,6,2
2016,2,3,가족관계,7,3
2016,2,3,가족관계,8,3
2016,2,3,가족관계,9,1
2016,2,3,가족관계,10,1
2016,2,3,가족관계,11,4
2016,2,3,가족관계,12,4
2016,2,3,가족관계,13,2
2016,2,3,가족관계,14,3
2016,2,3,가족관계,15,3
2016,2,3,가족관계,16,1
2016,2,3,가족관계,17,1
2016,2,3,가족관계,18,1
2016,2,3,가족관계,19,4
2016,2,3,가족관계,20,2
2016,2,3,가족관계,21,3
2016,2,3,가족관계,22,3
2016,2,3,가족관계,23,2
2016,2,3,가족관계,24,1
2016,2,3,가족관계,25,3
2016,2,3,가족관계,26,4
2016,2,3,가족관계,27,4
2016,2,3,가족관계,28,2
2016,2,3,가족관계,29,3
2016,2,3,가족관계,30,3
2016,2,3,가족관계,31,2
2016,2,3,가족관계,32,1
2016,2,3,가족관계,33,3
2016,2,3,가족관계,34,3
2016,2,3,가족관계,35,4
2016,2,3,디지털패션표현,1,2
2016,2,3,디지털패션표현,2,1
2016,2,3,디지털패션표현,3,3
2016,2,3,디지털패션표현,4,2
2016,2,3,디지털패션표현,5,4
2016,2,3,디지털패션표현,6,3
2016,2,3,디지털패션표현,7,2
2016,2,3,디지털패션표현,8,1
2016,2,3,디지털패션표현,9,4
2016,2,3,디지털패션표현,10,1
2016,2,3,디지털패션표현,11,4
2016,2,3,디지털패션표현,12,2
2016,2,3,디지털패션표현,13,2
2016,2,3,디지털패션표현,14,2
2016,2,3,디지털패션표현,15,2
2016,2,3,디지털패션표현,16,1
2016,2,3,디지털패션표현,17,3
2016,2,3,디지털패션표현,18,4
2016,2,3,디지털패션표현,19,1
2016,2,3,디지털패션표현,20,4
2016,2,3,디지털패션표현,21,1
2016,2,3,디지털패션표현,22,1
2016,2,3,디지털패션표현,23,4
2016,2,3,디지털패션표현,24,2
2016,2,3,디지털패션표현,25,2
2016,2,3,디지털패션표현,26,3
2016,2,3,디지털패션표현,27,4
2016,2,3,디지털패션표현,28,1
2016,2,3,디지털패션표현,29,3
2016,2,3,디지털패션표현,30,4
2016,2,3,디지털패션표현,31,2
2016,2,3,디지털패션표현,32,1
2016,2,3,디지털패션표현,33,4
2016,2,3,디지털패션표현,34,1
2016,2,3,디지털패션표현,35,3
2016,2,3,서양복식문화,1,1
2016,2,3,서양복식문화,2,4
2016,2,3,서양복식문화,3,2
2016,2,3,서양복식문화,4,2
2016,2,3,서양복식문화,5,4
2016,2,3,서양복식문화,6,2
2016,2,3,서양복식문화,7,4
2016,2,3,서양복식문화,8,1
2016,2,3,서양복식문화,9,2
2016,2,3,서양복식문화,10,1
2016,2,3,서양복식문화,11,1
2016,2,3,서양복식문화,12,1
2016,2,3,서양복식문화,13,1
2016,2,3,서양복식문화,14,2
2016,2,3,서양복식문화,15,3
2016,2,3,서양복식문화,16,2
2016,2,3,서양복식문화,17,4
2016,2,3,서양복식문화,18,1
2016,2,3,서양복식문화,19,4
2016,2,3,서양복식문화,20,4
2016,2,3,서양복식문화,21,1
2016,2,3,서양복식문화,22,2
2016,2,3,서양복식문화,23,2
2016,2,3,서양복식문화,24,2
2016,2,3,서양복식문화,25,1
2016,2,3,소비자와소비생활,1,4
2016,2,3,소비자와소비생활,2,1
2016,2,3,소비자와소비생활,3,3
2016,2,3,소비자와소비생활,4,2
2016,2,3,소비자와소비생활,5,1
2016,2,3,소비자와소비생활,6,3
2016,2,3,소비자와소비생활,7,4
2016,2,3,소비자와소비생활,8,3
2016,2,3,소비자와소비생활,9,1
2016,2,3,소비자와소비생활,10,4
2016,2,3,소비자와소비생활,11,1
2016,2,3,소비자와소비생활,12,3
2016,2,3,소비자와소비생활,13,3
2016,2,3,소비자와소비생활,14,2
2016,2,3,소비자와소비생활,15,1
2016,2,3,소비자와소비생활,16,2
2016,2,3,소비자와소비생활,17,1
2016,2,3,소비자와소비생활,18,1
2016,2,3,소비자와소비생활,19,3
2016,2,3,소비자와소비생활,20,1
2016,2,3,소비자와소비생활,21,3
2016,2,3,소비자와소비생활,22,2
2016,2,3,소비자와소비생활,23,2
2016,2,3,소비자와소비생활,24,4
2016,2,3,소비자와소비생활,25,1
2016,2,3,소비자와소비생활,26,2
2016,2,3,소비자와소비생활,27,2
2016,2,3,소비자와소비생활,28,4
2016,2,3,소비자와소비생활,29,3
2016,2,3,소비자와소비생활,30,4
2016,2,3,소비자와소비생활,31,2
2016,2,3,소비자와소비생활,32,1
2016,2,3,소비자와소비생활,33,4
2016,2,3,소비자와소비생활,34,2
2016,2,3,소비자와소비생활,35,4
2016,2,3,영양판정,1,3
2016,2,3,영양판정,2,1
2016,2,3,영양판정,3,3
2016,2,3,영양판정,4,2
2016,2,3,영양판정,5,4
2016,2,3,영양판정,6,3
2016,2,3,영양판정,7,4
2016,2,3,영양판정,8,2
2016,2,3,영양판정,9,4
2016,2,3,영양판정,10,1
2016,2,3,영양판정,11,3
2016,2,3,영양판정,12,3
2016,2,3,영양판정,13,3
2016,2,3,영양판정,14,1
2016,2,3,영양판정,15,3
2016,2,3,영양판정,16,3
2016,2,3,영양판정,17,4
2016,2,3,영양판정,18,2
2016,2,3,영양판정,19,1
2016,2,3,영양판정,20,4
2016,2,3,영양판정,21,2
2016,2,3,영양판정,22,1
2016,2,3,영양판정,23,3
2016,2,3,영양판정,24,1
2016,2,3,영양판정,25,2
2016,2,3,영양판정,26,2
2016,2,3,영양판정,27,4
2016,2,3,영양판정,28,1
2016,2,3,영양판정,29,3
2016,2,3,영양판정,30,3
2016,2,3,영양판정,31,2
2016,2,3,영양판정,32,2
2016,2,3,영양판정,33,1
2016,2,3,영양판정,34,3
2016,2,3,영양판정,35,4
2016,2,3,컴퓨터구조,1,1
2016,2,3,컴퓨터구조,2,2
2016,2,3,컴퓨터구조,3,1
2016,2,3,컴퓨터구조,4,1
2016,2,3,컴퓨터구조,5,3
2016,2,3,컴퓨터구조,6,3
2016,2,3,컴퓨터구조,7,2
2016,2,3,컴퓨터구조,8,2
2016,2,3,컴퓨터구조,9,3
2016,2,3,컴퓨터구조,10,4
2016,2,3,컴퓨터구조,11,1
2016,2,3,컴퓨터구조,12,2
2016,2,3,컴퓨터구조,13,2
2016,2,3,컴퓨터구조,14,4
2016,2,3,컴퓨터구조,15,4
2016,2,3,컴퓨터구조,16,1
2016,2,3,컴퓨터구조,17,1
2016,2,3,컴퓨터구조,18,3
2016,2,3,컴퓨터구조,19,3
2016,2,3,컴퓨터구조,20,4
2016,2,3,컴퓨터구조,21,4
2016,2,3,컴퓨터구조,22,1
2016,2,3,컴퓨터구조,23,2
2016,2,3,컴퓨터구조,24,3
2016,2,3,컴퓨터구조,25,3
2016,2,3,컴퓨터구조,26,2
2016,2,3,컴퓨터구조,27,4
2016,2,3,컴퓨터구조,28,4
2016,2,3,컴퓨터구조,29,4
2016,2,3,컴퓨터구조,30,2
2016,2,3,컴퓨터구조,31,3
2016,2,3,컴퓨터구조,32,1
2016,2,3,컴퓨터구조,33,4
2016,2,3,컴퓨터구조,34,3
2016,2,3,컴퓨터구조,35,2
2016,2,3,데이터베이스설계및구현,1,2
2016,2,3,데이터베이스설계및구현,2,1
2016,2,3,데이터베이스설계및구현,3,4
2016,2,3,데이터베이스설계및구현,4,2
2016,2,3,데이터베이스설계및구현,5,2
2016,2,3,데이터베이스설계및구현,6,2
2016,2,3,데이터베이스설계및구현,7,4
2016,2,3,데이터베이스설계및구현,8,3
2016,2,3,데이터베이스설계및구현,9,4
2016,2,3,데이터베이스설계및구현,10,1
2016,2,3,데이터베이스설계및구현,11,1
2016,2,3,데이터베이스설계및구현,12,2
2016,2,3,데이터베이스설계및구현,13,2
2016,2,3,데이터베이스설계및구현,14,3
2016,2,3,데이터베이스설계및구현,15,1
2016,2,3,데이터베이스설계및구현,16,3
2016,2,3,데이터베이스설계및구현,17,4
2016,2,3,데이터베이스설계및구현,18,2
2016,2,3,데이터베이스설계및구현,19,3
2016,2,3,데이터베이스설계및구현,20,4
2016,2,3,데이터베이스설계및구현,21,3
2016,2,3,데이터베이스설계및구현,22,1
2016,2,3,데이터베이스설계및구현,23,4
2016,2,3,데이터베이스설계및구현,24,1
2016,2,3,데이터베이스설계및구현,25,4
2016,2,3,JSP프로그래밍,1,2
2016,2,3,JSP프로그래밍,2,3
2016,2,3,JSP프로그래밍,3,3
2016,2,3,JSP프로그래밍,4,4
2016,2,3,JSP프로그래밍,5,3
2016,2,3,JSP프로그래밍,6,1
2016,2,3,JSP프로그래밍,7,4
2016,2,3,JSP프로그래밍,8,2
2016,2,3,JSP프로그래밍,9,1
2016,2,3,JSP프로그래밍,10,2
2016,2,3,JSP프로그래밍,11,1
2016,2,3,JSP프로그래밍,12,4
2016,2,3,JSP프로그래밍,13,3
2016,2,3,JSP프로그래밍,14,2
2016,2,3,JSP프로그래밍,15,4
2016,2,3,JSP프로그래밍,16,2
2016,2,3,JSP프로그래밍,17,2
2016,2,3,JSP프로그래밍,18,2
2016,2,3,JSP프로그래밍,19,3
2016,2,3,JSP프로그래밍,20,4
2016,2,3,JSP프로그래밍,21,1
2016,2,3,JSP프로그래밍,22,3
2016,2,3,JSP프로그래밍,23,2
2016,2,3,JSP프로그래밍,24,4
2016,2,3,JSP프로그래밍,25,3
2016,2,3,UNIX시스템,1,4
2016,2,3,UNIX시스템,2,2
2016,2,3,UNIX시스템,3,4
2016,2,3,UNIX시스템,4,1
2016,2,3,UNIX시스템,5,3
2016,2,3,UNIX시스템,6,1
2016,2,3,UNIX시스템,7,3
2016,2,3,UNIX시스템,8,4
2016,2,3,UNIX시스템,9,1
2016,2,3,UNIX시스템,10,3
2016,2,3,UNIX시스템,11,2
2016,2,3,UNIX시스템,12,3
2016,2,3,UNIX시스템,13,1
2016,2,3,UNIX시스템,14,3
2016,2,3,UNIX시스템,15,4
2016,2,3,UNIX시스템,16,1
2016,2,3,UNIX시스템,17,3
2016,2,3,UNIX시스템,18,1
2016,2,3,UNIX시스템,19,2
2016,2,3,UNIX시스템,20,"2,4"
2016,2,3,UNIX시스템,21,4
2016,2,3,UNIX시스템,22,3
2016,2,3,UNIX시스템,23,1
2016,2,3,UNIX시스템,24,2
2016,2,3,UNIX시스템,25,4
2016,2,3,컴파일러구성,1,4
2016,2,3,컴파일러구성,2,4
2016,2,3,컴파일러구성,3,3
2016,2,3,컴파일러구성,4,3
2016,2,3,컴파일러구성,5,4
2016,2,3,컴파일러구성,6,4
2016,2,3,컴파일러구성,7,2
2016,2,3,컴파일러구성,8,"1,4"
2016,2,3,컴파일러구성,9,3
2016,2,3,컴파일러구성,10,3
2016,2,3,컴파일러구성,11,3
2016,2,3,컴파일러구성,12,4
2016,2,3,컴파일러구성,13,1
2016,2,3,컴파일러구성,14,3
2016,2,3,컴파일러구성,15,2
2016,2,3,컴파일러구성,16,3
2016,2,3,컴파일러구성,17,2
2016,2,3,컴파일러구성,18,3
2016,2,3,컴파일러구성,19,4
2016,2,3,컴파일러구성,20,2
2016,2,3,컴파일러구성,21,2
2016,2,3,컴파일러구성,22,3
2016,2,3,컴파일러구성,23,2
2016,2,3,컴파일러구성,24,1
2016,2,3,컴파일러구성,25,3
2016,2,3,컴파일러구성,26,1
2016,2,3,컴파일러구성,27,2
2016,2,3,컴파일러구성,28,3
2016,2,3,컴파일러구성,29,3
2016,2,3,컴파일러구성,30,4
2016,2,3,컴파일러구성,31,4
2016,2,3,컴파일러구성,32,2
2016,2,3,컴파일러구성,33,4
2016,2,3,컴파일러구성,34,2
2016,2,3,컴파일러구성,35,4
2016,2,3,보건정보데이터분석,1,4
2016,2,3,보건정보데이터분석,2,1
2016,2,3,보건정보데이터분석,3,2
2016,2,3,보건정보데이터분석,4,3
2016,2,3,보건정보데이터분석,5,4
2016,2,3,보건정보데이터분석,6,2
2016,2,3,보건정보데이터분석,7,2
2016,2,3,보건정보데이터분석,8,4
2016,2,3,보건정보데이터분석,9,3
2016,2,3,보건정보데이터분석,10,4
2016,2,3,보건정보데이터분석,11,1
2016,2,3,보건정보데이터분석,12,3
2016,2,3,보건정보데이터분석,13,1
2016,2,3,보건정보데이터분석,14,3
2016,2,3,보건정보데이터분석,15,3
2016,2,3,보건정보데이터분석,16,2
2016,2,3,보건정보데이터분석,17,2
2016,2,3,보건정보데이터분석,18,4
2016,2,3,보건정보데이터분석,19,2
2016,2,3,보건정보데이터분석,20,1
2016,2,3,보건정보데이터분석,21,2
2016,2,3,보건정보데이터분석,22,3
2016,2,3,보건정보데이터분석,23,2
2016,2,3,보건정보데이터분석,24,4
2016,2,3,보건정보데이터분석,25,3
2016,2,3,회귀모형,1,2
2016,2,3,회귀모형,2,4
2016,2,3,회귀모형,3,1
2016,2,3,회귀모형,4,2
2016,2,3,회귀모형,5,4
2016,2,3,회귀모형,6,3
2016,2,3,회귀모형,7,2
2016,2,3,회귀모형,8,1
2016,2,3,회귀모형,9,3
2016,2,3,회귀모형,10,2
2016,2,3,회귀모형,11,3
2016,2,3,회귀모형,12,4
2016,2,3,회귀모형,13,1
2016,2,3,회귀모형,14,2
2016,2,3,회귀모형,15,4
2016,2,3,회귀모형,16,3
2016,2,3,회귀모형,17,1
2016,2,3,회귀모형,18,3
2016,2,3,회귀모형,19,2
2016,2,3,회귀모형,20,4
2016,2,3,회귀모형,21,3
2016,2,3,회귀모형,22,1
2016,2,3,회귀모형,23,2
2016,2,3,회귀모형,24,4
2016,2,3,회귀모형,25,3
2016,2,3,품질경영,1,3
2016,2,3,품질경영,2,4
2016,2,3,품질경영,3,1
2016,2,3,품질경영,4,2
2016,2,3,품질경영,5,1
2016,2,3,품질경영,6,3
2016,2,3,품질경영,7,2
2016,2,3,품질경영,8,4
2016,2,3,품질경영,9,1
2016,2,3,품질경영,10,1
2016,2,3,품질경영,11,4
2016,2,3,품질경영,12,4
2016,2,3,품질경영,13,3
2016,2,3,품질경영,14,1
2016,2,3,품질경영,15,3
2016,2,3,품질경영,16,4
2016,2,3,품질경영,17,3
2016,2,3,품질경영,18,2
2016,2,3,품질경영,19,4
2016,2,3,품질경영,20,1
2016,2,3,품질경영,21,3
2016,2,3,품질경영,22,2
2016,2,3,품질경영,23,4
2016,2,3,품질경영,24,4
2016,2,3,품질경영,25,3
2016,2,3,표본조사론,1,3
2016,2,3,표본조사론,2,2
2016,2,3,표본조사론,3,1
2016,2,3,표본조사론,4,3
2016,2,3,표본조사론,5,4
2016,2,3,표본조사론,6,2
2016,2,3,표본조사론,7,2
2016,2,3,표본조사론,8,1
2016,2,3,표본조사론,9,2
2016,2,3,표본조사론,10,4
2016,2,3,표본조사론,11,2
2016,2,3,표본조사론,12,3
2016,2,3,표본조사론,13,1
2016,2,3,표본조사론,14,3
2016,2,3,표본조사론,15,2
2016,2,3,표본조사론,16,4
2016,2,3,표본조사론,17,2
2016,2,3,표본조사론,18,2
2016,2,3,표본조사론,19,3
2016,2,3,표본조사론,20,2
2016,2,3,표본조사론,21,1
2016,2,3,표본조사론,22,3
2016,2,3,표본조사론,23,4
2016,2,3,표본조사론,24,3
2016,2,3,표본조사론,25,3
2016,2,3,실험계획과응용,1,3
2016,2,3,실험계획과응용,2,2
2016,2,3,실험계획과응용,3,4
2016,2,3,실험계획과응용,4,4
2016,2,3,실험계획과응용,5,1
2016,2,3,실험계획과응용,6,4
2016,2,3,실험계획과응용,7,2
2016,2,3,실험계획과응용,8,4
2016,2,3,실험계획과응용,9,3
2016,2,3,실험계획과응용,10,4
2016,2,3,실험계획과응용,11,3
2016,2,3,실험계획과응용,12,2
2016,2,3,실험계획과응용,13,3
2016,2,3,실험계획과응용,14,3
2016,2,3,실험계획과응용,15,4
2016,2,3,실험계획과응용,16,4
2016,2,3,실험계획과응용,17,1
2016,2,3,실험계획과응용,18,3
2016,2,3,실험계획과응용,19,1
2016,2,3,실험계획과응용,20,3
2016,2,3,실험계획과응용,21,2
2016,2,3,실험계획과응용,22,3
2016,2,3,실험계획과응용,23,2
2016,2,3,실험계획과응용,24,4
2016,2,3,실험계획과응용,25,3
2016,2,3,보건통계학,1,4
2016,2,3,보건통계학,2,4
2016,2,3,보건통계학,3,1
2016,2,3,보건통계학,4,2
2016,2,3,보건통계학,5,2
2016,2,3,보건통계학,6,1
2016,2,3,보건통계학,7,4
2016,2,3,보건통계학,8,1
2016,2,3,보건통계학,9,2
2016,2,3,보건통계학,10,1
2016,2,3,보건통계학,11,1
2016,2,3,보건통계학,12,3
2016,2,3,보건통계학,13,2
2016,2,3,보건통계학,14,4
2016,2,3,보건통계학,15,4
2016,2,3,보건통계학,16,3
2016,2,3,보건통계학,17,2
2016,2,3,보건통계학,18,3
2016,2,3,보건통계학,19,4
2016,2,3,보건통계학,20,3
2016,2,3,보건통계학,21,2
2016,2,3,보건통계학,22,2
2016,2,3,보건통계학,23,4
2016,2,3,보건통계학,24,3
2016,2,3,보건통계학,25,1
2016,2,3,상하수도관리,1,2
2016,2,3,상하수도관리,2,3
2016,2,3,상하수도관리,3,4
2016,2,3,상하수도관리,4,2
2016,2,3,상하수도관리,5,4
2016,2,3,상하수도관리,6,3
2016,2,3,상하수도관리,7,3
2016,2,3,상하수도관리,8,2
2016,2,3,상하수도관리,9,3
2016,2,3,상하수도관리,10,4
2016,2,3,상하수도관리,11,2
2016,2,3,상하수도관리,12,1
2016,2,3,상하수도관리,13,2
2016,2,3,상하수도관리,14,3
2016,2,3,상하수도관리,15,4
2016,2,3,상하수도관리,16,4
2016,2,3,상하수도관리,17,2
2016,2,3,상하수도관리,18,1
2016,2,3,상하수도관리,19,1
2016,2,3,상하수도관리,20,3
2016,2,3,상하수도관리,21,4
2016,2,3,상하수도관리,22,1
2016,2,3,상하수도관리,23,1
2016,2,3,상하수도관리,24,2
2016,2,3,상하수도관리,25,1
2016,2,3,작업환경관리,1,3
2016,2,3,작업환경관리,2,2
2016,2,3,작업환경관리,3,4
2016,2,3,작업환경관리,4,4
2016,2,3,작업환경관리,5,3
2016,2,3,작업환경관리,6,3
2016,2,3,작업환경관리,7,3
2016,2,3,작업환경관리,8,4
2016,2,3,작업환경관리,9,1
2016,2,3,작업환경관리,10,3
2016,2,3,작업환경관리,11,1
2016,2,3,작업환경관리,12,2
2016,2,3,작업환경관리,13,4
2016,2,3,작업환경관리,14,4
2016,2,3,작업환경관리,15,3
2016,2,3,작업환경관리,16,3
2016,2,3,작업환경관리,17,3
2016,2,3,작업환경관리,18,4
2016,2,3,작업환경관리,19,1
2016,2,3,작업환경관리,20,3
2016,2,3,작업환경관리,21,4
2016,2,3,작업환경관리,22,1
2016,2,3,작업환경관리,23,2
2016,2,3,작업환경관리,24,1
2016,2,3,작업환경관리,25,4
2016,2,3,환경보건학연구방법,1,2
2016,2,3,환경보건학연구방법,2,1
2016,2,3,환경보건학연구방법,3,4
2016,2,3,환경보건학연구방법,4,2
2016,2,3,환경보건학연구방법,5,3
2016,2,3,환경보건학연구방법,6,3
2016,2,3,환경보건학연구방법,7,4
2016,2,3,환경보건학연구방법,8,2
2016,2,3,환경보건학연구방법,9,3
2016,2,3,환경보건학연구방법,10,3
2016,2,3,환경보건학연구방법,11,4
2016,2,3,환경보건학연구방법,12,3
2016,2,3,환경보건학연구방법,13,1
2016,2,3,환경보건학연구방법,14,2
2016,2,3,환경보건학연구방법,15,2
2016,2,3,환경보건학연구방법,16,4
2016,2,3,환경보건학연구방법,17,3
2016,2,3,환경보건학연구방법,18,1
2016,2,3,환경보건학연구방법,19,4
2016,2,3,환경보건학연구방법,20,3
2016,2,3,환경보건학연구방법,21,2
2016,2,3,환경보건학연구방법,22,4
2016,2,3,환경보건학연구방법,23,1
2016,2,3,환경보건학연구방법,24,3
2016,2,3,환경보건학연구방법,25,4
2016,2,3,환경보건학연구방법,26,3
2016,2,3,환경보건학연구방법,27,1
2016,2,3,환경보건학연구방법,28,2
2016,2,3,환경보건학연구방법,29,"1,2,3,4"
2016,2,3,환경보건학연구방법,30,3
2016,2,3,환경보건학연구방법,31,4
2016,2,3,환경보건학연구방법,32,1
2016,2,3,환경보건학연구방법,33,1
2016,2,3,환경보건학연구방법,34,3
2016,2,3,환경보건학연구방법,35,4
2016,2,3,환경미생물학,1,2
2016,2,3,환경미생물학,2,2
2016,2,3,환경미생물학,3,3
2016,2,3,환경미생물학,4,4
2016,2,3,환경미생물학,5,2
2016,2,3,환경미생물학,6,4
2016,2,3,환경미생물학,7,4
2016,2,3,환경미생물학,8,2
2016,2,3,환경미생물학,9,4
2016,2,3,환경미생물학,10,4
2016,2,3,환경미생물학,11,4
2016,2,3,환경미생물학,12,2
2016,2,3,환경미생물학,13,3
2016,2,3,환경미생물학,14,1
2016,2,3,환경미생물학,15,2
2016,2,3,환경미생물학,16,2
2016,2,3,환경미생물학,17,2
2016,2,3,환경미생물학,18,1
2016,2,3,환경미생물학,19,2
2016,2,3,환경미생물학,20,3
2016,2,3,환경미생물학,21,3
2016,2,3,환경미생물학,22,4
2016,2,3,환경미생물학,23,1
2016,2,3,환경미생물학,24,2
2016,2,3,환경미생물학,25,2
2016,2,3,환경미생물학,26,3
2016,2,3,환경미생물학,27,4
2016,2,3,환경미생물학,28,3
2016,2,3,환경미생물학,29,4
2016,2,3,환경미생물학,30,2
2016,2,3,환경미생물학,31,4
2016,2,3,환경미생물학,32,1
2016,2,3,환경미생물학,33,3
2016,2,3,환경미생물학,34,1
2016,2,3,환경미생물학,35,4
2016,2,3,간호이론,1,1
2016,2,3,간호이론,2,3
2016,2,3,간호이론,3,4
2016,2,3,간호이론,4,3
2016,2,3,간호이론,5,2
2016,2,3,간호이론,6,4
2016,2,3,간호이론,7,3
2016,2,3,간호이론,8,1
2016,2,3,간호이론,9,3
2016,2,3,간호이론,10,1
2016,2,3,간호이론,11,3
2016,2,3,간호이론,12,4
2016,2,3,간호이론,13,1
2016,2,3,간호이론,14,1
2016,2,3,간호이론,15,2
2016,2,3,간호이론,16,4
2016,2,3,간호이론,17,3
2016,2,3,간호이론,18,2
2016,2,3,간호이론,19,3
2016,2,3,간호이론,20,3
2016,2,3,간호이론,21,1
2016,2,3,간호이론,22,4
2016,2,3,간호이론,23,3
2016,2,3,간호이론,24,2
2016,2,3,간호이론,25,3
2016,2,3,간호이론,26,3
2016,2,3,간호이론,27,2
2016,2,3,간호이론,28,4
2016,2,3,간호이론,29,2
2016,2,3,간호이론,30,2
2016,2,3,간호이론,31,3
2016,2,3,간호이론,32,1
2016,2,3,간호이론,33,1
2016,2,3,간호이론,34,2
2016,2,3,간호이론,35,3
2016,2,3,지역사회간호학,1,2
2016,2,3,지역사회간호학,2,3
2016,2,3,지역사회간호학,3,1
2016,2,3,지역사회간호학,4,4
2016,2,3,지역사회간호학,5,3
2016,2,3,지역사회간호학,6,4
2016,2,3,지역사회간호학,7,1
2016,2,3,지역사회간호학,8,3
2016,2,3,지역사회간호학,9,4
2016,2,3,지역사회간호학,10,3
2016,2,3,지역사회간호학,11,3
2016,2,3,지역사회간호학,12,4
2016,2,3,지역사회간호학,13,2
2016,2,3,지역사회간호학,14,3
2016,2,3,지역사회간호학,15,1
2016,2,3,지역사회간호학,16,3
2016,2,3,지역사회간호학,17,4
2016,2,3,지역사회간호학,18,4
2016,2,3,지역사회간호학,19,3
2016,2,3,지역사회간호학,20,1
2016,2,3,지역사회간호학,21,1
2016,2,3,지역사회간호학,22,4
2016,2,3,지역사회간호학,23,3
2016,2,3,지역사회간호학,24,3
2016,2,3,지역사회간호학,25,3
2016,2,3,지역사회간호학,26,2
2016,2,3,지역사회간호학,27,3
2016,2,3,지역사회간호학,28,4
2016,2,3,지역사회간호학,29,2
2016,2,3,지역사회간호학,30,1
2016,2,3,지역사회간호학,31,2
2016,2,3,지역사회간호학,32,3
2016,2,3,지역사회간호학,33,4
2016,2,3,지역사회간호학,34,1
2016,2,3,지역사회간호학,35,2
2016,2,3,응급간호학,1,4
2016,2,3,응급간호학,2,2
2016,2,3,응급간호학,3,3
2016,2,3,응급간호학,4,4
2016,2,3,응급간호학,5,1
2016,2,3,응급간호학,6,1
2016,2,3,응급간호학,7,1
2016,2,3,응급간호학,8,3
2016,2,3,응급간호학,9,4
2016,2,3,응급간호학,10,4
2016,2,3,응급간호학,11,2
2016,2,3,응급간호학,12,1
2016,2,3,응급간호학,13,2
2016,2,3,응급간호학,14,1
2016,2,3,응급간호학,15,3
2016,2,3,응급간호학,16,3
2016,2,3,응급간호학,17,3
2016,2,3,응급간호학,18,4
2016,2,3,응급간호학,19,1
2016,2,3,응급간호학,20,3
2016,2,3,응급간호학,21,4
2016,2,3,응급간호학,22,2
2016,2,3,응급간호학,23,1
2016,2,3,응급간호학,24,4
2016,2,3,응급간호학,25,3
2016,2,3,응급간호학,26,2
2016,2,3,응급간호학,27,1
2016,2,3,응급간호학,28,4
2016,2,3,응급간호학,29,4
2016,2,3,응급간호학,30,3
2016,2,3,응급간호학,31,2
2016,2,3,응급간호학,32,1
2016,2,3,응급간호학,33,3
2016,2,3,응급간호학,34,4
2016,2,3,응급간호학,35,4
2016,2,3,고급간호연구,1,3
2016,2,3,고급간호연구,2,3
2016,2,3,고급간호연구,3,4
2016,2,3,고급간호연구,4,3
2016,2,3,고급간호연구,5,1
2016,2,3,고급간호연구,6,4
2016,2,3,고급간호연구,7,3
2016,2,3,고급간호연구,8,1
2016,2,3,고급간호연구,9,4
2016,2,3,고급간호연구,10,1
2016,2,3,고급간호연구,11,3
2016,2,3,고급간호연구,12,4
2016,2,3,고급간호연구,13,2
2016,2,3,고급간호연구,14,1
2016,2,3,고급간호연구,15,3
2016,2,3,고급간호연구,16,2
2016,2,3,고급간호연구,17,4
2016,2,3,고급간호연구,18,4
2016,2,3,고급간호연구,19,3
2016,2,3,고급간호연구,20,4
2016,2,3,고급간호연구,21,4
2016,2,3,고급간호연구,22,3
2016,2,3,고급간호연구,23,3
2016,2,3,고급간호연구,24,1
2016,2,3,고급간호연구,25,1
2016,2,3,고급간호연구,26,3
2016,2,3,고급간호연구,27,2
2016,2,3,고급간호연구,28,1
2016,2,3,고급간호연구,29,1
2016,2,3,고급간호연구,30,3
2016,2,3,고급간호연구,31,1
2016,2,3,고급간호연구,32,3
2016,2,3,고급간호연구,33,4
2016,2,3,고급간호연구,34,3
2016,2,3,고급간호연구,35,4
2016,2,3,인간행동과사회환경,1,3
2016,2,3,인간행동과사회환경,2,1
2016,2,3,인간행동과사회환경,3,1
2016,2,3,인간행동과사회환경,4,3
2016,2,3,인간행동과사회환경,5,1
2016,2,3,인간행동과사회환경,6,2
2016,2,3,인간행동과사회환경,7,4
2016,2,3,인간행동과사회환경,8,2
2016,2,3,인간행동과사회환경,9,3
2016,2,3,인간행동과사회환경,10,1
2016,2,3,인간행동과사회환경,11,4
2016,2,3,인간행동과사회환경,12,4
2016,2,3,인간행동과사회환경,13,4
2016,2,3,인간행동과사회환경,14,3
2016,2,3,인간행동과사회환경,15,1
2016,2,3,인간행동과사회환경,16,3
2016,2,3,인간행동과사회환경,17,4
2016,2,3,인간행동과사회환경,18,3
2016,2,3,인간행동과사회환경,19,2
2016,2,3,인간행동과사회환경,20,3
2016,2,3,인간행동과사회환경,21,3
2016,2,3,인간행동과사회환경,22,2
2016,2,3,인간행동과사회환경,23,2
2016,2,3,인간행동과사회환경,24,3
2016,2,3,인간행동과사회환경,25,2
2016,2,3,인간행동과사회환경,26,3
2016,2,3,인간행동과사회환경,27,3
2016,2,3,인간행동과사회환경,28,1
2016,2,3,인간행동과사회환경,29,2
2016,2,3,인간행동과사회환경,30,2
2016,2,3,인간행동과사회환경,31,4
2016,2,3,인간행동과사회환경,32,3
2016,2,3,인간행동과사회환경,33,1
2016,2,3,인간행동과사회환경,34,2
2016,2,3,인간행동과사회환경,35,1
2016,2,3,청소년문제,1,4
2016,2,3,청소년문제,2,4
2016,2,3,청소년문제,3,4
2016,2,3,청소년문제,4,2
2016,2,3,청소년문제,5,2
2016,2,3,청소년문제,6,4
2016,2,3,청소년문제,7,3
2016,2,3,청소년문제,8,1
2016,2,3,청소년문제,9,"1,4"
2016,2,3,청소년문제,10,2
2016,2,3,청소년문제,11,3
2016,2,3,청소년문제,12,3
2016,2,3,청소년문제,13,2
2016,2,3,청소년문제,14,3
2016,2,3,청소년문제,15,3
2016,2,3,청소년문제,16,4
2016,2,3,청소년문제,17,4
2016,2,3,청소년문제,18,3
2016,2,3,청소년문제,19,2
2016,2,3,청소년문제,20,1
2016,2,3,청소년문제,21,1
2016,2,3,청소년문제,22,1
2016,2,3,청소년문제,23,3
2016,2,3,청소년문제,24,2
2016,2,3,청소년문제,25,2
2016,2,3,청소년문제,26,4
2016,2,3,청소년문제,27,4
2016,2,3,청소년문제,28,2
2016,2,3,청소년문제,29,1
2016,2,3,청소년문제,30,3
2016,2,3,청소년문제,31,4
2016,2,3,청소년문제,32,4
2016,2,3,청소년문제,33,4
2016,2,3,청소년문제,34,1
2016,2,3,청소년문제,35,2
2016,2,3,청소년지도방법론,1,2
2016,2,3,청소년지도방법론,2,2
2016,2,3,청소년지도방법론,3,2
2016,2,3,청소년지도방법론,4,4
2016,2,3,청소년지도방법론,5,3
2016,2,3,청소년지도방법론,6,3
2016,2,3,청소년지도방법론,7,1
2016,2,3,청소년지도방법론,8,3
2016,2,3,청소년지도방법론,9,4
2016,2,3,청소년지도방법론,10,2
2016,2,3,청소년지도방법론,11,3
2016,2,3,청소년지도방법론,12,2
2016,2,3,청소년지도방법론,13,1
2016,2,3,청소년지도방법론,14,1
2016,2,3,청소년지도방법론,15,2
2016,2,3,청소년지도방법론,16,4
2016,2,3,청소년지도방법론,17,3
2016,2,3,청소년지도방법론,18,2
2016,2,3,청소년지도방법론,19,2
2016,2,3,청소년지도방법론,20,4
2016,2,3,청소년지도방법론,21,1
2016,2,3,청소년지도방법론,22,3
2016,2,3,청소년지도방법론,23,1
2016,2,3,청소년지도방법론,24,1
2016,2,3,청소년지도방법론,25,4
2016,2,3,청소년지도방법론,26,1
2016,2,3,청소년지도방법론,27,1
2016,2,3,청소년지도방법론,28,4
2016,2,3,청소년지도방법론,29,1
2016,2,3,청소년지도방법론,30,2
2016,2,3,청소년지도방법론,31,2
2016,2,3,청소년지도방법론,32,4
2016,2,3,청소년지도방법론,33,3
2016,2,3,청소년지도방법론,34,3
2016,2,3,청소년지도방법론,35,2
2016,2,3,평생교육경영론,1,2
2016,2,3,평생교육경영론,2,2
2016,2,3,평생교육경영론,3,1
2016,2,3,평생교육경영론,4,1
2016,2,3,평생교육경영론,5,2
2016,2,3,평생교육경영론,6,2
2016,2,3,평생교육경영론,7,4
2016,2,3,평생교육경영론,8,1
2016,2,3,평생교육경영론,9,1
2016,2,3,평생교육경영론,10,4
2016,2,3,평생교육경영론,11,4
2016,2,3,평생교육경영론,12,1
2016,2,3,평생교육경영론,13,1
2016,2,3,평생교육경영론,14,4
2016,2,3,평생교육경영론,15,2
2016,2,3,평생교육경영론,16,3
2016,2,3,평생교육경영론,17,1
2016,2,3,평생교육경영론,18,3
2016,2,3,평생교육경영론,19,1
2016,2,3,평생교육경영론,20,4
2016,2,3,평생교육경영론,21,2
2016,2,3,평생교육경영론,22,1
2016,2,3,평생교육경영론,23,1
2016,2,3,평생교육경영론,24,2
2016,2,3,평생교육경영론,25,3
2016,2,3,평생교육경영론,26,4
2016,2,3,평생교육경영론,27,2
2016,2,3,평생교육경영론,28,3
2016,2,3,평생교육경영론,29,4
2016,2,3,평생교육경영론,30,1
2016,2,3,평생교육경영론,31,4
2016,2,3,평생교육경영론,32,2
2016,2,3,평생교육경영론,33,1
2016,2,3,평생교육경영론,34,3
2016,2,3,평생교육경영론,35,2
2016,2,3,평생교육프로그램개발,1,4
2016,2,3,평생교육프로그램개발,2,1
2016,2,3,평생교육프로그램개발,3,3
2016,2,3,평생교육프로그램개발,4,2
2016,2,3,평생교육프로그램개발,5,1
2016,2,3,평생교육프로그램개발,6,4
2016,2,3,평생교육프로그램개발,7,4
2016,2,3,평생교육프로그램개발,8,1
2016,2,3,평생교육프로그램개발,9,4
2016,2,3,평생교육프로그램개발,10,3
2016,2,3,평생교육프로그램개발,11,2
2016,2,3,평생교육프로그램개발,12,1
2016,2,3,평생교육프로그램개발,13,2
2016,2,3,평생교육프로그램개발,14,4
2016,2,3,평생교육프로그램개발,15,2
2016,2,3,평생교육프로그램개발,16,3
2016,2,3,평생교육프로그램개발,17,4
2016,2,3,평생교육프로그램개발,18,3
2016,2,3,평생교육프로그램개발,19,1
2016,2,3,평생교육프로그램개발,20,2
2016,2,3,평생교육프로그램개발,21,4
2016,2,3,평생교육프로그램개발,22,2
2016,2,3,평생교육프로그램개발,23,3
2016,2,3,평생교육프로그램개발,24,2
2016,2,3,평생교육프로그램개발,25,4
2016,2,3,평생교육프로그램개발,26,4
2016,2,3,평생교육프로그램개발,27,2
2016,2,3,평생교육프로그램개발,28,3
2016,2,3,평생교육프로그램개발,29,1
2016,2,3,평생교육프로그램개발,30,4
2016,2,3,평생교육프로그램개발,31,3
2016,2,3,평생교육프로그램개발,32,1
2016,2,3,평생교육프로그램개발,33,2
2016,2,3,평생교육프로그램개발,34,4
2016,2,3,평생교육프로그램개발,35,4
2016,2,3,청소년프로그램개발및평가,1,3
2016,2,3,청소년프로그램개발및평가,2,3
2016,2,3,청소년프로그램개발및평가,3,4
2016,2,3,청소년프로그램개발및평가,4,1
2016,2,3,청소년프로그램개발및평가,5,4
2016,2,3,청소년프로그램개발및평가,6,2
2016,2,3,청소년프로그램개발및평가,7,2
2016,2,3,청소년프로그램개발및평가,8,3
2016,2,3,청소년프로그램개발및평가,9,3
2016,2,3,청소년프로그램개발및평가,10,3
2016,2,3,청소년프로그램개발및평가,11,3
2016,2,3,청소년프로그램개발및평가,12,2
2016,2,3,청소년프로그램개발및평가,13,4
2016,2,3,청소년프로그램개발및평가,14,4
2016,2,3,청소년프로그램개발및평가,15,2
2016,2,3,청소년프로그램개발및평가,16,2
2016,2,3,청소년프로그램개발및평가,17,3
2016,2,3,청소년프로그램개발및평가,18,1
2016,2,3,청소년프로그램개발및평가,19,2
2016,2,3,청소년프로그램개발및평가,20,4
2016,2,3,청소년프로그램개발및평가,21,3
2016,2,3,청소년프로그램개발및평가,22,1
2016,2,3,청소년프로그램개발및평가,23,2
2016,2,3,청소년프로그램개발및평가,24,4
2016,2,3,청소년프로그램개발및평가,25,1
2016,2,3,청소년프로그램개발및평가,26,2
2016,2,3,청소년프로그램개발및평가,27,4
2016,2,3,청소년프로그램개발및평가,28,1
2016,2,3,청소년프로그램개발및평가,29,2
2016,2,3,청소년프로그램개발및평가,30,1
2016,2,3,청소년프로그램개발및평가,31,4
2016,2,3,청소년프로그램개발및평가,32,2
2016,2,3,청소년프로그램개발및평가,33,1
2016,2,3,청소년프로그램개발및평가,34,1
2016,2,3,청소년프로그램개발및평가,35,3
2016,2,3,사회복지조사론,1,3
2016,2,3,사회복지조사론,2,4
2016,2,3,사회복지조사론,3,1
2016,2,3,사회복지조사론,4,2
2016,2,3,사회복지조사론,5,1
2016,2,3,사회복지조사론,6,1
2016,2,3,사회복지조사론,7,4
2016,2,3,사회복지조사론,8,3
2016,2,3,사회복지조사론,9,2
2016,2,3,사회복지조사론,10,3
2016,2,3,사회복지조사론,11,2
2016,2,3,사회복지조사론,12,1
2016,2,3,사회복지조사론,13,4
2016,2,3,사회복지조사론,14,3
2016,2,3,사회복지조사론,15,2
2016,2,3,사회복지조사론,16,2
2016,2,3,사회복지조사론,17,1
2016,2,3,사회복지조사론,18,4
2016,2,3,사회복지조사론,19,4
2016,2,3,사회복지조사론,20,1
2016,2,3,사회복지조사론,21,2
2016,2,3,사회복지조사론,22,1
2016,2,3,사회복지조사론,23,3
2016,2,3,사회복지조사론,24,4
2016,2,3,사회복지조사론,25,3
2016,2,3,사회복지조사론,26,3
2016,2,3,사회복지조사론,27,2
2016,2,3,사회복지조사론,28,1
2016,2,3,사회복지조사론,29,2
2016,2,3,사회복지조사론,30,3
2016,2,3,사회복지조사론,31,3
2016,2,3,사회복지조사론,32,4
2016,2,3,사회복지조사론,33,2
2016,2,3,사회복지조사론,34,1
2016,2,3,사회복지조사론,35,4
2016,2,3,평생교육실무론,1,2
2016,2,3,평생교육실무론,2,1
2016,2,3,평생교육실무론,3,3
2016,2,3,평생교육실무론,4,1
2016,2,3,평생교육실무론,5,4
2016,2,3,평생교육실무론,6,2
2016,2,3,평생교육실무론,7,3
2016,2,3,평생교육실무론,8,2
2016,2,3,평생교육실무론,9,2
2016,2,3,평생교육실무론,10,1
2016,2,3,평생교육실무론,11,4
2016,2,3,평생교육실무론,12,3
2016,2,3,평생교육실무론,13,1
2016,2,3,평생교육실무론,14,4
2016,2,3,평생교육실무론,15,2
2016,2,3,평생교육실무론,16,4
2016,2,3,평생교육실무론,17,2
2016,2,3,평생교육실무론,18,3
2016,2,3,평생교육실무론,19,1
2016,2,3,평생교육실무론,20,3
2016,2,3,평생교육실무론,21,4
2016,2,3,평생교육실무론,22,1
2016,2,3,평생교육실무론,23,2
2016,2,3,평생교육실무론,24,4
2016,2,3,평생교육실무론,25,3
2016,2,3,평생교육실무론,26,3
2016,2,3,평생교육실무론,27,1
2016,2,3,평생교육실무론,28,4
2016,2,3,평생교육실무론,29,2
2016,2,3,평생교육실무론,30,4
2016,2,3,평생교육실무론,31,2
2016,2,3,평생교육실무론,32,3
2016,2,3,평생교육실무론,33,1
2016,2,3,평생교육실무론,34,2
2016,2,3,평생교육실무론,35,4
2016,2,3,교직실무,1,4
2016,2,3,교직실무,2,2
2016,2,3,교직실무,3,4
2016,2,3,교직실무,4,1
2016,2,3,교직실무,5,3
2016,2,3,교직실무,6,2
2016,2,3,교직실무,7,4
2016,2,3,교직실무,8,4
2016,2,3,교직실무,9,1
2016,2,3,교직실무,10,2
2016,2,3,교직실무,11,3
2016,2,3,교직실무,12,3
2016,2,3,교직실무,13,3
2016,2,3,교직실무,14,1
2016,2,3,교직실무,15,2
2016,2,3,교직실무,16,1
2016,2,3,교직실무,17,4
2016,2,3,교직실무,18,3
2016,2,3,교직실무,19,2
2016,2,3,교직실무,20,1
2016,2,3,교직실무,21,1
2016,2,3,교직실무,22,4
2016,2,3,교직실무,23,3
2016,2,3,교직실무,24,1
2016,2,3,교직실무,25,3
2016,2,3,교직실무,26,3
2016,2,3,교직실무,27,4
2016,2,3,교직실무,28,2
2016,2,3,교직실무,29,1
2016,2,3,교직실무,30,4
2016,2,3,교직실무,31,1
2016,2,3,교직실무,32,2
2016,2,3,교직실무,33,2
2016,2,3,교직실무,34,4
2016,2,3,교직실무,35,3
2016,2,3,유아동작교육,1,3
2016,2,3,유아동작교육,2,4
2016,2,3,유아동작교육,3,3
2016,2,3,유아동작교육,4,3
2016,2,3,유아동작교육,5,2
2016,2,3,유아동작교육,6,3
2016,2,3,유아동작교육,7,1
2016,2,3,유아동작교육,8,3
2016,2,3,유아동작교육,9,2
2016,2,3,유아동작교육,10,1
2016,2,3,유아동작교육,11,1
2016,2,3,유아동작교육,12,2
2016,2,3,유아동작교육,13,4
2016,2,3,유아동작교육,14,2
2016,2,3,유아동작교육,15,2
2016,2,3,유아동작교육,16,3
2016,2,3,유아동작교육,17,4
2016,2,3,유아동작교육,18,4
2016,2,3,유아동작교육,19,1
2016,2,3,유아동작교육,20,2
2016,2,3,유아동작교육,21,3
2016,2,3,유아동작교육,22,2
2016,2,3,유아동작교육,23,4
2016,2,3,유아동작교육,24,1
2016,2,3,유아동작교육,25,4
2016,2,3,유아동작교육,26,3
2016,2,3,유아동작교육,27,1
2016,2,3,유아동작교육,28,2
2016,2,3,유아동작교육,29,4
2016,2,3,유아동작교육,30,2
2016,2,3,유아동작교육,31,4
2016,2,3,유아동작교육,32,3
2016,2,3,유아동작교육,33,4
2016,2,3,유아동작교육,34,2
2016,2,3,유아동작교육,35,1
2016,2,3,열린사회와21세기,1,3
2016,2,3,열린사회와21세기,2,4
2016,2,3,열린사회와21세기,3,2
2016,2,3,열린사회와21세기,4,2
2016,2,3,열린사회와21세기,5,1
2016,2,3,열린사회와21세기,6,4
2016,2,3,열린사회와21세기,7,4
2016,2,3,열린사회와21세기,8,4
2016,2,3,열린사회와21세기,9,1
2016,2,3,열린사회와21세기,10,4
2016,2,3,열린사회와21세기,11,4
2016,2,3,열린사회와21세기,12,3
2016,2,3,열린사회와21세기,13,2
2016,2,3,열린사회와21세기,14,2
2016,2,3,열린사회와21세기,15,1
2016,2,3,열린사회와21세기,16,4
2016,2,3,열린사회와21세기,17,4
2016,2,3,열린사회와21세기,18,4
2016,2,3,열린사회와21세기,19,3
2016,2,3,열린사회와21세기,20,4
2016,2,3,열린사회와21세기,21,3
2016,2,3,열린사회와21세기,22,3
2016,2,3,열린사회와21세기,23,4
2016,2,3,열린사회와21세기,24,3
2016,2,3,열린사회와21세기,25,1
2016,2,3,열린사회와21세기,26,1
2016,2,3,열린사회와21세기,27,4
2016,2,3,열린사회와21세기,28,4
2016,2,3,열린사회와21세기,29,2
2016,2,3,열린사회와21세기,30,4
2016,2,3,열린사회와21세기,31,2
2016,2,3,열린사회와21세기,32,4
2016,2,3,열린사회와21세기,33,4
2016,2,3,열린사회와21세기,34,3
2016,2,3,열린사회와21세기,35,4
2016,2,3,전통사회와생활문화,1,4
2016,2,3,전통사회와생활문화,2,1
2016,2,3,전통사회와생활문화,3,3
2016,2,3,전통사회와생활문화,4,1
2016,2,3,전통사회와생활문화,5,4
2016,2,3,전통사회와생활문화,6,2
2016,2,3,전통사회와생활문화,7,4
2016,2,3,전통사회와생활문화,8,1
2016,2,3,전통사회와생활문화,9,2
2016,2,3,전통사회와생활문화,10,3
2016,2,3,전통사회와생활문화,11,1
2016,2,3,전통사회와생활문화,12,1
2016,2,3,전통사회와생활문화,13,3
2016,2,3,전통사회와생활문화,14,3
2016,2,3,전통사회와생활문화,15,4
2016,2,3,전통사회와생활문화,16,3
2016,2,3,전통사회와생활문화,17,4
2016,2,3,전통사회와생활문화,18,1
2016,2,3,전통사회와생활문화,19,2
2016,2,3,전통사회와생활문화,20,2
2016,2,3,전통사회와생활문화,21,3
2016,2,3,전통사회와생활문화,22,4
2016,2,3,전통사회와생활문화,23,1
2016,2,3,전통사회와생활문화,24,3
2016,2,3,전통사회와생활문화,25,4
2016,2,3,전통사회와생활문화,26,1
2016,2,3,전통사회와생활문화,27,3
2016,2,3,전통사회와생활문화,28,4
2016,2,3,전통사회와생활문화,29,2
2016,2,3,전통사회와생활문화,30,2
2016,2,3,전통사회와생활문화,31,4
2016,2,3,전통사회와생활문화,32,1
2016,2,3,전통사회와생활문화,33,2
2016,2,3,전통사회와생활문화,34,3
2016,2,3,전통사회와생활문화,35,2
2016,2,3,근대화와동서양,1,2
2016,2,3,근대화와동서양,2,2
2016,2,3,근대화와동서양,3,3
2016,2,3,근대화와동서양,4,3
2016,2,3,근대화와동서양,5,4
2016,2,3,근대화와동서양,6,4
2016,2,3,근대화와동서양,7,2
2016,2,3,근대화와동서양,8,1
2016,2,3,근대화와동서양,9,3
2016,2,3,근대화와동서양,10,1
2016,2,3,근대화와동서양,11,1
2016,2,3,근대화와동서양,12,3
2016,2,3,근대화와동서양,13,4
2016,2,3,근대화와동서양,14,4
2016,2,3,근대화와동서양,15,1
2016,2,3,근대화와동서양,16,4
2016,2,3,근대화와동서양,17,2
2016,2,3,근대화와동서양,18,3
2016,2,3,근대화와동서양,19,1
2016,2,3,근대화와동서양,20,2
2016,2,3,근대화와동서양,21,1
2016,2,3,근대화와동서양,22,4
2016,2,3,근대화와동서양,23,3
2016,2,3,근대화와동서양,24,1
2016,2,3,근대화와동서양,25,2
2016,2,3,동양철학산책,1,2
2016,2,3,동양철학산책,2,4
2016,2,3,동양철학산책,3,3
2016,2,3,동양철학산책,4,2
2016,2,3,동양철학산책,5,4
2016,2,3,동양철학산책,6,2
2016,2,3,동양철학산책,7,2
2016,2,3,동양철학산책,8,4
2016,2,3,동양철학산책,9,1
2016,2,3,동양철학산책,10,2
2016,2,3,동양철학산책,11,3
2016,2,3,동양철학산책,12,2
2016,2,3,동양철학산책,13,4
2016,2,3,동양철학산책,14,4
2016,2,3,동양철학산책,15,2
2016,2,3,동양철학산책,16,1
2016,2,3,동양철학산책,17,4
2016,2,3,동양철학산책,18,4
2016,2,3,동양철학산책,19,3
2016,2,3,동양철학산책,20,4
2016,2,3,동양철학산책,21,3
2016,2,3,동양철학산책,22,1
2016,2,3,동양철학산책,23,4
2016,2,3,동양철학산책,24,3
2016,2,3,동양철학산책,25,1
2016,2,3,동양철학산책,26,2
2016,2,3,동양철학산책,27,2
2016,2,3,동양철학산책,28,3
2016,2,3,동양철학산책,29,3
2016,2,3,동양철학산책,30,3
2016,2,3,동양철학산책,31,"1,2,3,4"
2016,2,3,동양철학산책,32,2
2016,2,3,동양철학산책,33,1
2016,2,3,동양철학산책,34,4
2016,2,3,동양철학산책,35,2
2016,2,3,생명공학과인간의미래,1,2
2016,2,3,생명공학과인간의미래,2,4
2016,2,3,생명공학과인간의미래,3,1
2016,2,3,생명공학과인간의미래,4,3
2016,2,3,생명공학과인간의미래,5,4
2016,2,3,생명공학과인간의미래,6,2
2016,2,3,생명공학과인간의미래,7,3
2016,2,3,생명공학과인간의미래,8,1
2016,2,3,생명공학과인간의미래,9,2
2016,2,3,생명공학과인간의미래,10,2
2016,2,3,생명공학과인간의미래,11,4
2016,2,3,생명공학과인간의미래,12,1
2016,2,3,생명공학과인간의미래,13,3
2016,2,3,생명공학과인간의미래,14,2
2016,2,3,생명공학과인간의미래,15,1
2016,2,3,생명공학과인간의미래,16,3
2016,2,3,생명공학과인간의미래,17,"1,2,3,4"
2016,2,3,생명공학과인간의미래,18,3
2016,2,3,생명공학과인간의미래,19,2
2016,2,3,생명공학과인간의미래,20,2
2016,2,3,생명공학과인간의미래,21,3
2016,2,3,생명공학과인간의미래,22,1
2016,2,3,생명공학과인간의미래,23,1
2016,2,3,생명공학과인간의미래,24,3
2016,2,3,생명공학과인간의미래,25,1
2016,2,3,공연예술의이해와감상,1,4
2016,2,3,공연예술의이해와감상,2,3
2016,2,3,공연예술의이해와감상,3,2
2016,2,3,공연예술의이해와감상,4,4
2016,2,3,공연예술의이해와감상,5,2
2016,2,3,공연예술의이해와감상,6,2
2016,2,3,공연예술의이해와감상,7,3
2016,2,3,공연예술의이해와감상,8,4
2016,2,3,공연예술의이해와감상,9,1
2016,2,3,공연예술의이해와감상,10,2
2016,2,3,공연예술의이해와감상,11,1
2016,2,3,공연예술의이해와감상,12,1
2016,2,3,공연예술의이해와감상,13,3
2016,2,3,공연예술의이해와감상,14,3
2016,2,3,공연예술의이해와감상,15,4
2016,2,3,공연예술의이해와감상,16,3
2016,2,3,공연예술의이해와감상,17,2
2016,2,3,공연예술의이해와감상,18,4
2016,2,3,공연예술의이해와감상,19,2
2016,2,3,공연예술의이해와감상,20,1
2016,2,3,공연예술의이해와감상,21,2
2016,2,3,공연예술의이해와감상,22,1
2016,2,3,공연예술의이해와감상,23,3
2016,2,3,공연예술의이해와감상,24,2
2016,2,3,공연예술의이해와감상,25,4
2016,2,3,공연예술의이해와감상,26,1
2016,2,3,공연예술의이해와감상,27,1
2016,2,3,공연예술의이해와감상,28,3
2016,2,3,공연예술의이해와감상,29,3
2016,2,3,공연예술의이해와감상,30,2
2016,2,3,공연예술의이해와감상,31,4
2016,2,3,공연예술의이해와감상,32,2
2016,2,3,공연예술의이해와감상,33,4
2016,2,3,공연예술의이해와감상,34,1
2016,2,3,공연예술의이해와감상,35,3
2016,2,3,집단상담의기초,1,3
2016,2,3,집단상담의기초,2,2
2016,2,3,집단상담의기초,3,4
2016,2,3,집단상담의기초,4,2
2016,2,3,집단상담의기초,5,1
2016,2,3,집단상담의기초,6,4
2016,2,3,집단상담의기초,7,3
2016,2,3,집단상담의기초,8,2
2016,2,3,집단상담의기초,9,1
2016,2,3,집단상담의기초,10,2
2016,2,3,집단상담의기초,11,4
2016,2,3,집단상담의기초,12,2
2016,2,3,집단상담의기초,13,3
2016,2,3,집단상담의기초,14,4
2016,2,3,집단상담의기초,15,4
2016,2,3,집단상담의기초,16,2
2016,2,3,집단상담의기초,17,4
2016,2,3,집단상담의기초,18,1
2016,2,3,집단상담의기초,19,4
2016,2,3,집단상담의기초,20,4
2016,2,3,집단상담의기초,21,3
2016,2,3,집단상담의기초,22,3
2016,2,3,집단상담의기초,23,1
2016,2,3,집단상담의기초,24,2
2016,2,3,집단상담의기초,25,4
2016,2,3,집단상담의기초,26,4
2016,2,3,집단상담의기초,27,3
2016,2,3,집단상담의기초,28,1
2016,2,3,집단상담의기초,29,1
2016,2,3,집단상담의기초,30,3
2016,2,3,집단상담의기초,31,2
2016,2,3,집단상담의기초,32,3
2016,2,3,집단상담의기초,33,2
2016,2,3,집단상담의기초,34,1
2016,2,3,집단상담의기초,35,2
2016,2,4,현대의서양문화,1,1
2016,2,4,현대의서양문화,2,3
2016,2,4,현대의서양문화,3,2
2016,2,4,현대의서양문화,4,3
2016,2,4,현대의서양문화,5,4
2016,2,4,현대의서양문화,6,1
2016,2,4,현대의서양문화,7,4
2016,2,4,현대의서양문화,8,3
2016,2,4,현대의서양문화,9,4
2016,2,4,현대의서양문화,10,1
2016,2,4,현대의서양문화,11,2
2016,2,4,현대의서양문화,12,2
2016,2,4,현대의서양문화,13,4
2016,2,4,현대의서양문화,14,4
2016,2,4,현대의서양문화,15,1
2016,2,4,현대의서양문화,16,2
2016,2,4,현대의서양문화,17,1
2016,2,4,현대의서양문화,18,4
2016,2,4,현대의서양문화,19,2
2016,2,4,현대의서양문화,20,4
2016,2,4,현대의서양문화,21,3
2016,2,4,현대의서양문화,22,2
2016,2,4,현대의서양문화,23,3
2016,2,4,현대의서양문화,24,1
2016,2,4,현대의서양문화,25,1
2016,2,4,현대의서양문화,26,3
2016,2,4,현대의서양문화,27,4
2016,2,4,현대의서양문화,28,4
2016,2,4,현대의서양문화,29,3
2016,2,4,현대의서양문화,30,3
2016,2,4,현대의서양문화,31,2
2016,2,4,현대의서양문화,32,2
2016,2,4,현대의서양문화,33,3
2016,2,4,현대의서양문화,34,1
2016,2,4,현대의서양문화,35,1
2016,2,4,현대소설론,1,1
2016,2,4,현대소설론,2,3
2016,2,4,현대소설론,3,3
2016,2,4,현대소설론,4,4
2016,2,4,현대소설론,5,4
2016,2,4,현대소설론,6,3
2016,2,4,현대소설론,7,1
2016,2,4,현대소설론,8,3
2016,2,4,현대소설론,9,2
2016,2,4,현대소설론,10,3
2016,2,4,현대소설론,11,2
2016,2,4,현대소설론,12,2
2016,2,4,현대소설론,13,2
2016,2,4,현대소설론,14,3
2016,2,4,현대소설론,15,2
2016,2,4,현대소설론,16,1
2016,2,4,현대소설론,17,2
2016,2,4,현대소설론,18,3
2016,2,4,현대소설론,19,1
2016,2,4,현대소설론,20,4
2016,2,4,현대소설론,21,4
2016,2,4,현대소설론,22,1
2016,2,4,현대소설론,23,2
2016,2,4,현대소설론,24,1
2016,2,4,현대소설론,25,4
2016,2,4,현대소설론,26,2
2016,2,4,현대소설론,27,3
2016,2,4,현대소설론,28,3
2016,2,4,현대소설론,29,3
2016,2,4,현대소설론,30,1
2016,2,4,현대소설론,31,2
2016,2,4,현대소설론,32,3
2016,2,4,현대소설론,33,3
2016,2,4,현대소설론,34,4
2016,2,4,현대소설론,35,1
2016,2,4,한국희곡론,1,4
2016,2,4,한국희곡론,2,4
2016,2,4,한국희곡론,3,3
2016,2,4,한국희곡론,4,3
2016,2,4,한국희곡론,5,4
2016,2,4,한국희곡론,6,3
2016,2,4,한국희곡론,7,1
2016,2,4,한국희곡론,8,3
2016,2,4,한국희곡론,9,4
2016,2,4,한국희곡론,10,2
2016,2,4,한국희곡론,11,3
2016,2,4,한국희곡론,12,2
2016,2,4,한국희곡론,13,4
2016,2,4,한국희곡론,14,3
2016,2,4,한국희곡론,15,1
2016,2,4,한국희곡론,16,3
2016,2,4,한국희곡론,17,3
2016,2,4,한국희곡론,18,4
2016,2,4,한국희곡론,19,2
2016,2,4,한국희곡론,20,3
2016,2,4,한국희곡론,21,3
2016,2,4,한국희곡론,22,2
2016,2,4,한국희곡론,23,1
2016,2,4,한국희곡론,24,1
2016,2,4,한국희곡론,25,2
2016,2,4,한국희곡론,26,3
2016,2,4,한국희곡론,27,4
2016,2,4,한국희곡론,28,1
2016,2,4,한국희곡론,29,3
2016,2,4,한국희곡론,30,1
2016,2,4,한국희곡론,31,2
2016,2,4,한국희곡론,32,4
2016,2,4,한국희곡론,33,2
2016,2,4,한국희곡론,34,1
2016,2,4,한국희곡론,35,4
2016,2,4,한국한문학의이해,1,2
2016,2,4,한국한문학의이해,2,1
2016,2,4,한국한문학의이해,3,4
2016,2,4,한국한문학의이해,4,1
2016,2,4,한국한문학의이해,5,1
2016,2,4,한국한문학의이해,6,4
2016,2,4,한국한문학의이해,7,2
2016,2,4,한국한문학의이해,8,1
2016,2,4,한국한문학의이해,9,4
2016,2,4,한국한문학의이해,10,3
2016,2,4,한국한문학의이해,11,2
2016,2,4,한국한문학의이해,12,3
2016,2,4,한국한문학의이해,13,1
2016,2,4,한국한문학의이해,14,3
2016,2,4,한국한문학의이해,15,4
2016,2,4,한국한문학의이해,16,2
2016,2,4,한국한문학의이해,17,1
2016,2,4,한국한문학의이해,18,4
2016,2,4,한국한문학의이해,19,2
2016,2,4,한국한문학의이해,20,2
2016,2,4,한국한문학의이해,21,2
2016,2,4,한국한문학의이해,22,3
2016,2,4,한국한문학의이해,23,2
2016,2,4,한국한문학의이해,24,2
2016,2,4,한국한문학의이해,25,4
2016,2,4,한국한문학의이해,26,4
2016,2,4,한국한문학의이해,27,1
2016,2,4,한국한문학의이해,28,4
2016,2,4,한국한문학의이해,29,1
2016,2,4,한국한문학의이해,30,4
2016,2,4,한국한문학의이해,31,3
2016,2,4,한국한문학의이해,32,1
2016,2,4,한국한문학의이해,33,2
2016,2,4,한국한문학의이해,34,4
2016,2,4,한국한문학의이해,35,4
2016,2,4,한국어교육론,1,3
2016,2,4,한국어교육론,2,4
2016,2,4,한국어교육론,3,1
2016,2,4,한국어교육론,4,2
2016,2,4,한국어교육론,5,2
2016,2,4,한국어교육론,6,1
2016,2,4,한국어교육론,7,2
2016,2,4,한국어교육론,8,3
2016,2,4,한국어교육론,9,1
2016,2,4,한국어교육론,10,4
2016,2,4,한국어교육론,11,4
2016,2,4,한국어교육론,12,3
2016,2,4,한국어교육론,13,3
2016,2,4,한국어교육론,14,2
2016,2,4,한국어교육론,15,2
2016,2,4,한국어교육론,16,2
2016,2,4,한국어교육론,17,1
2016,2,4,한국어교육론,18,4
2016,2,4,한국어교육론,19,3
2016,2,4,한국어교육론,20,3
2016,2,4,한국어교육론,21,1
2016,2,4,한국어교육론,22,1
2016,2,4,한국어교육론,23,1
2016,2,4,한국어교육론,24,4
2016,2,4,한국어교육론,25,"2,3"
2016,2,4,한국어교육론,26,3
2016,2,4,한국어교육론,27,2
2016,2,4,한국어교육론,28,1
2016,2,4,한국어교육론,29,2
2016,2,4,한국어교육론,30,3
2016,2,4,한국어교육론,31,1
2016,2,4,한국어교육론,32,3
2016,2,4,한국어교육론,33,3
2016,2,4,한국어교육론,34,2
2016,2,4,한국어교육론,35,1
2016,2,4,언어와의미,1,4
2016,2,4,언어와의미,2,3
2016,2,4,언어와의미,3,1
2016,2,4,언어와의미,4,3
2016,2,4,언어와의미,5,2
2016,2,4,언어와의미,6,1
2016,2,4,언어와의미,7,3
2016,2,4,언어와의미,8,4
2016,2,4,언어와의미,9,1
2016,2,4,언어와의미,10,3
2016,2,4,언어와의미,11,3
2016,2,4,언어와의미,12,1
2016,2,4,언어와의미,13,3
2016,2,4,언어와의미,14,2
2016,2,4,언어와의미,15,1
2016,2,4,언어와의미,16,4
2016,2,4,언어와의미,17,4
2016,2,4,언어와의미,18,2
2016,2,4,언어와의미,19,2
2016,2,4,언어와의미,20,4
2016,2,4,언어와의미,21,3
2016,2,4,언어와의미,22,2
2016,2,4,언어와의미,23,2
2016,2,4,언어와의미,24,4
2016,2,4,언어와의미,25,4
2016,2,4,언어와의미,26,2
2016,2,4,언어와의미,27,2
2016,2,4,언어와의미,28,3
2016,2,4,언어와의미,29,2
2016,2,4,언어와의미,30,2
2016,2,4,언어와의미,31,1
2016,2,4,언어와의미,32,1
2016,2,4,언어와의미,33,3
2016,2,4,언어와의미,34,3
2016,2,4,언어와의미,35,4
2016,2,4,국문학연습,1,3
2016,2,4,국문학연습,2,4
2016,2,4,국문학연습,3,4
2016,2,4,국문학연습,4,1
2016,2,4,국문학연습,5,2
2016,2,4,국문학연습,6,3
2016,2,4,국문학연습,7,4
2016,2,4,국문학연습,8,2
2016,2,4,국문학연습,9,1
2016,2,4,국문학연습,10,2
2016,2,4,국문학연습,11,3
2016,2,4,국문학연습,12,3
2016,2,4,국문학연습,13,2
2016,2,4,국문학연습,14,4
2016,2,4,국문학연습,15,4
2016,2,4,국문학연습,16,3
2016,2,4,국문학연습,17,1
2016,2,4,국문학연습,18,3
2016,2,4,국문학연습,19,1
2016,2,4,국문학연습,20,3
2016,2,4,국문학연습,21,2
2016,2,4,국문학연습,22,3
2016,2,4,국문학연습,23,1
2016,2,4,국문학연습,24,4
2016,2,4,국문학연습,25,3
2016,2,4,국문학연습,26,1
2016,2,4,국문학연습,27,2
2016,2,4,국문학연습,28,4
2016,2,4,국문학연습,29,3
2016,2,4,국문학연습,30,4
2016,2,4,국문학연습,31,1
2016,2,4,국문학연습,32,3
2016,2,4,국문학연습,33,3
2016,2,4,국문학연습,34,2
2016,2,4,국문학연습,35,4
2016,2,4,영어의역사,1,2
2016,2,4,영어의역사,2,1
2016,2,4,영어의역사,3,3
2016,2,4,영어의역사,4,4
2016,2,4,영어의역사,5,4
2016,2,4,영어의역사,6,1
2016,2,4,영어의역사,7,3
2016,2,4,영어의역사,8,2
2016,2,4,영어의역사,9,4
2016,2,4,영어의역사,10,1
2016,2,4,영어의역사,11,3
2016,2,4,영어의역사,12,1
2016,2,4,영어의역사,13,4
2016,2,4,영어의역사,14,2
2016,2,4,영어의역사,15,2
2016,2,4,영어의역사,16,3
2016,2,4,영어의역사,17,1
2016,2,4,영어의역사,18,2
2016,2,4,영어의역사,19,1
2016,2,4,영어의역사,20,1
2016,2,4,영어의역사,21,3
2016,2,4,영어의역사,22,2
2016,2,4,영어의역사,23,4
2016,2,4,영어의역사,24,4
2016,2,4,영어의역사,25,1
2016,2,4,영어의역사,26,1
2016,2,4,영어의역사,27,3
2016,2,4,영어의역사,28,2
2016,2,4,영어의역사,29,"1,2,3,4"
2016,2,4,영어의역사,30,3
2016,2,4,영어의역사,31,3
2016,2,4,영어의역사,32,1
2016,2,4,영어의역사,33,2
2016,2,4,영어의역사,34,4
2016,2,4,영어의역사,35,1
2016,2,4,영미시,1,3
2016,2,4,영미시,2,4
2016,2,4,영미시,3,1
2016,2,4,영미시,4,1
2016,2,4,영미시,5,3
2016,2,4,영미시,6,4
2016,2,4,영미시,7,2
2016,2,4,영미시,8,4
2016,2,4,영미시,9,4
2016,2,4,영미시,10,1
2016,2,4,영미시,11,4
2016,2,4,영미시,12,1
2016,2,4,영미시,13,3
2016,2,4,영미시,14,2
2016,2,4,영미시,15,1
2016,2,4,영미시,16,2
2016,2,4,영미시,17,3
2016,2,4,영미시,18,1
2016,2,4,영미시,19,3
2016,2,4,영미시,20,1
2016,2,4,영미시,21,4
2016,2,4,영미시,22,4
2016,2,4,영미시,23,1
2016,2,4,영미시,24,4
2016,2,4,영미시,25,2
2016,2,4,영미시,26,4
2016,2,4,영미시,27,1
2016,2,4,영미시,28,3
2016,2,4,영미시,29,4
2016,2,4,영미시,30,1
2016,2,4,영미시,31,4
2016,2,4,영미시,32,3
2016,2,4,영미시,33,2
2016,2,4,영미시,34,1
2016,2,4,영미시,35,3
2016,2,4,고급영문강독,1,4
2016,2,4,고급영문강독,2,2
2016,2,4,고급영문강독,3,4
2016,2,4,고급영문강독,4,3
2016,2,4,고급영문강독,5,3
2016,2,4,고급영문강독,6,2
2016,2,4,고급영문강독,7,1
2016,2,4,고급영문강독,8,2
2016,2,4,고급영문강독,9,1
2016,2,4,고급영문강독,10,3
2016,2,4,고급영문강독,11,1
2016,2,4,고급영문강독,12,1
2016,2,4,고급영문강독,13,2
2016,2,4,고급영문강독,14,4
2016,2,4,고급영문강독,15,1
2016,2,4,고급영문강독,16,3
2016,2,4,고급영문강독,17,3
2016,2,4,고급영문강독,18,3
2016,2,4,고급영문강독,19,2
2016,2,4,고급영문강독,20,3
2016,2,4,고급영문강독,21,2
2016,2,4,고급영문강독,22,1
2016,2,4,고급영문강독,23,3
2016,2,4,고급영문강독,24,4
2016,2,4,고급영문강독,25,4
2016,2,4,고급영문강독,26,1
2016,2,4,고급영문강독,27,3
2016,2,4,고급영문강독,28,2
2016,2,4,고급영문강독,29,3
2016,2,4,고급영문강독,30,4
2016,2,4,고급영문강독,31,2
2016,2,4,고급영문강독,32,1
2016,2,4,고급영문강독,33,2
2016,2,4,고급영문강독,34,3
2016,2,4,고급영문강독,35,3
2016,2,4,중국어작문,1,1
2016,2,4,중국어작문,2,4
2016,2,4,중국어작문,3,2
2016,2,4,중국어작문,4,2
2016,2,4,중국어작문,5,3
2016,2,4,중국어작문,6,1
2016,2,4,중국어작문,7,3
2016,2,4,중국어작문,8,1
2016,2,4,중국어작문,9,4
2016,2,4,중국어작문,10,3
2016,2,4,중국어작문,11,2
2016,2,4,중국어작문,12,1
2016,2,4,중국어작문,13,3
2016,2,4,중국어작문,14,2
2016,2,4,중국어작문,15,1
2016,2,4,중국어작문,16,4
2016,2,4,중국어작문,17,1
2016,2,4,중국어작문,18,3
2016,2,4,중국어작문,19,3
2016,2,4,중국어작문,20,3
2016,2,4,중국어작문,21,4
2016,2,4,중국어작문,22,3
2016,2,4,중국어작문,23,4
2016,2,4,중국어작문,24,1
2016,2,4,중국어작문,25,1
2016,2,4,중국어작문,26,3
2016,2,4,중국어작문,27,3
2016,2,4,중국어작문,28,4
2016,2,4,중국어작문,29,4
2016,2,4,중국어작문,30,3
2016,2,4,중국어작문,31,4
2016,2,4,중국어작문,32,4
2016,2,4,중국어작문,33,2
2016,2,4,중국어작문,34,2
2016,2,4,중국어작문,35,2
2016,2,4,영상중국어,1,4
2016,2,4,영상중국어,2,1
2016,2,4,영상중국어,3,3
2016,2,4,영상중국어,4,2
2016,2,4,영상중국어,5,1
2016,2,4,영상중국어,6,3
2016,2,4,영상중국어,7,2
2016,2,4,영상중국어,8,2
2016,2,4,영상중국어,9,4
2016,2,4,영상중국어,10,2
2016,2,4,영상중국어,11,4
2016,2,4,영상중국어,12,2
2016,2,4,영상중국어,13,3
2016,2,4,영상중국어,14,3
2016,2,4,영상중국어,15,1
2016,2,4,영상중국어,16,2
2016,2,4,영상중국어,17,2
2016,2,4,영상중국어,18,3
2016,2,4,영상중국어,19,1
2016,2,4,영상중국어,20,"1,2"
2016,2,4,영상중국어,21,2
2016,2,4,영상중국어,22,4
2016,2,4,영상중국어,23,3
2016,2,4,영상중국어,24,3
2016,2,4,영상중국어,25,1
2016,2,4,영상중국어,26,4
2016,2,4,영상중국어,27,3
2016,2,4,영상중국어,28,3
2016,2,4,영상중국어,29,2
2016,2,4,영상중국어,30,1
2016,2,4,영상중국어,31,2
2016,2,4,영상중국어,32,3
2016,2,4,영상중국어,33,1
2016,2,4,영상중국어,34,"1,2,3,4"
2016,2,4,영상중국어,35,4
2016,2,4,중국시사텍스트특강,1,2
2016,2,4,중국시사텍스트특강,2,1
2016,2,4,중국시사텍스트특강,3,4
2016,2,4,중국시사텍스트특강,4,1
2016,2,4,중국시사텍스트특강,5,2
2016,2,4,중국시사텍스트특강,6,3
2016,2,4,중국시사텍스트특강,7,3
2016,2,4,중국시사텍스트특강,8,2
2016,2,4,중국시사텍스트특강,9,4
2016,2,4,중국시사텍스트특강,10,2
2016,2,4,중국시사텍스트특강,11,4
2016,2,4,중국시사텍스트특강,12,3
2016,2,4,중국시사텍스트특강,13,1
2016,2,4,중국시사텍스트특강,14,1
2016,2,4,중국시사텍스트특강,15,4
2016,2,4,중국시사텍스트특강,16,2
2016,2,4,중국시사텍스트특강,17,1
2016,2,4,중국시사텍스트특강,18,4
2016,2,4,중국시사텍스트특강,19,2
2016,2,4,중국시사텍스트특강,20,1
2016,2,4,중국시사텍스트특강,21,3
2016,2,4,중국시사텍스트특강,22,2
2016,2,4,중국시사텍스트특강,23,1
2016,2,4,중국시사텍스트특강,24,4
2016,2,4,중국시사텍스트특강,25,1
2016,2,4,중국현대문학작품선,1,1
2016,2,4,중국현대문학작품선,2,3
2016,2,4,중국현대문학작품선,3,2
2016,2,4,중국현대문학작품선,4,2
2016,2,4,중국현대문학작품선,5,4
2016,2,4,중국현대문학작품선,6,3
2016,2,4,중국현대문학작품선,7,1
2016,2,4,중국현대문학작품선,8,3
2016,2,4,중국현대문학작품선,9,1
2016,2,4,중국현대문학작품선,10,4
2016,2,4,중국현대문학작품선,11,2
2016,2,4,중국현대문학작품선,12,2
2016,2,4,중국현대문학작품선,13,4
2016,2,4,중국현대문학작품선,14,2
2016,2,4,중국현대문학작품선,15,1
2016,2,4,중국현대문학작품선,16,3
2016,2,4,중국현대문학작품선,17,4
2016,2,4,중국현대문학작품선,18,1
2016,2,4,중국현대문학작품선,19,4
2016,2,4,중국현대문학작품선,20,1
2016,2,4,중국현대문학작품선,21,4
2016,2,4,중국현대문학작품선,22,1
2016,2,4,중국현대문학작품선,23,3
2016,2,4,중국현대문학작품선,24,3
2016,2,4,중국현대문학작품선,25,2
2016,2,4,오늘날의프랑스,1,2
2016,2,4,오늘날의프랑스,2,3
2016,2,4,오늘날의프랑스,3,1
2016,2,4,오늘날의프랑스,4,2
2016,2,4,오늘날의프랑스,5,1
2016,2,4,오늘날의프랑스,6,4
2016,2,4,오늘날의프랑스,7,4
2016,2,4,오늘날의프랑스,8,2
2016,2,4,오늘날의프랑스,9,4
2016,2,4,오늘날의프랑스,10,1
2016,2,4,오늘날의프랑스,11,4
2016,2,4,오늘날의프랑스,12,3
2016,2,4,오늘날의프랑스,13,1
2016,2,4,오늘날의프랑스,14,2
2016,2,4,오늘날의프랑스,15,4
2016,2,4,오늘날의프랑스,16,3
2016,2,4,오늘날의프랑스,17,2
2016,2,4,오늘날의프랑스,18,3
2016,2,4,오늘날의프랑스,19,2
2016,2,4,오늘날의프랑스,20,4
2016,2,4,오늘날의프랑스,21,3
2016,2,4,오늘날의프랑스,22,2
2016,2,4,오늘날의프랑스,23,3
2016,2,4,오늘날의프랑스,24,3
2016,2,4,오늘날의프랑스,25,2
2016,2,4,오늘날의프랑스,26,3
2016,2,4,오늘날의프랑스,27,3
2016,2,4,오늘날의프랑스,28,2
2016,2,4,오늘날의프랑스,29,3
2016,2,4,오늘날의프랑스,30,4
2016,2,4,오늘날의프랑스,31,4
2016,2,4,오늘날의프랑스,32,3
2016,2,4,오늘날의프랑스,33,"3,4"
2016,2,4,오늘날의프랑스,34,2
2016,2,4,오늘날의프랑스,35,2
2016,2,4,프랑스어와문화,1,4
2016,2,4,프랑스어와문화,2,4
2016,2,4,프랑스어와문화,3,1
2016,2,4,프랑스어와문화,4,4
2016,2,4,프랑스어와문화,5,1
2016,2,4,프랑스어와문화,6,1
2016,2,4,프랑스어와문화,7,4
2016,2,4,프랑스어와문화,8,4
2016,2,4,프랑스어와문화,9,1
2016,2,4,프랑스어와문화,10,4
2016,2,4,프랑스어와문화,11,4
2016,2,4,프랑스어와문화,12,1
2016,2,4,프랑스어와문화,13,1
2016,2,4,프랑스어와문화,14,2
2016,2,4,프랑스어와문화,15,3
2016,2,4,프랑스어와문화,16,3
2016,2,4,프랑스어와문화,17,2
2016,2,4,프랑스어와문화,18,3
2016,2,4,프랑스어와문화,19,2
2016,2,4,프랑스어와문화,20,1
2016,2,4,프랑스어와문화,21,2
2016,2,4,프랑스어와문화,22,1
2016,2,4,프랑스어와문화,23,2
2016,2,4,프랑스어와문화,24,1
2016,2,4,프랑스어와문화,25,1
2016,2,4,프랑스어와문화,26,2
2016,2,4,프랑스어와문화,27,2
2016,2,4,프랑스어와문화,28,3
2016,2,4,프랑스어와문화,29,4
2016,2,4,프랑스어와문화,30,4
2016,2,4,프랑스어와문화,31,1
2016,2,4,프랑스어와문화,32,4
2016,2,4,프랑스어와문화,33,1
2016,2,4,프랑스어와문화,34,4
2016,2,4,프랑스어와문화,35,4
2016,2,4,프랑스어권연구,1,4
2016,2,4,프랑스어권연구,2,1
2016,2,4,프랑스어권연구,3,2
2016,2,4,프랑스어권연구,4,4
2016,2,4,프랑스어권연구,5,1
2016,2,4,프랑스어권연구,6,3
2016,2,4,프랑스어권연구,7,4
2016,2,4,프랑스어권연구,8,1
2016,2,4,프랑스어권연구,9,2
2016,2,4,프랑스어권연구,10,3
2016,2,4,프랑스어권연구,11,3
2016,2,4,프랑스어권연구,12,1
2016,2,4,프랑스어권연구,13,4
2016,2,4,프랑스어권연구,14,3
2016,2,4,프랑스어권연구,15,4
2016,2,4,프랑스어권연구,16,2
2016,2,4,프랑스어권연구,17,1
2016,2,4,프랑스어권연구,18,4
2016,2,4,프랑스어권연구,19,3
2016,2,4,프랑스어권연구,20,2
2016,2,4,프랑스어권연구,21,3
2016,2,4,프랑스어권연구,22,1
2016,2,4,프랑스어권연구,23,1
2016,2,4,프랑스어권연구,24,2
2016,2,4,프랑스어권연구,25,1
2016,2,4,프랑스어권연구,26,1
2016,2,4,프랑스어권연구,27,2
2016,2,4,프랑스어권연구,28,1
2016,2,4,프랑스어권연구,29,4
2016,2,4,프랑스어권연구,30,4
2016,2,4,프랑스어권연구,31,1
2016,2,4,프랑스어권연구,32,2
2016,2,4,프랑스어권연구,33,1
2016,2,4,프랑스어권연구,34,2
2016,2,4,프랑스어권연구,35,4
2016,2,4,시사프랑스어,1,3
2016,2,4,시사프랑스어,2,2
2016,2,4,시사프랑스어,3,4
2016,2,4,시사프랑스어,4,1
2016,2,4,시사프랑스어,5,4
2016,2,4,시사프랑스어,6,2
2016,2,4,시사프랑스어,7,2
2016,2,4,시사프랑스어,8,4
2016,2,4,시사프랑스어,9,3
2016,2,4,시사프랑스어,10,3
2016,2,4,시사프랑스어,11,1
2016,2,4,시사프랑스어,12,2
2016,2,4,시사프랑스어,13,4
2016,2,4,시사프랑스어,14,1
2016,2,4,시사프랑스어,15,3
2016,2,4,시사프랑스어,16,1
2016,2,4,시사프랑스어,17,1
2016,2,4,시사프랑스어,18,4
2016,2,4,시사프랑스어,19,1
2016,2,4,시사프랑스어,20,1
2016,2,4,시사프랑스어,21,4
2016,2,4,시사프랑스어,22,2
2016,2,4,시사프랑스어,23,2
2016,2,4,시사프랑스어,24,3
2016,2,4,시사프랑스어,25,4
2016,2,4,시사프랑스어,26,2
2016,2,4,시사프랑스어,27,4
2016,2,4,시사프랑스어,28,2
2016,2,4,시사프랑스어,29,3
2016,2,4,시사프랑스어,30,1
2016,2,4,시사프랑스어,31,3
2016,2,4,시사프랑스어,32,3
2016,2,4,시사프랑스어,33,4
2016,2,4,시사프랑스어,34,1
2016,2,4,시사프랑스어,35,3
2016,2,4,전근대한일관계사,1,3
2016,2,4,전근대한일관계사,2,1
2016,2,4,전근대한일관계사,3,4
2016,2,4,전근대한일관계사,4,4
2016,2,4,전근대한일관계사,5,1
2016,2,4,전근대한일관계사,6,2
2016,2,4,전근대한일관계사,7,3
2016,2,4,전근대한일관계사,8,3
2016,2,4,전근대한일관계사,9,1
2016,2,4,전근대한일관계사,10,4
2016,2,4,전근대한일관계사,11,2
2016,2,4,전근대한일관계사,12,2
2016,2,4,전근대한일관계사,13,4
2016,2,4,전근대한일관계사,14,3
2016,2,4,전근대한일관계사,15,3
2016,2,4,전근대한일관계사,16,1
2016,2,4,전근대한일관계사,17,2
2016,2,4,전근대한일관계사,18,4
2016,2,4,전근대한일관계사,19,1
2016,2,4,전근대한일관계사,20,2
2016,2,4,전근대한일관계사,21,4
2016,2,4,전근대한일관계사,22,2
2016,2,4,전근대한일관계사,23,3
2016,2,4,전근대한일관계사,24,4
2016,2,4,전근대한일관계사,25,1
2016,2,4,일본문학의흐름,1,4
2016,2,4,일본문학의흐름,2,1
2016,2,4,일본문학의흐름,3,2
2016,2,4,일본문학의흐름,4,2
2016,2,4,일본문학의흐름,5,1
2016,2,4,일본문학의흐름,6,3
2016,2,4,일본문학의흐름,7,2
2016,2,4,일본문학의흐름,8,3
2016,2,4,일본문학의흐름,9,3
2016,2,4,일본문학의흐름,10,1
2016,2,4,일본문학의흐름,11,4
2016,2,4,일본문학의흐름,12,2
2016,2,4,일본문학의흐름,13,3
2016,2,4,일본문학의흐름,14,3
2016,2,4,일본문학의흐름,15,4
2016,2,4,일본문학의흐름,16,2
2016,2,4,일본문학의흐름,17,2
2016,2,4,일본문학의흐름,18,4
2016,2,4,일본문학의흐름,19,1
2016,2,4,일본문학의흐름,20,2
2016,2,4,일본문학의흐름,21,3
2016,2,4,일본문학의흐름,22,2
2016,2,4,일본문학의흐름,23,3
2016,2,4,일본문학의흐름,24,2
2016,2,4,일본문학의흐름,25,3
2016,2,4,일본문학의흐름,26,2
2016,2,4,일본문학의흐름,27,1
2016,2,4,일본문학의흐름,28,4
2016,2,4,일본문학의흐름,29,3
2016,2,4,일본문학의흐름,30,1
2016,2,4,일본문학의흐름,31,4
2016,2,4,일본문학의흐름,32,2
2016,2,4,일본문학의흐름,33,1
2016,2,4,일본문학의흐름,34,2
2016,2,4,일본문학의흐름,35,2
2016,2,4,일본학원서강독,1,1
2016,2,4,일본학원서강독,2,3
2016,2,4,일본학원서강독,3,2
2016,2,4,일본학원서강독,4,3
2016,2,4,일본학원서강독,5,1
2016,2,4,일본학원서강독,6,4
2016,2,4,일본학원서강독,7,1
2016,2,4,일본학원서강독,8,3
2016,2,4,일본학원서강독,9,2
2016,2,4,일본학원서강독,10,4
2016,2,4,일본학원서강독,11,4
2016,2,4,일본학원서강독,12,1
2016,2,4,일본학원서강독,13,1
2016,2,4,일본학원서강독,14,4
2016,2,4,일본학원서강독,15,4
2016,2,4,일본학원서강독,16,2
2016,2,4,일본학원서강독,17,4
2016,2,4,일본학원서강독,18,3
2016,2,4,일본학원서강독,19,2
2016,2,4,일본학원서강독,20,3
2016,2,4,일본학원서강독,21,1
2016,2,4,일본학원서강독,22,4
2016,2,4,일본학원서강독,23,3
2016,2,4,일본학원서강독,24,3
2016,2,4,일본학원서강독,25,3
2016,2,4,일본학원서강독,26,1
2016,2,4,일본학원서강독,27,4
2016,2,4,일본학원서강독,28,1
2016,2,4,일본학원서강독,29,4
2016,2,4,일본학원서강독,30,2
2016,2,4,일본학원서강독,31,3
2016,2,4,일본학원서강독,32,2
2016,2,4,일본학원서강독,33,1
2016,2,4,일본학원서강독,34,1
2016,2,4,일본학원서강독,35,3
2016,2,4,일본의언어와문화,1,3
2016,2,4,일본의언어와문화,2,1
2016,2,4,일본의언어와문화,3,4
2016,2,4,일본의언어와문화,4,2
2016,2,4,일본의언어와문화,5,1
2016,2,4,일본의언어와문화,6,4
2016,2,4,일본의언어와문화,7,3
2016,2,4,일본의언어와문화,8,1
2016,2,4,일본의언어와문화,9,2
2016,2,4,일본의언어와문화,10,2
2016,2,4,일본의언어와문화,11,3
2016,2,4,일본의언어와문화,12,1
2016,2,4,일본의언어와문화,13,4
2016,2,4,일본의언어와문화,14,2
2016,2,4,일본의언어와문화,15,3
2016,2,4,일본의언어와문화,16,4
2016,2,4,일본의언어와문화,17,1
2016,2,4,일본의언어와문화,18,3
2016,2,4,일본의언어와문화,19,4
2016,2,4,일본의언어와문화,20,2
2016,2,4,일본의언어와문화,21,1
2016,2,4,일본의언어와문화,22,4
2016,2,4,일본의언어와문화,23,3
2016,2,4,일본의언어와문화,24,2
2016,2,4,일본의언어와문화,25,2
2016,2,4,일본의언어와문화,26,3
2016,2,4,일본의언어와문화,27,4
2016,2,4,일본의언어와문화,28,1
2016,2,4,일본의언어와문화,29,3
2016,2,4,일본의언어와문화,30,2
2016,2,4,일본의언어와문화,31,4
2016,2,4,일본의언어와문화,32,1
2016,2,4,일본의언어와문화,33,3
2016,2,4,일본의언어와문화,34,2
2016,2,4,일본의언어와문화,35,4
2016,2,4,교육심리학,1,3
2016,2,4,교육심리학,2,4
2016,2,4,교육심리학,3,4
2016,2,4,교육심리학,4,1
2016,2,4,교육심리학,5,2
2016,2,4,교육심리학,6,1
2016,2,4,교육심리학,7,4
2016,2,4,교육심리학,8,3
2016,2,4,교육심리학,9,2
2016,2,4,교육심리학,10,4
2016,2,4,교육심리학,11,2
2016,2,4,교육심리학,12,3
2016,2,4,교육심리학,13,4
2016,2,4,교육심리학,14,4
2016,2,4,교육심리학,15,3
2016,2,4,교육심리학,16,1
2016,2,4,교육심리학,17,3
2016,2,4,교육심리학,18,3
2016,2,4,교육심리학,19,2
2016,2,4,교육심리학,20,2
2016,2,4,교육심리학,21,1
2016,2,4,교육심리학,22,1
2016,2,4,교육심리학,23,4
2016,2,4,교육심리학,24,1
2016,2,4,교육심리학,25,3
2016,2,4,교육심리학,26,2
2016,2,4,교육심리학,27,2
2016,2,4,교육심리학,28,2
2016,2,4,교육심리학,29,3
2016,2,4,교육심리학,30,4
2016,2,4,교육심리학,31,2
2016,2,4,교육심리학,32,"1,2,3,4"
2016,2,4,교육심리학,33,1
2016,2,4,교육심리학,34,1
2016,2,4,교육심리학,35,2
2016,2,4,교육행정및경영,1,4
2016,2,4,교육행정및경영,2,1
2016,2,4,교육행정및경영,3,1
2016,2,4,교육행정및경영,4,4
2016,2,4,교육행정및경영,5,2
2016,2,4,교육행정및경영,6,3
2016,2,4,교육행정및경영,7,3
2016,2,4,교육행정및경영,8,1
2016,2,4,교육행정및경영,9,4
2016,2,4,교육행정및경영,10,2
2016,2,4,교육행정및경영,11,1
2016,2,4,교육행정및경영,12,3
2016,2,4,교육행정및경영,13,1
2016,2,4,교육행정및경영,14,2
2016,2,4,교육행정및경영,15,4
2016,2,4,교육행정및경영,16,3
2016,2,4,교육행정및경영,17,2
2016,2,4,교육행정및경영,18,1
2016,2,4,교육행정및경영,19,4
2016,2,4,교육행정및경영,20,3
2016,2,4,교육행정및경영,21,1
2016,2,4,교육행정및경영,22,2
2016,2,4,교육행정및경영,23,2
2016,2,4,교육행정및경영,24,4
2016,2,4,교육행정및경영,25,3
2016,2,4,교육행정및경영,26,1
2016,2,4,교육행정및경영,27,4
2016,2,4,교육행정및경영,28,2
2016,2,4,교육행정및경영,29,4
2016,2,4,교육행정및경영,30,3
2016,2,4,교육행정및경영,31,1
2016,2,4,교육행정및경영,32,2
2016,2,4,교육행정및경영,33,1
2016,2,4,교육행정및경영,34,1
2016,2,4,교육행정및경영,35,3
2016,2,4,유아교육기관운영관리,1,2
2016,2,4,유아교육기관운영관리,2,1
2016,2,4,유아교육기관운영관리,3,3
2016,2,4,유아교육기관운영관리,4,1
2016,2,4,유아교육기관운영관리,5,4
2016,2,4,유아교육기관운영관리,6,1
2016,2,4,유아교육기관운영관리,7,2
2016,2,4,유아교육기관운영관리,8,3
2016,2,4,유아교육기관운영관리,9,2
2016,2,4,유아교육기관운영관리,10,3
2016,2,4,유아교육기관운영관리,11,2
2016,2,4,유아교육기관운영관리,12,3
2016,2,4,유아교육기관운영관리,13,2
2016,2,4,유아교육기관운영관리,14,3
2016,2,4,유아교육기관운영관리,15,2
2016,2,4,유아교육기관운영관리,16,4
2016,2,4,유아교육기관운영관리,17,1
2016,2,4,유아교육기관운영관리,18,4
2016,2,4,유아교육기관운영관리,19,1
2016,2,4,유아교육기관운영관리,20,3
2016,2,4,유아교육기관운영관리,21,1
2016,2,4,유아교육기관운영관리,22,4
2016,2,4,유아교육기관운영관리,23,2
2016,2,4,유아교육기관운영관리,24,1
2016,2,4,유아교육기관운영관리,25,4
2016,2,4,유아교육기관운영관리,26,4
2016,2,4,유아교육기관운영관리,27,3
2016,2,4,유아교육기관운영관리,28,4
2016,2,4,유아교육기관운영관리,29,2
2016,2,4,유아교육기관운영관리,30,3
2016,2,4,유아교육기관운영관리,31,2
2016,2,4,유아교육기관운영관리,32,2
2016,2,4,유아교육기관운영관리,33,4
2016,2,4,유아교육기관운영관리,34,1
2016,2,4,유아교육기관운영관리,35,3
2016,2,4,아동복지,1,3
2016,2,4,아동복지,2,2
2016,2,4,아동복지,3,3
2016,2,4,아동복지,4,1
2016,2,4,아동복지,5,3
2016,2,4,아동복지,6,2
2016,2,4,아동복지,7,2
2016,2,4,아동복지,8,2
2016,2,4,아동복지,9,1
2016,2,4,아동복지,10,4
2016,2,4,아동복지,11,3
2016,2,4,아동복지,12,4
2016,2,4,아동복지,13,3
2016,2,4,아동복지,14,4
2016,2,4,아동복지,15,2
2016,2,4,아동복지,16,1
2016,2,4,아동복지,17,1
2016,2,4,아동복지,18,4
2016,2,4,아동복지,19,4
2016,2,4,아동복지,20,4
2016,2,4,아동복지,21,1
2016,2,4,아동복지,22,2
2016,2,4,아동복지,23,1
2016,2,4,아동복지,24,3
2016,2,4,아동복지,25,4
2016,2,4,아동복지,26,3
2016,2,4,아동복지,27,4
2016,2,4,아동복지,28,3
2016,2,4,아동복지,29,4
2016,2,4,아동복지,30,2
2016,2,4,아동복지,31,2
2016,2,4,아동복지,32,4
2016,2,4,아동복지,33,4
2016,2,4,아동복지,34,1
2016,2,4,아동복지,35,2
2016,2,4,특수아교육,1,3
2016,2,4,특수아교육,2,3
2016,2,4,특수아교육,3,3
2016,2,4,특수아교육,4,4
2016,2,4,특수아교육,5,3
2016,2,4,특수아교육,6,3
2016,2,4,특수아교육,7,3
2016,2,4,특수아교육,8,4
2016,2,4,특수아교육,9,2
2016,2,4,특수아교육,10,3
2016,2,4,특수아교육,11,3
2016,2,4,특수아교육,12,2
2016,2,4,특수아교육,13,3
2016,2,4,특수아교육,14,2
2016,2,4,특수아교육,15,4
2016,2,4,특수아교육,16,1
2016,2,4,특수아교육,17,4
2016,2,4,특수아교육,18,4
2016,2,4,특수아교육,19,4
2016,2,4,특수아교육,20,1
2016,2,4,특수아교육,21,3
2016,2,4,특수아교육,22,3
2016,2,4,특수아교육,23,4
2016,2,4,특수아교육,24,1
2016,2,4,특수아교육,25,3
2016,2,4,특수아교육,26,2
2016,2,4,특수아교육,27,2
2016,2,4,특수아교육,28,1
2016,2,4,특수아교육,29,4
2016,2,4,특수아교육,30,4
2016,2,4,특수아교육,31,4
2016,2,4,특수아교육,32,2
2016,2,4,특수아교육,33,3
2016,2,4,특수아교육,34,4
2016,2,4,특수아교육,35,1
2016,2,4,통치의기본구조,1,1
2016,2,4,통치의기본구조,2,3
2016,2,4,통치의기본구조,3,4
2016,2,4,통치의기본구조,4,4
2016,2,4,통치의기본구조,5,2
2016,2,4,통치의기본구조,6,2
2016,2,4,통치의기본구조,7,1
2016,2,4,통치의기본구조,8,2
2016,2,4,통치의기본구조,9,3
2016,2,4,통치의기본구조,10,4
2016,2,4,통치의기본구조,11,1
2016,2,4,통치의기본구조,12,3
2016,2,4,통치의기본구조,13,1
2016,2,4,통치의기본구조,14,4
2016,2,4,통치의기본구조,15,3
2016,2,4,통치의기본구조,16,2
2016,2,4,통치의기본구조,17,1
2016,2,4,통치의기본구조,18,1
2016,2,4,통치의기본구조,19,2
2016,2,4,통치의기본구조,20,3
2016,2,4,통치의기본구조,21,4
2016,2,4,통치의기본구조,22,3
2016,2,4,통치의기본구조,23,1
2016,2,4,통치의기본구조,24,2
2016,2,4,통치의기본구조,25,3
2016,2,4,형사정책,1,2
2016,2,4,형사정책,2,4
2016,2,4,형사정책,3,4
2016,2,4,형사정책,4,3
2016,2,4,형사정책,5,2
2016,2,4,형사정책,6,3
2016,2,4,형사정책,7,1
2016,2,4,형사정책,8,2
2016,2,4,형사정책,9,4
2016,2,4,형사정책,10,3
2016,2,4,형사정책,11,2
2016,2,4,형사정책,12,1
2016,2,4,형사정책,13,4
2016,2,4,형사정책,14,3
2016,2,4,형사정책,15,1
2016,2,4,형사정책,16,3
2016,2,4,형사정책,17,4
2016,2,4,형사정책,18,1
2016,2,4,형사정책,19,2
2016,2,4,형사정책,20,3
2016,2,4,형사정책,21,2
2016,2,4,형사정책,22,3
2016,2,4,형사정책,23,1
2016,2,4,형사정책,24,4
2016,2,4,형사정책,25,2
2016,2,4,국제법,1,3
2016,2,4,국제법,2,4
2016,2,4,국제법,3,1
2016,2,4,국제법,4,2
2016,2,4,국제법,5,2
2016,2,4,국제법,6,2
2016,2,4,국제법,7,3
2016,2,4,국제법,8,1
2016,2,4,국제법,9,4
2016,2,4,국제법,10,3
2016,2,4,국제법,11,4
2016,2,4,국제법,12,1
2016,2,4,국제법,13,4
2016,2,4,국제법,14,2
2016,2,4,국제법,15,3
2016,2,4,국제법,16,3
2016,2,4,국제법,17,1
2016,2,4,국제법,18,3
2016,2,4,국제법,19,2
2016,2,4,국제법,20,1
2016,2,4,국제법,21,2
2016,2,4,국제법,22,3
2016,2,4,국제법,23,4
2016,2,4,국제법,24,1
2016,2,4,국제법,25,4
2016,2,4,국제법,26,4
2016,2,4,국제법,27,1
2016,2,4,국제법,28,1
2016,2,4,국제법,29,4
2016,2,4,국제법,30,3
2016,2,4,국제법,31,1
2016,2,4,국제법,32,1
2016,2,4,국제법,33,2
2016,2,4,국제법,34,3
2016,2,4,국제법,35,4
2016,2,4,친족상속법,1,1
2016,2,4,친족상속법,2,1
2016,2,4,친족상속법,3,3
2016,2,4,친족상속법,4,"1,2,3,4"
2016,2,4,친족상속법,5,3
2016,2,4,친족상속법,6,3
2016,2,4,친족상속법,7,4
2016,2,4,친족상속법,8,2
2016,2,4,친족상속법,9,4
2016,2,4,친족상속법,10,4
2016,2,4,친족상속법,11,1
2016,2,4,친족상속법,12,2
2016,2,4,친족상속법,13,4
2016,2,4,친족상속법,14,2
2016,2,4,친족상속법,15,3
2016,2,4,친족상속법,16,3
2016,2,4,친족상속법,17,2
2016,2,4,친족상속법,18,1
2016,2,4,친족상속법,19,1
2016,2,4,친족상속법,20,3
2016,2,4,친족상속법,21,3
2016,2,4,친족상속법,22,1
2016,2,4,친족상속법,23,4
2016,2,4,친족상속법,24,4
2016,2,4,친족상속법,25,2
2016,2,4,친족상속법,26,3
2016,2,4,친족상속법,27,"2,3"
2016,2,4,친족상속법,28,1
2016,2,4,친족상속법,29,3
2016,2,4,친족상속법,30,1
2016,2,4,친족상속법,31,3
2016,2,4,친족상속법,32,1
2016,2,4,친족상속법,33,2
2016,2,4,친족상속법,34,2
2016,2,4,친족상속법,35,4
2016,2,4,세법,1,1
2016,2,4,세법,2,3
2016,2,4,세법,3,2
2016,2,4,세법,4,4
2016,2,4,세법,5,4
2016,2,4,세법,6,1
2016,2,4,세법,7,2
2016,2,4,세법,8,2
2016,2,4,세법,9,2
2016,2,4,세법,10,4
2016,2,4,세법,11,1
2016,2,4,세법,12,3
2016,2,4,세법,13,3
2016,2,4,세법,14,1
2016,2,4,세법,15,4
2016,2,4,세법,16,2
2016,2,4,세법,17,2
2016,2,4,세법,18,3
2016,2,4,세법,19,1
2016,2,4,세법,20,2
2016,2,4,세법,21,3
2016,2,4,세법,22,3
2016,2,4,세법,23,3
2016,2,4,세법,24,4
2016,2,4,세법,25,3
2016,2,4,세법,26,1
2016,2,4,세법,27,1
2016,2,4,세법,28,3
2016,2,4,세법,29,4
2016,2,4,세법,30,2
2016,2,4,세법,31,1
2016,2,4,세법,32,3
2016,2,4,세법,33,4
2016,2,4,세법,34,3
2016,2,4,세법,35,4
2016,2,4,환경법,1,3
2016,2,4,환경법,2,3
2016,2,4,환경법,3,1
2016,2,4,환경법,4,3
2016,2,4,환경법,5,2
2016,2,4,환경법,6,1
2016,2,4,환경법,7,3
2016,2,4,환경법,8,4
2016,2,4,환경법,9,4
2016,2,4,환경법,10,2
2016,2,4,환경법,11,4
2016,2,4,환경법,12,4
2016,2,4,환경법,13,1
2016,2,4,환경법,14,4
2016,2,4,환경법,15,4
2016,2,4,환경법,16,2
2016,2,4,환경법,17,3
2016,2,4,환경법,18,1
2016,2,4,환경법,19,4
2016,2,4,환경법,20,3
2016,2,4,환경법,21,4
2016,2,4,환경법,22,4
2016,2,4,환경법,23,2
2016,2,4,환경법,24,1
2016,2,4,환경법,25,3
2016,2,4,환경법,26,1
2016,2,4,환경법,27,4
2016,2,4,환경법,28,1
2016,2,4,환경법,29,3
2016,2,4,환경법,30,2
2016,2,4,환경법,31,3
2016,2,4,환경법,32,4
2016,2,4,환경법,33,4
2016,2,4,환경법,34,2
2016,2,4,환경법,35,3
2016,2,4,공공관리론,1,3
2016,2,4,공공관리론,2,3
2016,2,4,공공관리론,3,4
2016,2,4,공공관리론,4,1
2016,2,4,공공관리론,5,3
2016,2,4,공공관리론,6,1
2016,2,4,공공관리론,7,1
2016,2,4,공공관리론,8,4
2016,2,4,공공관리론,9,2
2016,2,4,공공관리론,10,4
2016,2,4,공공관리론,11,2
2016,2,4,공공관리론,12,1
2016,2,4,공공관리론,13,2
2016,2,4,공공관리론,14,3
2016,2,4,공공관리론,15,1
2016,2,4,공공관리론,16,1
2016,2,4,공공관리론,17,1
2016,2,4,공공관리론,18,3
2016,2,4,공공관리론,19,2
2016,2,4,공공관리론,20,3
2016,2,4,공공관리론,21,3
2016,2,4,공공관리론,22,2
2016,2,4,공공관리론,23,1
2016,2,4,공공관리론,24,4
2016,2,4,공공관리론,25,2
2016,2,4,정책분석론,1,3
2016,2,4,정책분석론,2,2
2016,2,4,정책분석론,3,2
2016,2,4,정책분석론,4,1
2016,2,4,정책분석론,5,4
2016,2,4,정책분석론,6,4
2016,2,4,정책분석론,7,3
2016,2,4,정책분석론,8,1
2016,2,4,정책분석론,9,1
2016,2,4,정책분석론,10,1
2016,2,4,정책분석론,11,2
2016,2,4,정책분석론,12,3
2016,2,4,정책분석론,13,2
2016,2,4,정책분석론,14,4
2016,2,4,정책분석론,15,3
2016,2,4,정책분석론,16,4
2016,2,4,정책분석론,17,2
2016,2,4,정책분석론,18,1
2016,2,4,정책분석론,19,1
2016,2,4,정책분석론,20,3
2016,2,4,정책분석론,21,2
2016,2,4,정책분석론,22,3
2016,2,4,정책분석론,23,2
2016,2,4,정책분석론,24,4
2016,2,4,정책분석론,25,4
2016,2,4,행정변동론,1,1
2016,2,4,행정변동론,2,4
2016,2,4,행정변동론,3,4
2016,2,4,행정변동론,4,3
2016,2,4,행정변동론,5,4
2016,2,4,행정변동론,6,1
2016,2,4,행정변동론,7,4
2016,2,4,행정변동론,8,1
2016,2,4,행정변동론,9,2
2016,2,4,행정변동론,10,2
2016,2,4,행정변동론,11,4
2016,2,4,행정변동론,12,4
2016,2,4,행정변동론,13,3
2016,2,4,행정변동론,14,1
2016,2,4,행정변동론,15,1
2016,2,4,행정변동론,16,3
2016,2,4,행정변동론,17,3
2016,2,4,행정변동론,18,4
2016,2,4,행정변동론,19,2
2016,2,4,행정변동론,20,4
2016,2,4,행정변동론,21,4
2016,2,4,행정변동론,22,1
2016,2,4,행정변동론,23,2
2016,2,4,행정변동론,24,4
2016,2,4,행정변동론,25,3
2016,2,4,정부기업관계론,1,3
2016,2,4,정부기업관계론,2,4
2016,2,4,정부기업관계론,3,4
2016,2,4,정부기업관계론,4,3
2016,2,4,정부기업관계론,5,2
2016,2,4,정부기업관계론,6,1
2016,2,4,정부기업관계론,7,1
2016,2,4,정부기업관계론,8,4
2016,2,4,정부기업관계론,9,3
2016,2,4,정부기업관계론,10,2
2016,2,4,정부기업관계론,11,4
2016,2,4,정부기업관계론,12,1
2016,2,4,정부기업관계론,13,2
2016,2,4,정부기업관계론,14,3
2016,2,4,정부기업관계론,15,4
2016,2,4,정부기업관계론,16,3
2016,2,4,정부기업관계론,17,1
2016,2,4,정부기업관계론,18,4
2016,2,4,정부기업관계론,19,1
2016,2,4,정부기업관계론,20,1
2016,2,4,정부기업관계론,21,1
2016,2,4,정부기업관계론,22,4
2016,2,4,정부기업관계론,23,2
2016,2,4,정부기업관계론,24,4
2016,2,4,정부기업관계론,25,4
2016,2,4,한국경제의이해,1,4
2016,2,4,한국경제의이해,2,4
2016,2,4,한국경제의이해,3,1
2016,2,4,한국경제의이해,4,4
2016,2,4,한국경제의이해,5,3
2016,2,4,한국경제의이해,6,3
2016,2,4,한국경제의이해,7,2
2016,2,4,한국경제의이해,8,2
2016,2,4,한국경제의이해,9,3
2016,2,4,한국경제의이해,10,1
2016,2,4,한국경제의이해,11,1
2016,2,4,한국경제의이해,12,4
2016,2,4,한국경제의이해,13,2
2016,2,4,한국경제의이해,14,3
2016,2,4,한국경제의이해,15,3
2016,2,4,한국경제의이해,16,2
2016,2,4,한국경제의이해,17,1
2016,2,4,한국경제의이해,18,"1,2"
2016,2,4,한국경제의이해,19,2
2016,2,4,한국경제의이해,20,4
2016,2,4,한국경제의이해,21,3
2016,2,4,한국경제의이해,22,1
2016,2,4,한국경제의이해,23,2
2016,2,4,한국경제의이해,24,1
2016,2,4,한국경제의이해,25,4
2016,2,4,부동산시장과정책,1,3
2016,2,4,부동산시장과정책,2,1
2016,2,4,부동산시장과정책,3,4
2016,2,4,부동산시장과정책,4,3
2016,2,4,부동산시장과정책,5,2
2016,2,4,부동산시장과정책,6,2
2016,2,4,부동산시장과정책,7,2
2016,2,4,부동산시장과정책,8,4
2016,2,4,부동산시장과정책,9,4
2016,2,4,부동산시장과정책,10,2
2016,2,4,부동산시장과정책,11,2
2016,2,4,부동산시장과정책,12,1
2016,2,4,부동산시장과정책,13,4
2016,2,4,부동산시장과정책,14,3
2016,2,4,부동산시장과정책,15,2
2016,2,4,부동산시장과정책,16,3
2016,2,4,부동산시장과정책,17,3
2016,2,4,부동산시장과정책,18,4
2016,2,4,부동산시장과정책,19,1
2016,2,4,부동산시장과정책,20,1
2016,2,4,부동산시장과정책,21,1
2016,2,4,부동산시장과정책,22,1
2016,2,4,부동산시장과정책,23,1
2016,2,4,부동산시장과정책,24,4
2016,2,4,부동산시장과정책,25,4
2016,2,4,부동산시장과정책,26,4
2016,2,4,부동산시장과정책,27,2
2016,2,4,부동산시장과정책,28,2
2016,2,4,부동산시장과정책,29,4
2016,2,4,부동산시장과정책,30,2
2016,2,4,부동산시장과정책,31,1
2016,2,4,부동산시장과정책,32,1
2016,2,4,부동산시장과정책,33,3
2016,2,4,부동산시장과정책,34,2
2016,2,4,부동산시장과정책,35,2
2016,2,4,보건경제학,1,2
2016,2,4,보건경제학,2,4
2016,2,4,보건경제학,3,4
2016,2,4,보건경제학,4,4
2016,2,4,보건경제학,5,1
2016,2,4,보건경제학,6,"2,3"
2016,2,4,보건경제학,7,4
2016,2,4,보건경제학,8,2
2016,2,4,보건경제학,9,1
2016,2,4,보건경제학,10,2
2016,2,4,보건경제학,11,1
2016,2,4,보건경제학,12,4
2016,2,4,보건경제학,13,1
2016,2,4,보건경제학,14,4
2016,2,4,보건경제학,15,2
2016,2,4,보건경제학,16,3
2016,2,4,보건경제학,17,3
2016,2,4,보건경제학,18,3
2016,2,4,보건경제학,19,2
2016,2,4,보건경제학,20,3
2016,2,4,보건경제학,21,4
2016,2,4,보건경제학,22,1
2016,2,4,보건경제학,23,2
2016,2,4,보건경제학,24,3
2016,2,4,보건경제학,25,4
2016,2,4,보건경제학,26,4
2016,2,4,보건경제학,27,3
2016,2,4,보건경제학,28,2
2016,2,4,보건경제학,29,4
2016,2,4,보건경제학,30,2
2016,2,4,보건경제학,31,1
2016,2,4,보건경제학,32,1
2016,2,4,보건경제학,33,2
2016,2,4,보건경제학,34,1
2016,2,4,보건경제학,35,2
2016,2,4,환경경제학,1,1
2016,2,4,환경경제학,2,4
2016,2,4,환경경제학,3,3
2016,2,4,환경경제학,4,2
2016,2,4,환경경제학,5,4
2016,2,4,환경경제학,6,2
2016,2,4,환경경제학,7,1
2016,2,4,환경경제학,8,1
2016,2,4,환경경제학,9,2
2016,2,4,환경경제학,10,2
2016,2,4,환경경제학,11,4
2016,2,4,환경경제학,12,3
2016,2,4,환경경제학,13,4
2016,2,4,환경경제학,14,2
2016,2,4,환경경제학,15,1
2016,2,4,환경경제학,16,3
2016,2,4,환경경제학,17,1
2016,2,4,환경경제학,18,4
2016,2,4,환경경제학,19,4
2016,2,4,환경경제학,20,1
2016,2,4,환경경제학,21,3
2016,2,4,환경경제학,22,2
2016,2,4,환경경제학,23,4
2016,2,4,환경경제학,24,1
2016,2,4,환경경제학,25,1
2016,2,4,환경경제학,26,4
2016,2,4,환경경제학,27,3
2016,2,4,환경경제학,28,2
2016,2,4,환경경제학,29,3
2016,2,4,환경경제학,30,2
2016,2,4,환경경제학,31,1
2016,2,4,환경경제학,32,4
2016,2,4,환경경제학,33,3
2016,2,4,환경경제학,34,2
2016,2,4,환경경제학,35,3
2016,2,4,경영전략론,1,1
2016,2,4,경영전략론,2,1
2016,2,4,경영전략론,3,4
2016,2,4,경영전략론,4,1
2016,2,4,경영전략론,5,3
2016,2,4,경영전략론,6,3
2016,2,4,경영전략론,7,4
2016,2,4,경영전략론,8,1
2016,2,4,경영전략론,9,4
2016,2,4,경영전략론,10,3
2016,2,4,경영전략론,11,4
2016,2,4,경영전략론,12,2
2016,2,4,경영전략론,13,2
2016,2,4,경영전략론,14,3
2016,2,4,경영전략론,15,1
2016,2,4,경영전략론,16,4
2016,2,4,경영전략론,17,1
2016,2,4,경영전략론,18,1
2016,2,4,경영전략론,19,2
2016,2,4,경영전략론,20,4
2016,2,4,경영전략론,21,2
2016,2,4,경영전략론,22,4
2016,2,4,경영전략론,23,1
2016,2,4,경영전략론,24,1
2016,2,4,경영전략론,25,3
2016,2,4,경영전략론,26,3
2016,2,4,경영전략론,27,4
2016,2,4,경영전략론,28,4
2016,2,4,경영전략론,29,1
2016,2,4,경영전략론,30,2
2016,2,4,경영전략론,31,3
2016,2,4,경영전략론,32,1
2016,2,4,경영전략론,33,2
2016,2,4,경영전략론,34,3
2016,2,4,경영전략론,35,2
2016,2,4,경영학특강,1,3
2016,2,4,경영학특강,2,3
2016,2,4,경영학특강,3,3
2016,2,4,경영학특강,4,4
2016,2,4,경영학특강,5,3
2016,2,4,경영학특강,6,1
2016,2,4,경영학특강,7,4
2016,2,4,경영학특강,8,3
2016,2,4,경영학특강,9,2
2016,2,4,경영학특강,10,2
2016,2,4,경영학특강,11,4
2016,2,4,경영학특강,12,2
2016,2,4,경영학특강,13,4
2016,2,4,경영학특강,14,1
2016,2,4,경영학특강,15,3
2016,2,4,경영학특강,16,2
2016,2,4,경영학특강,17,4
2016,2,4,경영학특강,18,4
2016,2,4,경영학특강,19,"1,2,3,4"
2016,2,4,경영학특강,20,1
2016,2,4,경영학특강,21,1
2016,2,4,경영학특강,22,4
2016,2,4,경영학특강,23,1
2016,2,4,경영학특강,24,3
2016,2,4,경영학특강,25,3
2016,2,4,경영학특강,26,1
2016,2,4,경영학특강,27,3
2016,2,4,경영학특강,28,4
2016,2,4,경영학특강,29,4
2016,2,4,경영학특강,30,2
2016,2,4,경영학특강,31,1
2016,2,4,경영학특강,32,1
2016,2,4,경영학특강,33,2
2016,2,4,경영학특강,34,1
2016,2,4,경영학특강,35,4
2016,2,4,비영리조직경영론,1,4
2016,2,4,비영리조직경영론,2,1
2016,2,4,비영리조직경영론,3,1
2016,2,4,비영리조직경영론,4,1
2016,2,4,비영리조직경영론,5,2
2016,2,4,비영리조직경영론,6,2
2016,2,4,비영리조직경영론,7,3
2016,2,4,비영리조직경영론,8,4
2016,2,4,비영리조직경영론,9,1
2016,2,4,비영리조직경영론,10,3
2016,2,4,비영리조직경영론,11,1
2016,2,4,비영리조직경영론,12,4
2016,2,4,비영리조직경영론,13,4
2016,2,4,비영리조직경영론,14,1
2016,2,4,비영리조직경영론,15,1
2016,2,4,비영리조직경영론,16,4
2016,2,4,비영리조직경영론,17,3
2016,2,4,비영리조직경영론,18,3
2016,2,4,비영리조직경영론,19,3
2016,2,4,비영리조직경영론,20,2
2016,2,4,비영리조직경영론,21,1
2016,2,4,비영리조직경영론,22,4
2016,2,4,비영리조직경영론,23,4
2016,2,4,비영리조직경영론,24,2
2016,2,4,비영리조직경영론,25,4
2016,2,4,비영리조직경영론,26,1
2016,2,4,비영리조직경영론,27,1
2016,2,4,비영리조직경영론,28,2
2016,2,4,비영리조직경영론,29,2
2016,2,4,비영리조직경영론,30,1
2016,2,4,비영리조직경영론,31,3
2016,2,4,비영리조직경영론,32,2
2016,2,4,비영리조직경영론,33,2
2016,2,4,비영리조직경영론,34,4
2016,2,4,비영리조직경영론,35,3
2016,2,4,금융제도의이해,1,2
2016,2,4,금융제도의이해,2,4
2016,2,4,금융제도의이해,3,3
2016,2,4,금융제도의이해,4,4
2016,2,4,금융제도의이해,5,1
2016,2,4,금융제도의이해,6,3
2016,2,4,금융제도의이해,7,4
2016,2,4,금융제도의이해,8,4
2016,2,4,금융제도의이해,9,1
2016,2,4,금융제도의이해,10,1
2016,2,4,금융제도의이해,11,3
2016,2,4,금융제도의이해,12,4
2016,2,4,금융제도의이해,13,1
2016,2,4,금융제도의이해,14,3
2016,2,4,금융제도의이해,15,2
2016,2,4,금융제도의이해,16,2
2016,2,4,금융제도의이해,17,4
2016,2,4,금융제도의이해,18,2
2016,2,4,금융제도의이해,19,1
2016,2,4,금융제도의이해,20,3
2016,2,4,금융제도의이해,21,3
2016,2,4,금융제도의이해,22,4
2016,2,4,금융제도의이해,23,3
2016,2,4,금융제도의이해,24,4
2016,2,4,금융제도의이해,25,2
2016,2,4,금융제도의이해,26,4
2016,2,4,금융제도의이해,27,2
2016,2,4,금융제도의이해,28,3
2016,2,4,금융제도의이해,29,2
2016,2,4,금융제도의이해,30,4
2016,2,4,금융제도의이해,31,1
2016,2,4,금융제도의이해,32,4
2016,2,4,금융제도의이해,33,3
2016,2,4,금융제도의이해,34,4
2016,2,4,금융제도의이해,35,2
2016,2,4,마케팅특강,1,2
2016,2,4,마케팅특강,2,3
2016,2,4,마케팅특강,3,1
2016,2,4,마케팅특강,4,4
2016,2,4,마케팅특강,5,4
2016,2,4,마케팅특강,6,1
2016,2,4,마케팅특강,7,3
2016,2,4,마케팅특강,8,1
2016,2,4,마케팅특강,9,2
2016,2,4,마케팅특강,10,4
2016,2,4,마케팅특강,11,1
2016,2,4,마케팅특강,12,3
2016,2,4,마케팅특강,13,4
2016,2,4,마케팅특강,14,2
2016,2,4,마케팅특강,15,1
2016,2,4,마케팅특강,16,2
2016,2,4,마케팅특강,17,3
2016,2,4,마케팅특강,18,2
2016,2,4,마케팅특강,19,1
2016,2,4,마케팅특강,20,1
2016,2,4,마케팅특강,21,2
2016,2,4,마케팅특강,22,3
2016,2,4,마케팅특강,23,3
2016,2,4,마케팅특강,24,3
2016,2,4,마케팅특강,25,4
2016,2,4,마케팅특강,26,2
2016,2,4,마케팅특강,27,4
2016,2,4,마케팅특강,28,4
2016,2,4,마케팅특강,29,2
2016,2,4,마케팅특강,30,2
2016,2,4,마케팅특강,31,1
2016,2,4,마케팅특강,32,4
2016,2,4,마케팅특강,33,2
2016,2,4,마케팅특강,34,3
2016,2,4,마케팅특강,35,1
2016,2,4,한국무역론,1,4
2016,2,4,한국무역론,2,4
2016,2,4,한국무역론,3,4
2016,2,4,한국무역론,4,1
2016,2,4,한국무역론,5,1
2016,2,4,한국무역론,6,3
2016,2,4,한국무역론,7,4
2016,2,4,한국무역론,8,2
2016,2,4,한국무역론,9,1
2016,2,4,한국무역론,10,1
2016,2,4,한국무역론,11,1
2016,2,4,한국무역론,12,2
2016,2,4,한국무역론,13,3
2016,2,4,한국무역론,14,4
2016,2,4,한국무역론,15,1
2016,2,4,한국무역론,16,4
2016,2,4,한국무역론,17,2
2016,2,4,한국무역론,18,1
2016,2,4,한국무역론,19,1
2016,2,4,한국무역론,20,1
2016,2,4,한국무역론,21,4
2016,2,4,한국무역론,22,1
2016,2,4,한국무역론,23,3
2016,2,4,한국무역론,24,3
2016,2,4,한국무역론,25,4
2016,2,4,한국무역론,26,1
2016,2,4,한국무역론,27,1
2016,2,4,한국무역론,28,1
2016,2,4,한국무역론,29,2
2016,2,4,한국무역론,30,4
2016,2,4,한국무역론,31,4
2016,2,4,한국무역론,32,3
2016,2,4,한국무역론,33,4
2016,2,4,한국무역론,34,3
2016,2,4,한국무역론,35,1
2016,2,4,무역법규,1,3
2016,2,4,무역법규,2,4
2016,2,4,무역법규,3,1
2016,2,4,무역법규,4,3
2016,2,4,무역법규,5,2
2016,2,4,무역법규,6,4
2016,2,4,무역법규,7,3
2016,2,4,무역법규,8,1
2016,2,4,무역법규,9,"1,2,3"
2016,2,4,무역법규,10,4
2016,2,4,무역법규,11,2
2016,2,4,무역법규,12,4
2016,2,4,무역법규,13,4
2016,2,4,무역법규,14,3
2016,2,4,무역법규,15,1
2016,2,4,무역법규,16,4
2016,2,4,무역법규,17,4
2016,2,4,무역법규,18,3
2016,2,4,무역법규,19,2
2016,2,4,무역법규,20,3
2016,2,4,무역법규,21,1
2016,2,4,무역법규,22,2
2016,2,4,무역법규,23,2
2016,2,4,무역법규,24,1
2016,2,4,무역법규,25,1
2016,2,4,무역법규,26,3
2016,2,4,무역법규,27,2
2016,2,4,무역법규,28,2
2016,2,4,무역법규,29,2
2016,2,4,무역법규,30,4
2016,2,4,무역법규,31,4
2016,2,4,무역법규,32,1
2016,2,4,무역법규,33,3
2016,2,4,무역법규,34,1
2016,2,4,무역법규,35,3
2016,2,4,국제경제환경론,1,4
2016,2,4,국제경제환경론,2,2
2016,2,4,국제경제환경론,3,3
2016,2,4,국제경제환경론,4,1
2016,2,4,국제경제환경론,5,"1,2,3,4"
2016,2,4,국제경제환경론,6,3
2016,2,4,국제경제환경론,7,2
2016,2,4,국제경제환경론,8,4
2016,2,4,국제경제환경론,9,3
2016,2,4,국제경제환경론,10,3
2016,2,4,국제경제환경론,11,3
2016,2,4,국제경제환경론,12,1
2016,2,4,국제경제환경론,13,4
2016,2,4,국제경제환경론,14,4
2016,2,4,국제경제환경론,15,4
2016,2,4,국제경제환경론,16,3
2016,2,4,국제경제환경론,17,1
2016,2,4,국제경제환경론,18,3
2016,2,4,국제경제환경론,19,3
2016,2,4,국제경제환경론,20,1
2016,2,4,국제경제환경론,21,3
2016,2,4,국제경제환경론,22,4
2016,2,4,국제경제환경론,23,4
2016,2,4,국제경제환경론,24,1
2016,2,4,국제경제환경론,25,3
2016,2,4,국제경제환경론,26,3
2016,2,4,국제경제환경론,27,2
2016,2,4,국제경제환경론,28,3
2016,2,4,국제경제환경론,29,4
2016,2,4,국제경제환경론,30,2
2016,2,4,국제경제환경론,31,2
2016,2,4,국제경제환경론,32,1
2016,2,4,국제경제환경론,33,2
2016,2,4,국제경제환경론,34,4
2016,2,4,국제경제환경론,35,3
2016,2,4,국제물류론,1,3
2016,2,4,국제물류론,2,2
2016,2,4,국제물류론,3,1
2016,2,4,국제물류론,4,2
2016,2,4,국제물류론,5,1
2016,2,4,국제물류론,6,3
2016,2,4,국제물류론,7,2
2016,2,4,국제물류론,8,4
2016,2,4,국제물류론,9,3
2016,2,4,국제물류론,10,4
2016,2,4,국제물류론,11,2
2016,2,4,국제물류론,12,3
2016,2,4,국제물류론,13,4
2016,2,4,국제물류론,14,3
2016,2,4,국제물류론,15,1
2016,2,4,국제물류론,16,3
2016,2,4,국제물류론,17,4
2016,2,4,국제물류론,18,1
2016,2,4,국제물류론,19,4
2016,2,4,국제물류론,20,3
2016,2,4,국제물류론,21,4
2016,2,4,국제물류론,22,2
2016,2,4,국제물류론,23,4
2016,2,4,국제물류론,24,1
2016,2,4,국제물류론,25,4
2016,2,4,국제물류론,26,1
2016,2,4,국제물류론,27,3
2016,2,4,국제물류론,28,1
2016,2,4,국제물류론,29,4
2016,2,4,국제물류론,30,2
2016,2,4,국제물류론,31,2
2016,2,4,국제물류론,32,1
2016,2,4,국제물류론,33,2
2016,2,4,국제물류론,34,3
2016,2,4,국제물류론,35,2
2016,2,4,홍보론,1,3
2016,2,4,홍보론,2,3
2016,2,4,홍보론,3,4
2016,2,4,홍보론,4,3
2016,2,4,홍보론,5,2
2016,2,4,홍보론,6,2
2016,2,4,홍보론,7,3
2016,2,4,홍보론,8,4
2016,2,4,홍보론,9,3
2016,2,4,홍보론,10,4
2016,2,4,홍보론,11,3
2016,2,4,홍보론,12,4
2016,2,4,홍보론,13,1
2016,2,4,홍보론,14,2
2016,2,4,홍보론,15,4
2016,2,4,홍보론,16,2
2016,2,4,홍보론,17,4
2016,2,4,홍보론,18,3
2016,2,4,홍보론,19,2
2016,2,4,홍보론,20,1
2016,2,4,홍보론,21,4
2016,2,4,홍보론,22,3
2016,2,4,홍보론,23,4
2016,2,4,홍보론,24,3
2016,2,4,홍보론,25,3
2016,2,4,홍보론,26,2
2016,2,4,홍보론,27,1
2016,2,4,홍보론,28,2
2016,2,4,홍보론,29,2
2016,2,4,홍보론,30,3
2016,2,4,홍보론,31,3
2016,2,4,홍보론,32,2
2016,2,4,홍보론,33,1
2016,2,4,홍보론,34,4
2016,2,4,홍보론,35,2
2016,2,4,영화기획제작,1,1
2016,2,4,영화기획제작,2,3
2016,2,4,영화기획제작,3,2
2016,2,4,영화기획제작,4,4
2016,2,4,영화기획제작,5,1
2016,2,4,영화기획제작,6,2
2016,2,4,영화기획제작,7,4
2016,2,4,영화기획제작,8,3
2016,2,4,영화기획제작,9,2
2016,2,4,영화기획제작,10,1
2016,2,4,영화기획제작,11,3
2016,2,4,영화기획제작,12,4
2016,2,4,영화기획제작,13,3
2016,2,4,영화기획제작,14,2
2016,2,4,영화기획제작,15,1
2016,2,4,영화기획제작,16,4
2016,2,4,영화기획제작,17,4
2016,2,4,영화기획제작,18,3
2016,2,4,영화기획제작,19,2
2016,2,4,영화기획제작,20,1
2016,2,4,영화기획제작,21,1
2016,2,4,영화기획제작,22,2
2016,2,4,영화기획제작,23,3
2016,2,4,영화기획제작,24,4
2016,2,4,영화기획제작,25,1
2016,2,4,영화기획제작,26,2
2016,2,4,영화기획제작,27,3
2016,2,4,영화기획제작,28,4
2016,2,4,영화기획제작,29,2
2016,2,4,영화기획제작,30,1
2016,2,4,영화기획제작,31,3
2016,2,4,영화기획제작,32,3
2016,2,4,영화기획제작,33,2
2016,2,4,영화기획제작,34,4
2016,2,4,영화기획제작,35,1
2016,2,4,소셜미디어,1,3
2016,2,4,소셜미디어,2,3
2016,2,4,소셜미디어,3,2
2016,2,4,소셜미디어,4,3
2016,2,4,소셜미디어,5,2
2016,2,4,소셜미디어,6,4
2016,2,4,소셜미디어,7,3
2016,2,4,소셜미디어,8,3
2016,2,4,소셜미디어,9,3
2016,2,4,소셜미디어,10,1
2016,2,4,소셜미디어,11,4
2016,2,4,소셜미디어,12,3
2016,2,4,소셜미디어,13,3
2016,2,4,소셜미디어,14,1
2016,2,4,소셜미디어,15,3
2016,2,4,소셜미디어,16,2
2016,2,4,소셜미디어,17,3
2016,2,4,소셜미디어,18,4
2016,2,4,소셜미디어,19,2
2016,2,4,소셜미디어,20,1
2016,2,4,소셜미디어,21,4
2016,2,4,소셜미디어,22,4
2016,2,4,소셜미디어,23,3
2016,2,4,소셜미디어,24,4
2016,2,4,소셜미디어,25,3
2016,2,4,소셜미디어,26,1
2016,2,4,소셜미디어,27,2
2016,2,4,소셜미디어,28,4
2016,2,4,소셜미디어,29,1
2016,2,4,소셜미디어,30,1
2016,2,4,소셜미디어,31,2
2016,2,4,소셜미디어,32,3
2016,2,4,소셜미디어,33,4
2016,2,4,소셜미디어,34,2
2016,2,4,소셜미디어,35,3
2016,2,4,미디어심리학의이해,1,1
2016,2,4,미디어심리학의이해,2,4
2016,2,4,미디어심리학의이해,3,3
2016,2,4,미디어심리학의이해,4,4
2016,2,4,미디어심리학의이해,5,4
2016,2,4,미디어심리학의이해,6,1
2016,2,4,미디어심리학의이해,7,"1,2,3,4"
2016,2,4,미디어심리학의이해,8,2
2016,2,4,미디어심리학의이해,9,3
2016,2,4,미디어심리학의이해,10,3
2016,2,4,미디어심리학의이해,11,1
2016,2,4,미디어심리학의이해,12,3
2016,2,4,미디어심리학의이해,13,4
2016,2,4,미디어심리학의이해,14,3
2016,2,4,미디어심리학의이해,15,1
2016,2,4,미디어심리학의이해,16,3
2016,2,4,미디어심리학의이해,17,2
2016,2,4,미디어심리학의이해,18,3
2016,2,4,미디어심리학의이해,19,2
2016,2,4,미디어심리학의이해,20,3
2016,2,4,미디어심리학의이해,21,1
2016,2,4,미디어심리학의이해,22,3
2016,2,4,미디어심리학의이해,23,3
2016,2,4,미디어심리학의이해,24,4
2016,2,4,미디어심리학의이해,25,1
2016,2,4,미디어심리학의이해,26,3
2016,2,4,미디어심리학의이해,27,2
2016,2,4,미디어심리학의이해,28,2
2016,2,4,미디어심리학의이해,29,1
2016,2,4,미디어심리학의이해,30,1
2016,2,4,미디어심리학의이해,31,2
2016,2,4,미디어심리학의이해,32,2
2016,2,4,미디어심리학의이해,33,4
2016,2,4,미디어심리학의이해,34,3
2016,2,4,미디어심리학의이해,35,1
2016,2,4,지역관광론,1,4
2016,2,4,지역관광론,2,2
2016,2,4,지역관광론,3,2
2016,2,4,지역관광론,4,2
2016,2,4,지역관광론,5,4
2016,2,4,지역관광론,6,1
2016,2,4,지역관광론,7,1
2016,2,4,지역관광론,8,4
2016,2,4,지역관광론,9,2
2016,2,4,지역관광론,10,3
2016,2,4,지역관광론,11,2
2016,2,4,지역관광론,12,4
2016,2,4,지역관광론,13,3
2016,2,4,지역관광론,14,1
2016,2,4,지역관광론,15,1
2016,2,4,지역관광론,16,4
2016,2,4,지역관광론,17,4
2016,2,4,지역관광론,18,3
2016,2,4,지역관광론,19,1
2016,2,4,지역관광론,20,2
2016,2,4,지역관광론,21,4
2016,2,4,지역관광론,22,3
2016,2,4,지역관광론,23,4
2016,2,4,지역관광론,24,1
2016,2,4,지역관광론,25,2
2016,2,4,지역관광론,26,1
2016,2,4,지역관광론,27,4
2016,2,4,지역관광론,28,4
2016,2,4,지역관광론,29,2
2016,2,4,지역관광론,30,1
2016,2,4,지역관광론,31,1
2016,2,4,지역관광론,32,2
2016,2,4,지역관광론,33,2
2016,2,4,지역관광론,34,3
2016,2,4,지역관광론,35,1
2016,2,4,관광창업론,1,3
2016,2,4,관광창업론,2,3
2016,2,4,관광창업론,3,2
2016,2,4,관광창업론,4,4
2016,2,4,관광창업론,5,2
2016,2,4,관광창업론,6,1
2016,2,4,관광창업론,7,1
2016,2,4,관광창업론,8,3
2016,2,4,관광창업론,9,2
2016,2,4,관광창업론,10,3
2016,2,4,관광창업론,11,2
2016,2,4,관광창업론,12,1
2016,2,4,관광창업론,13,4
2016,2,4,관광창업론,14,4
2016,2,4,관광창업론,15,4
2016,2,4,관광창업론,16,2
2016,2,4,관광창업론,17,2
2016,2,4,관광창업론,18,3
2016,2,4,관광창업론,19,1
2016,2,4,관광창업론,20,1
2016,2,4,관광창업론,21,1
2016,2,4,관광창업론,22,3
2016,2,4,관광창업론,23,4
2016,2,4,관광창업론,24,4
2016,2,4,관광창업론,25,2
2016,2,4,관광창업론,26,1
2016,2,4,관광창업론,27,1
2016,2,4,관광창업론,28,1
2016,2,4,관광창업론,29,3
2016,2,4,관광창업론,30,3
2016,2,4,관광창업론,31,4
2016,2,4,관광창업론,32,2
2016,2,4,관광창업론,33,2
2016,2,4,관광창업론,34,4
2016,2,4,관광창업론,35,1
2016,2,4,관광해설론,1,4
2016,2,4,관광해설론,2,2
2016,2,4,관광해설론,3,2
2016,2,4,관광해설론,4,1
2016,2,4,관광해설론,5,4
2016,2,4,관광해설론,6,1
2016,2,4,관광해설론,7,2
2016,2,4,관광해설론,8,4
2016,2,4,관광해설론,9,1
2016,2,4,관광해설론,10,4
2016,2,4,관광해설론,11,3
2016,2,4,관광해설론,12,4
2016,2,4,관광해설론,13,4
2016,2,4,관광해설론,14,3
2016,2,4,관광해설론,15,4
2016,2,4,관광해설론,16,4
2016,2,4,관광해설론,17,3
2016,2,4,관광해설론,18,2
2016,2,4,관광해설론,19,3
2016,2,4,관광해설론,20,4
2016,2,4,관광해설론,21,2
2016,2,4,관광해설론,22,4
2016,2,4,관광해설론,23,3
2016,2,4,관광해설론,24,2
2016,2,4,관광해설론,25,3
2016,2,4,관광해설론,26,1
2016,2,4,관광해설론,27,4
2016,2,4,관광해설론,28,2
2016,2,4,관광해설론,29,1
2016,2,4,관광해설론,30,2
2016,2,4,관광해설론,31,3
2016,2,4,관광해설론,32,2
2016,2,4,관광해설론,33,4
2016,2,4,관광해설론,34,2
2016,2,4,관광해설론,35,1
2016,2,4,농업경영학,1,1
2016,2,4,농업경영학,2,3
2016,2,4,농업경영학,3,2
2016,2,4,농업경영학,4,1
2016,2,4,농업경영학,5,4
2016,2,4,농업경영학,6,3
2016,2,4,농업경영학,7,3
2016,2,4,농업경영학,8,3
2016,2,4,농업경영학,9,2
2016,2,4,농업경영학,10,1
2016,2,4,농업경영학,11,3
2016,2,4,농업경영학,12,2
2016,2,4,농업경영학,13,4
2016,2,4,농업경영학,14,2
2016,2,4,농업경영학,15,3
2016,2,4,농업경영학,16,1
2016,2,4,농업경영학,17,4
2016,2,4,농업경영학,18,3
2016,2,4,농업경영학,19,3
2016,2,4,농업경영학,20,1
2016,2,4,농업경영학,21,4
2016,2,4,농업경영학,22,2
2016,2,4,농업경영학,23,2
2016,2,4,농업경영학,24,3
2016,2,4,농업경영학,25,1
2016,2,4,농업경영학,26,3
2016,2,4,농업경영학,27,1
2016,2,4,농업경영학,28,4
2016,2,4,농업경영학,29,2
2016,2,4,농업경영학,30,2
2016,2,4,농업경영학,31,1
2016,2,4,농업경영학,32,3
2016,2,4,농업경영학,33,4
2016,2,4,농업경영학,34,4
2016,2,4,농업경영학,35,2
2016,2,4,농업·농촌의이해,1,"3,4"
2016,2,4,농업·농촌의이해,2,"2,3"
2016,2,4,농업·농촌의이해,3,4
2016,2,4,농업·농촌의이해,4,3
2016,2,4,농업·농촌의이해,5,1
2016,2,4,농업·농촌의이해,6,1
2016,2,4,농업·농촌의이해,7,3
2016,2,4,농업·농촌의이해,8,4
2016,2,4,농업·농촌의이해,9,2
2016,2,4,농업·농촌의이해,10,2
2016,2,4,농업·농촌의이해,11,4
2016,2,4,농업·농촌의이해,12,1
2016,2,4,농업·농촌의이해,13,2
2016,2,4,농업·농촌의이해,14,3
2016,2,4,농업·농촌의이해,15,4
2016,2,4,농업·농촌의이해,16,1
2016,2,4,농업·농촌의이해,17,2
2016,2,4,농업·농촌의이해,18,1
2016,2,4,농업·농촌의이해,19,2
2016,2,4,농업·농촌의이해,20,3
2016,2,4,농업·농촌의이해,21,2
2016,2,4,농업·농촌의이해,22,3
2016,2,4,농업·농촌의이해,23,4
2016,2,4,농업·농촌의이해,24,1
2016,2,4,농업·농촌의이해,25,4
2016,2,4,농업·농촌의이해,26,4
2016,2,4,농업·농촌의이해,27,1
2016,2,4,농업·농촌의이해,28,3
2016,2,4,농업·농촌의이해,29,2
2016,2,4,농업·농촌의이해,30,1
2016,2,4,농업·농촌의이해,31,3
2016,2,4,농업·농촌의이해,32,1
2016,2,4,농업·농촌의이해,33,3
2016,2,4,농업·농촌의이해,34,2
2016,2,4,농업·농촌의이해,35,4
2016,2,4,농축산식품이용학,1,3
2016,2,4,농축산식품이용학,2,1
2016,2,4,농축산식품이용학,3,3
2016,2,4,농축산식품이용학,4,4
2016,2,4,농축산식품이용학,5,2
2016,2,4,농축산식품이용학,6,4
2016,2,4,농축산식품이용학,7,4
2016,2,4,농축산식품이용학,8,2
2016,2,4,농축산식품이용학,9,1
2016,2,4,농축산식품이용학,10,3
2016,2,4,농축산식품이용학,11,2
2016,2,4,농축산식품이용학,12,3
2016,2,4,농축산식품이용학,13,1
2016,2,4,농축산식품이용학,14,4
2016,2,4,농축산식품이용학,15,3
2016,2,4,농축산식품이용학,16,3
2016,2,4,농축산식품이용학,17,1
2016,2,4,농축산식품이용학,18,2
2016,2,4,농축산식품이용학,19,4
2016,2,4,농축산식품이용학,20,2
2016,2,4,농축산식품이용학,21,1
2016,2,4,농축산식품이용학,22,4
2016,2,4,농축산식품이용학,23,"2,3"
2016,2,4,농축산식품이용학,24,1
2016,2,4,농축산식품이용학,25,2
2016,2,4,농축산식품이용학,26,3
2016,2,4,농축산식품이용학,27,1
2016,2,4,농축산식품이용학,28,4
2016,2,4,농축산식품이용학,29,3
2016,2,4,농축산식품이용학,30,2
2016,2,4,농축산식품이용학,31,3
2016,2,4,농축산식품이용학,32,2
2016,2,4,농축산식품이용학,33,3
2016,2,4,농축산식품이용학,34,3
2016,2,4,농축산식품이용학,35,4
2016,2,4,가축사양학2,1,1
2016,2,4,가축사양학2,2,2
2016,2,4,가축사양학2,3,2
2016,2,4,가축사양학2,4,3
2016,2,4,가축사양학2,5,2
2016,2,4,가축사양학2,6,4
2016,2,4,가축사양학2,7,2
2016,2,4,가축사양학2,8,3
2016,2,4,가축사양학2,9,4
2016,2,4,가축사양학2,10,3
2016,2,4,가축사양학2,11,4
2016,2,4,가축사양학2,12,3
2016,2,4,가축사양학2,13,"1,4"
2016,2,4,가축사양학2,14,3
2016,2,4,가축사양학2,15,1
2016,2,4,가축사양학2,16,1
2016,2,4,가축사양학2,17,1
2016,2,4,가축사양학2,18,1
2016,2,4,가축사양학2,19,2
2016,2,4,가축사양학2,20,4
2016,2,4,가축사양학2,21,4
2016,2,4,가축사양학2,22,3
2016,2,4,가축사양학2,23,1
2016,2,4,가축사양학2,24,4
2016,2,4,가축사양학2,25,4
2016,2,4,가축사양학2,26,"1,2"
2016,2,4,가축사양학2,27,3
2016,2,4,가축사양학2,28,4
2016,2,4,가축사양학2,29,1
2016,2,4,가축사양학2,30,4
2016,2,4,가축사양학2,31,2
2016,2,4,가축사양학2,32,1
2016,2,4,가축사양학2,33,2
2016,2,4,가축사양학2,34,2
2016,2,4,가축사양학2,35,4
2016,2,4,텍스타일기획과표현,1,3
2016,2,4,텍스타일기획과표현,2,1
2016,2,4,텍스타일기획과표현,3,3
2016,2,4,텍스타일기획과표현,4,1
2016,2,4,텍스타일기획과표현,5,3
2016,2,4,텍스타일기획과표현,6,1
2016,2,4,텍스타일기획과표현,7,3
2016,2,4,텍스타일기획과표현,8,2
2016,2,4,텍스타일기획과표현,9,1
2016,2,4,텍스타일기획과표현,10,3
2016,2,4,텍스타일기획과표현,11,1
2016,2,4,텍스타일기획과표현,12,3
2016,2,4,텍스타일기획과표현,13,4
2016,2,4,텍스타일기획과표현,14,1
2016,2,4,텍스타일기획과표현,15,3
2016,2,4,텍스타일기획과표현,16,4
2016,2,4,텍스타일기획과표현,17,2
2016,2,4,텍스타일기획과표현,18,2
2016,2,4,텍스타일기획과표현,19,1
2016,2,4,텍스타일기획과표현,20,3
2016,2,4,텍스타일기획과표현,21,3
2016,2,4,텍스타일기획과표현,22,4
2016,2,4,텍스타일기획과표현,23,1
2016,2,4,텍스타일기획과표현,24,4
2016,2,4,텍스타일기획과표현,25,1
2016,2,4,텍스타일기획과표현,26,2
2016,2,4,텍스타일기획과표현,27,4
2016,2,4,텍스타일기획과표현,28,3
2016,2,4,텍스타일기획과표현,29,1
2016,2,4,텍스타일기획과표현,30,3
2016,2,4,텍스타일기획과표현,31,4
2016,2,4,텍스타일기획과표현,32,1
2016,2,4,텍스타일기획과표현,33,3
2016,2,4,텍스타일기획과표현,34,1
2016,2,4,텍스타일기획과표현,35,4
2016,2,4,지역사회영양학,1,3
2016,2,4,지역사회영양학,2,4
2016,2,4,지역사회영양학,3,3
2016,2,4,지역사회영양학,4,3
2016,2,4,지역사회영양학,5,2
2016,2,4,지역사회영양학,6,1
2016,2,4,지역사회영양학,7,4
2016,2,4,지역사회영양학,8,2
2016,2,4,지역사회영양학,9,2
2016,2,4,지역사회영양학,10,2
2016,2,4,지역사회영양학,11,4
2016,2,4,지역사회영양학,12,1
2016,2,4,지역사회영양학,13,4
2016,2,4,지역사회영양학,14,4
2016,2,4,지역사회영양학,15,2
2016,2,4,지역사회영양학,16,4
2016,2,4,지역사회영양학,17,4
2016,2,4,지역사회영양학,18,2
2016,2,4,지역사회영양학,19,4
2016,2,4,지역사회영양학,20,1
2016,2,4,지역사회영양학,21,3
2016,2,4,지역사회영양학,22,1
2016,2,4,지역사회영양학,23,2
2016,2,4,지역사회영양학,24,2
2016,2,4,지역사회영양학,25,1
2016,2,4,지역사회영양학,26,1
2016,2,4,지역사회영양학,27,3
2016,2,4,지역사회영양학,28,3
2016,2,4,지역사회영양학,29,4
2016,2,4,지역사회영양학,30,1
2016,2,4,지역사회영양학,31,1
2016,2,4,지역사회영양학,32,3
2016,2,4,지역사회영양학,33,4
2016,2,4,지역사회영양학,34,4
2016,2,4,지역사회영양학,35,3
2016,2,4,노인복지론,1,4
2016,2,4,노인복지론,2,2
2016,2,4,노인복지론,3,1
2016,2,4,노인복지론,4,2
2016,2,4,노인복지론,5,1
2016,2,4,노인복지론,6,4
2016,2,4,노인복지론,7,3
2016,2,4,노인복지론,8,4
2016,2,4,노인복지론,9,2
2016,2,4,노인복지론,10,3
2016,2,4,노인복지론,11,1
2016,2,4,노인복지론,12,4
2016,2,4,노인복지론,13,3
2016,2,4,노인복지론,14,2
2016,2,4,노인복지론,15,4
2016,2,4,노인복지론,16,3
2016,2,4,노인복지론,17,1
2016,2,4,노인복지론,18,"3,4"
2016,2,4,노인복지론,19,2
2016,2,4,노인복지론,20,3
2016,2,4,노인복지론,21,4
2016,2,4,노인복지론,22,1
2016,2,4,노인복지론,23,2
2016,2,4,노인복지론,24,3
2016,2,4,노인복지론,25,1
2016,2,4,노인복지론,26,3
2016,2,4,노인복지론,27,2
2016,2,4,노인복지론,28,4
2016,2,4,노인복지론,29,1
2016,2,4,노인복지론,30,3
2016,2,4,노인복지론,31,2
2016,2,4,노인복지론,32,3
2016,2,4,노인복지론,33,4
2016,2,4,노인복지론,34,1
2016,2,4,노인복지론,35,2
2016,2,4,패션마케팅,1,1
2016,2,4,패션마케팅,2,2
2016,2,4,패션마케팅,3,3
2016,2,4,패션마케팅,4,4
2016,2,4,패션마케팅,5,3
2016,2,4,패션마케팅,6,3
2016,2,4,패션마케팅,7,1
2016,2,4,패션마케팅,8,4
2016,2,4,패션마케팅,9,1
2016,2,4,패션마케팅,10,2
2016,2,4,패션마케팅,11,1
2016,2,4,패션마케팅,12,1
2016,2,4,패션마케팅,13,3
2016,2,4,패션마케팅,14,2
2016,2,4,패션마케팅,15,4
2016,2,4,패션마케팅,16,2
2016,2,4,패션마케팅,17,3
2016,2,4,패션마케팅,18,"1,2,3,4"
2016,2,4,패션마케팅,19,2
2016,2,4,패션마케팅,20,4
2016,2,4,패션마케팅,21,4
2016,2,4,패션마케팅,22,1
2016,2,4,패션마케팅,23,2
2016,2,4,패션마케팅,24,1
2016,2,4,패션마케팅,25,4
2016,2,4,패션마케팅,26,3
2016,2,4,패션마케팅,27,2
2016,2,4,패션마케팅,28,1
2016,2,4,패션마케팅,29,3
2016,2,4,패션마케팅,30,4
2016,2,4,패션마케팅,31,2
2016,2,4,패션마케팅,32,2
2016,2,4,패션마케팅,33,4
2016,2,4,패션마케팅,34,3
2016,2,4,패션마케팅,35,3
2016,2,4,식품가공및저장학,1,1
2016,2,4,식품가공및저장학,2,3
2016,2,4,식품가공및저장학,3,1
2016,2,4,식품가공및저장학,4,4
2016,2,4,식품가공및저장학,5,2
2016,2,4,식품가공및저장학,6,3
2016,2,4,식품가공및저장학,7,1
2016,2,4,식품가공및저장학,8,2
2016,2,4,식품가공및저장학,9,4
2016,2,4,식품가공및저장학,10,1
2016,2,4,식품가공및저장학,11,3
2016,2,4,식품가공및저장학,12,2
2016,2,4,식품가공및저장학,13,2
2016,2,4,식품가공및저장학,14,4
2016,2,4,식품가공및저장학,15,3
2016,2,4,식품가공및저장학,16,3
2016,2,4,식품가공및저장학,17,4
2016,2,4,식품가공및저장학,18,3
2016,2,4,식품가공및저장학,19,3
2016,2,4,식품가공및저장학,20,1
2016,2,4,식품가공및저장학,21,2
2016,2,4,식품가공및저장학,22,4
2016,2,4,식품가공및저장학,23,2
2016,2,4,식품가공및저장학,24,1
2016,2,4,식품가공및저장학,25,2
2016,2,4,식품가공및저장학,26,4
2016,2,4,식품가공및저장학,27,2
2016,2,4,식품가공및저장학,28,3
2016,2,4,식품가공및저장학,29,1
2016,2,4,식품가공및저장학,30,4
2016,2,4,식품가공및저장학,31,4
2016,2,4,식품가공및저장학,32,3
2016,2,4,식품가공및저장학,33,1
2016,2,4,식품가공및저장학,34,1
2016,2,4,식품가공및저장학,35,3
2016,2,4,가족상담및치료,1,1
2016,2,4,가족상담및치료,2,1
2016,2,4,가족상담및치료,3,2
2016,2,4,가족상담및치료,4,3
2016,2,4,가족상담및치료,5,4
2016,2,4,가족상담및치료,6,4
2016,2,4,가족상담및치료,7,1
2016,2,4,가족상담및치료,8,4
2016,2,4,가족상담및치료,9,2
2016,2,4,가족상담및치료,10,2
2016,2,4,가족상담및치료,11,3
2016,2,4,가족상담및치료,12,2
2016,2,4,가족상담및치료,13,4
2016,2,4,가족상담및치료,14,1
2016,2,4,가족상담및치료,15,3
2016,2,4,가족상담및치료,16,2
2016,2,4,가족상담및치료,17,4
2016,2,4,가족상담및치료,18,3
2016,2,4,가족상담및치료,19,1
2016,2,4,가족상담및치료,20,1
2016,2,4,가족상담및치료,21,1
2016,2,4,가족상담및치료,22,4
2016,2,4,가족상담및치료,23,2
2016,2,4,가족상담및치료,24,3
2016,2,4,가족상담및치료,25,3
2016,2,4,가족상담및치료,26,2
2016,2,4,가족상담및치료,27,1
2016,2,4,가족상담및치료,28,4
2016,2,4,가족상담및치료,29,4
2016,2,4,가족상담및치료,30,1
2016,2,4,가족상담및치료,31,2
2016,2,4,가족상담및치료,32,3
2016,2,4,가족상담및치료,33,4
2016,2,4,가족상담및치료,34,1
2016,2,4,가족상담및치료,35,1
2016,2,4,운동과영양,1,4
2016,2,4,운동과영양,2,3
2016,2,4,운동과영양,3,2
2016,2,4,운동과영양,4,2
2016,2,4,운동과영양,5,4
2016,2,4,운동과영양,6,"1,2"
2016,2,4,운동과영양,7,3
2016,2,4,운동과영양,8,3
2016,2,4,운동과영양,9,1
2016,2,4,운동과영양,10,1
2016,2,4,운동과영양,11,3
2016,2,4,운동과영양,12,3
2016,2,4,운동과영양,13,2
2016,2,4,운동과영양,14,3
2016,2,4,운동과영양,15,4
2016,2,4,운동과영양,16,4
2016,2,4,운동과영양,17,2
2016,2,4,운동과영양,18,1
2016,2,4,운동과영양,19,1
2016,2,4,운동과영양,20,4
2016,2,4,운동과영양,21,1
2016,2,4,운동과영양,22,4
2016,2,4,운동과영양,23,4
2016,2,4,운동과영양,24,2
2016,2,4,운동과영양,25,3
2016,2,4,운동과영양,26,2
2016,2,4,운동과영양,27,4
2016,2,4,운동과영양,28,2
2016,2,4,운동과영양,29,1
2016,2,4,운동과영양,30,4
2016,2,4,운동과영양,31,2
2016,2,4,운동과영양,32,3
2016,2,4,운동과영양,33,1
2016,2,4,운동과영양,34,4
2016,2,4,운동과영양,35,3
2016,2,4,전통복식공예디자인,1,1
2016,2,4,전통복식공예디자인,2,2
2016,2,4,전통복식공예디자인,3,3
2016,2,4,전통복식공예디자인,4,4
2016,2,4,전통복식공예디자인,5,3
2016,2,4,전통복식공예디자인,6,2
2016,2,4,전통복식공예디자인,7,4
2016,2,4,전통복식공예디자인,8,2
2016,2,4,전통복식공예디자인,9,1
2016,2,4,전통복식공예디자인,10,3
2016,2,4,전통복식공예디자인,11,1
2016,2,4,전통복식공예디자인,12,3
2016,2,4,전통복식공예디자인,13,2
2016,2,4,전통복식공예디자인,14,2
2016,2,4,전통복식공예디자인,15,3
2016,2,4,전통복식공예디자인,16,1
2016,2,4,전통복식공예디자인,17,3
2016,2,4,전통복식공예디자인,18,1
2016,2,4,전통복식공예디자인,19,1
2016,2,4,전통복식공예디자인,20,4
2016,2,4,전통복식공예디자인,21,4
2016,2,4,전통복식공예디자인,22,1
2016,2,4,전통복식공예디자인,23,3
2016,2,4,전통복식공예디자인,24,1
2016,2,4,전통복식공예디자인,25,2
2016,2,4,전통복식공예디자인,26,3
2016,2,4,전통복식공예디자인,27,3
2016,2,4,전통복식공예디자인,28,1
2016,2,4,전통복식공예디자인,29,2
2016,2,4,전통복식공예디자인,30,3
2016,2,4,전통복식공예디자인,31,3
2016,2,4,전통복식공예디자인,32,1
2016,2,4,전통복식공예디자인,33,4
2016,2,4,전통복식공예디자인,34,2
2016,2,4,전통복식공예디자인,35,4
2016,2,4,비영리기관운영관리,1,3
2016,2,4,비영리기관운영관리,2,2
2016,2,4,비영리기관운영관리,3,4
2016,2,4,비영리기관운영관리,4,2
2016,2,4,비영리기관운영관리,5,4
2016,2,4,비영리기관운영관리,6,2
2016,2,4,비영리기관운영관리,7,1
2016,2,4,비영리기관운영관리,8,2
2016,2,4,비영리기관운영관리,9,4
2016,2,4,비영리기관운영관리,10,1
2016,2,4,비영리기관운영관리,11,3
2016,2,4,비영리기관운영관리,12,4
2016,2,4,비영리기관운영관리,13,1
2016,2,4,비영리기관운영관리,14,3
2016,2,4,비영리기관운영관리,15,4
2016,2,4,비영리기관운영관리,16,3
2016,2,4,비영리기관운영관리,17,1
2016,2,4,비영리기관운영관리,18,1
2016,2,4,비영리기관운영관리,19,4
2016,2,4,비영리기관운영관리,20,3
2016,2,4,비영리기관운영관리,21,2
2016,2,4,비영리기관운영관리,22,1
2016,2,4,비영리기관운영관리,23,4
2016,2,4,비영리기관운영관리,24,1
2016,2,4,비영리기관운영관리,25,3
2016,2,4,비영리기관운영관리,26,2
2016,2,4,비영리기관운영관리,27,1
2016,2,4,비영리기관운영관리,28,1
2016,2,4,비영리기관운영관리,29,4
2016,2,4,비영리기관운영관리,30,2
2016,2,4,비영리기관운영관리,31,2
2016,2,4,비영리기관운영관리,32,3
2016,2,4,비영리기관운영관리,33,4
2016,2,4,비영리기관운영관리,34,3
2016,2,4,비영리기관운영관리,35,3
2016,2,4,식품위생학,1,3
2016,2,4,식품위생학,2,4
2016,2,4,식품위생학,3,4
2016,2,4,식품위생학,4,2
2016,2,4,식품위생학,5,4
2016,2,4,식품위생학,6,1
2016,2,4,식품위생학,7,3
2016,2,4,식품위생학,8,4
2016,2,4,식품위생학,9,2
2016,2,4,식품위생학,10,2
2016,2,4,식품위생학,11,4
2016,2,4,식품위생학,12,1
2016,2,4,식품위생학,13,4
2016,2,4,식품위생학,14,4
2016,2,4,식품위생학,15,3
2016,2,4,식품위생학,16,3
2016,2,4,식품위생학,17,4
2016,2,4,식품위생학,18,4
2016,2,4,식품위생학,19,3
2016,2,4,식품위생학,20,1
2016,2,4,식품위생학,21,2
2016,2,4,식품위생학,22,3
2016,2,4,식품위생학,23,2
2016,2,4,식품위생학,24,1
2016,2,4,식품위생학,25,3
2016,2,4,식품위생학,26,1
2016,2,4,식품위생학,27,4
2016,2,4,식품위생학,28,2
2016,2,4,식품위생학,29,3
2016,2,4,식품위생학,30,4
2016,2,4,식품위생학,31,1
2016,2,4,식품위생학,32,1
2016,2,4,식품위생학,33,3
2016,2,4,식품위생학,34,2
2016,2,4,식품위생학,35,2
2016,2,4,시뮬레이션,1,3
2016,2,4,시뮬레이션,2,2
2016,2,4,시뮬레이션,3,1
2016,2,4,시뮬레이션,4,1
2016,2,4,시뮬레이션,5,4
2016,2,4,시뮬레이션,6,2
2016,2,4,시뮬레이션,7,3
2016,2,4,시뮬레이션,8,3
2016,2,4,시뮬레이션,9,3
2016,2,4,시뮬레이션,10,1
2016,2,4,시뮬레이션,11,4
2016,2,4,시뮬레이션,12,4
2016,2,4,시뮬레이션,13,3
2016,2,4,시뮬레이션,14,1
2016,2,4,시뮬레이션,15,4
2016,2,4,시뮬레이션,16,1
2016,2,4,시뮬레이션,17,1
2016,2,4,시뮬레이션,18,3
2016,2,4,시뮬레이션,19,2
2016,2,4,시뮬레이션,20,2
2016,2,4,시뮬레이션,21,4
2016,2,4,시뮬레이션,22,2
2016,2,4,시뮬레이션,23,3
2016,2,4,시뮬레이션,24,4
2016,2,4,시뮬레이션,25,1
2016,2,4,시뮬레이션,26,4
2016,2,4,시뮬레이션,27,4
2016,2,4,시뮬레이션,28,1
2016,2,4,시뮬레이션,29,2
2016,2,4,시뮬레이션,30,4
2016,2,4,시뮬레이션,31,3
2016,2,4,시뮬레이션,32,1
2016,2,4,시뮬레이션,33,1
2016,2,4,시뮬레이션,34,2
2016,2,4,시뮬레이션,35,1
2016,2,4,HTML5,1,2
2016,2,4,HTML5,2,1
2016,2,4,HTML5,3,2
2016,2,4,HTML5,4,2
2016,2,4,HTML5,5,3
2016,2,4,HTML5,6,2
2016,2,4,HTML5,7,3
2016,2,4,HTML5,8,2
2016,2,4,HTML5,9,1
2016,2,4,HTML5,10,4
2016,2,4,HTML5,11,2
2016,2,4,HTML5,12,4
2016,2,4,HTML5,13,4
2016,2,4,HTML5,14,2
2016,2,4,HTML5,15,2
2016,2,4,HTML5,16,4
2016,2,4,HTML5,17,3
2016,2,4,HTML5,18,1
2016,2,4,HTML5,19,3
2016,2,4,HTML5,20,4
2016,2,4,HTML5,21,2
2016,2,4,HTML5,22,2
2016,2,4,HTML5,23,4
2016,2,4,HTML5,24,2
2016,2,4,HTML5,25,3
2016,2,4,인공지능,1,2
2016,2,4,인공지능,2,1
2016,2,4,인공지능,3,4
2016,2,4,인공지능,4,2
2016,2,4,인공지능,5,3
2016,2,4,인공지능,6,4
2016,2,4,인공지능,7,1
2016,2,4,인공지능,8,4
2016,2,4,인공지능,9,1
2016,2,4,인공지능,10,3
2016,2,4,인공지능,11,1
2016,2,4,인공지능,12,2
2016,2,4,인공지능,13,4
2016,2,4,인공지능,14,1
2016,2,4,인공지능,15,2
2016,2,4,인공지능,16,3
2016,2,4,인공지능,17,4
2016,2,4,인공지능,18,3
2016,2,4,인공지능,19,2
2016,2,4,인공지능,20,4
2016,2,4,인공지능,21,3
2016,2,4,인공지능,22,1
2016,2,4,인공지능,23,2
2016,2,4,인공지능,24,1
2016,2,4,인공지능,25,4
2016,2,4,인공지능,26,1
2016,2,4,인공지능,27,3
2016,2,4,인공지능,28,4
2016,2,4,인공지능,29,2
2016,2,4,인공지능,30,3
2016,2,4,인공지능,31,3
2016,2,4,인공지능,32,4
2016,2,4,인공지능,33,1
2016,2,4,인공지능,34,2
2016,2,4,인공지능,35,3
2016,2,4,데이터분석사례연구,1,4
2016,2,4,데이터분석사례연구,2,3
2016,2,4,데이터분석사례연구,3,4
2016,2,4,데이터분석사례연구,4,3
2016,2,4,데이터분석사례연구,5,3
2016,2,4,데이터분석사례연구,6,2
2016,2,4,데이터분석사례연구,7,1
2016,2,4,데이터분석사례연구,8,4
2016,2,4,데이터분석사례연구,9,3
2016,2,4,데이터분석사례연구,10,4
2016,2,4,데이터분석사례연구,11,3
2016,2,4,데이터분석사례연구,12,3
2016,2,4,데이터분석사례연구,13,2
2016,2,4,데이터분석사례연구,14,2
2016,2,4,데이터분석사례연구,15,2
2016,2,4,데이터분석사례연구,16,1
2016,2,4,데이터분석사례연구,17,3
2016,2,4,데이터분석사례연구,18,2
2016,2,4,데이터분석사례연구,19,1
2016,2,4,데이터분석사례연구,20,1
2016,2,4,데이터분석사례연구,21,2
2016,2,4,데이터분석사례연구,22,1
2016,2,4,데이터분석사례연구,23,3
2016,2,4,데이터분석사례연구,24,4
2016,2,4,데이터분석사례연구,25,3
2016,2,4,데이터마이닝,1,1
2016,2,4,데이터마이닝,2,3
2016,2,4,데이터마이닝,3,4
2016,2,4,데이터마이닝,4,4
2016,2,4,데이터마이닝,5,4
2016,2,4,데이터마이닝,6,2
2016,2,4,데이터마이닝,7,2
2016,2,4,데이터마이닝,8,1
2016,2,4,데이터마이닝,9,1
2016,2,4,데이터마이닝,10,2
2016,2,4,데이터마이닝,11,3
2016,2,4,데이터마이닝,12,1
2016,2,4,데이터마이닝,13,2
2016,2,4,데이터마이닝,14,2
2016,2,4,데이터마이닝,15,3
2016,2,4,데이터마이닝,16,4
2016,2,4,데이터마이닝,17,1
2016,2,4,데이터마이닝,18,4
2016,2,4,데이터마이닝,19,2
2016,2,4,데이터마이닝,20,1
2016,2,4,데이터마이닝,21,4
2016,2,4,데이터마이닝,22,4
2016,2,4,데이터마이닝,23,4
2016,2,4,데이터마이닝,24,1
2016,2,4,데이터마이닝,25,2
2016,2,4,바이오정보학개론,1,2
2016,2,4,바이오정보학개론,2,4
2016,2,4,바이오정보학개론,3,1
2016,2,4,바이오정보학개론,4,3
2016,2,4,바이오정보학개론,5,4
2016,2,4,바이오정보학개론,6,3
2016,2,4,바이오정보학개론,7,2
2016,2,4,바이오정보학개론,8,4
2016,2,4,바이오정보학개론,9,2
2016,2,4,바이오정보학개론,10,3
2016,2,4,바이오정보학개론,11,1
2016,2,4,바이오정보학개론,12,2
2016,2,4,바이오정보학개론,13,3
2016,2,4,바이오정보학개론,14,2
2016,2,4,바이오정보학개론,15,4
2016,2,4,바이오정보학개론,16,2
2016,2,4,바이오정보학개론,17,3
2016,2,4,바이오정보학개론,18,4
2016,2,4,바이오정보학개론,19,2
2016,2,4,바이오정보학개론,20,1
2016,2,4,바이오정보학개론,21,2
2016,2,4,바이오정보학개론,22,3
2016,2,4,바이오정보학개론,23,2
2016,2,4,바이오정보학개론,24,4
2016,2,4,바이오정보학개론,25,1
2016,2,4,빅데이터의이해,1,2
2016,2,4,빅데이터의이해,2,1
2016,2,4,빅데이터의이해,3,1
2016,2,4,빅데이터의이해,4,4
2016,2,4,빅데이터의이해,5,2
2016,2,4,빅데이터의이해,6,3
2016,2,4,빅데이터의이해,7,2
2016,2,4,빅데이터의이해,8,"1,2"
2016,2,4,빅데이터의이해,9,3
2016,2,4,빅데이터의이해,10,4
2016,2,4,빅데이터의이해,11,1
2016,2,4,빅데이터의이해,12,2
2016,2,4,빅데이터의이해,13,3
2016,2,4,빅데이터의이해,14,1
2016,2,4,빅데이터의이해,15,2
2016,2,4,빅데이터의이해,16,3
2016,2,4,빅데이터의이해,17,1
2016,2,4,빅데이터의이해,18,2
2016,2,4,빅데이터의이해,19,4
2016,2,4,빅데이터의이해,20,4
2016,2,4,빅데이터의이해,21,3
2016,2,4,빅데이터의이해,22,2
2016,2,4,빅데이터의이해,23,3
2016,2,4,빅데이터의이해,24,2
2016,2,4,빅데이터의이해,25,4
2016,2,4,고급R활용,1,2
2016,2,4,고급R활용,2,4
2016,2,4,고급R활용,3,3
2016,2,4,고급R활용,4,2
2016,2,4,고급R활용,5,1
2016,2,4,고급R활용,6,3
2016,2,4,고급R활용,7,4
2016,2,4,고급R활용,8,2
2016,2,4,고급R활용,9,1
2016,2,4,고급R활용,10,3
2016,2,4,고급R활용,11,4
2016,2,4,고급R활용,12,2
2016,2,4,고급R활용,13,1
2016,2,4,고급R활용,14,4
2016,2,4,고급R활용,15,1
2016,2,4,고급R활용,16,3
2016,2,4,고급R활용,17,2
2016,2,4,고급R활용,18,2
2016,2,4,고급R활용,19,1
2016,2,4,고급R활용,20,3
2016,2,4,고급R활용,21,2
2016,2,4,고급R활용,22,3
2016,2,4,고급R활용,23,1
2016,2,4,고급R활용,24,2
2016,2,4,고급R활용,25,4
2016,2,4,건강증진론,1,2
2016,2,4,건강증진론,2,3
2016,2,4,건강증진론,3,4
2016,2,4,건강증진론,4,1
2016,2,4,건강증진론,5,4
2016,2,4,건강증진론,6,3
2016,2,4,건강증진론,7,1
2016,2,4,건강증진론,8,1
2016,2,4,건강증진론,9,2
2016,2,4,건강증진론,10,3
2016,2,4,건강증진론,11,4
2016,2,4,건강증진론,12,2
2016,2,4,건강증진론,13,1
2016,2,4,건강증진론,14,4
2016,2,4,건강증진론,15,3
2016,2,4,건강증진론,16,1
2016,2,4,건강증진론,17,4
2016,2,4,건강증진론,18,3
2016,2,4,건강증진론,19,2
2016,2,4,건강증진론,20,3
2016,2,4,건강증진론,21,1
2016,2,4,건강증진론,22,4
2016,2,4,건강증진론,23,3
2016,2,4,건강증진론,24,2
2016,2,4,건강증진론,25,4
2016,2,4,건강증진론,26,3
2016,2,4,건강증진론,27,1
2016,2,4,건강증진론,28,2
2016,2,4,건강증진론,29,1
2016,2,4,건강증진론,30,3
2016,2,4,건강증진론,31,2
2016,2,4,건강증진론,32,4
2016,2,4,건강증진론,33,2
2016,2,4,건강증진론,34,4
2016,2,4,건강증진론,35,3
2016,2,4,토양지하수관리,1,4
2016,2,4,토양지하수관리,2,3
2016,2,4,토양지하수관리,3,2
2016,2,4,토양지하수관리,4,3
2016,2,4,토양지하수관리,5,4
2016,2,4,토양지하수관리,6,1
2016,2,4,토양지하수관리,7,2
2016,2,4,토양지하수관리,8,1
2016,2,4,토양지하수관리,9,2
2016,2,4,토양지하수관리,10,4
2016,2,4,토양지하수관리,11,3
2016,2,4,토양지하수관리,12,3
2016,2,4,토양지하수관리,13,4
2016,2,4,토양지하수관리,14,2
2016,2,4,토양지하수관리,15,4
2016,2,4,토양지하수관리,16,2
2016,2,4,토양지하수관리,17,2
2016,2,4,토양지하수관리,18,1
2016,2,4,토양지하수관리,19,3
2016,2,4,토양지하수관리,20,3
2016,2,4,토양지하수관리,21,1
2016,2,4,토양지하수관리,22,3
2016,2,4,토양지하수관리,23,4
2016,2,4,토양지하수관리,24,4
2016,2,4,토양지하수관리,25,1
2016,2,4,토양지하수관리,26,1
2016,2,4,토양지하수관리,27,4
2016,2,4,토양지하수관리,28,3
2016,2,4,토양지하수관리,29,1
2016,2,4,토양지하수관리,30,4
2016,2,4,토양지하수관리,31,2
2016,2,4,토양지하수관리,32,4
2016,2,4,토양지하수관리,33,1
2016,2,4,토양지하수관리,34,4
2016,2,4,토양지하수관리,35,4
2016,2,4,용수및하폐수처리,1,3
2016,2,4,용수및하폐수처리,2,3
2016,2,4,용수및하폐수처리,3,2
2016,2,4,용수및하폐수처리,4,4
2016,2,4,용수및하폐수처리,5,2
2016,2,4,용수및하폐수처리,6,3
2016,2,4,용수및하폐수처리,7,3
2016,2,4,용수및하폐수처리,8,2
2016,2,4,용수및하폐수처리,9,1
2016,2,4,용수및하폐수처리,10,4
2016,2,4,용수및하폐수처리,11,1
2016,2,4,용수및하폐수처리,12,2
2016,2,4,용수및하폐수처리,13,3
2016,2,4,용수및하폐수처리,14,3
2016,2,4,용수및하폐수처리,15,4
2016,2,4,용수및하폐수처리,16,2
2016,2,4,용수및하폐수처리,17,4
2016,2,4,용수및하폐수처리,18,1
2016,2,4,용수및하폐수처리,19,1
2016,2,4,용수및하폐수처리,20,3
2016,2,4,용수및하폐수처리,21,4
2016,2,4,용수및하폐수처리,22,4
2016,2,4,용수및하폐수처리,23,2
2016,2,4,용수및하폐수처리,24,3
2016,2,4,용수및하폐수처리,25,3
2016,2,4,용수및하폐수처리,26,1
2016,2,4,용수및하폐수처리,27,2
2016,2,4,용수및하폐수처리,28,1
2016,2,4,용수및하폐수처리,29,4
2016,2,4,용수및하폐수처리,30,3
2016,2,4,용수및하폐수처리,31,1
2016,2,4,용수및하폐수처리,32,4
2016,2,4,용수및하폐수처리,33,4
2016,2,4,용수및하폐수처리,34,1
2016,2,4,용수및하폐수처리,35,2
2016,2,4,노인간호학,1,2
2016,2,4,노인간호학,2,3
2016,2,4,노인간호학,3,1
2016,2,4,노인간호학,4,3
2016,2,4,노인간호학,5,4
2016,2,4,노인간호학,6,1
2016,2,4,노인간호학,7,4
2016,2,4,노인간호학,8,1
2016,2,4,노인간호학,9,4
2016,2,4,노인간호학,10,2
2016,2,4,노인간호학,11,2
2016,2,4,노인간호학,12,3
2016,2,4,노인간호학,13,3
2016,2,4,노인간호학,14,4
2016,2,4,노인간호학,15,2
2016,2,4,노인간호학,16,4
2016,2,4,노인간호학,17,4
2016,2,4,노인간호학,18,1
2016,2,4,노인간호학,19,1
2016,2,4,노인간호학,20,3
2016,2,4,노인간호학,21,3
2016,2,4,노인간호학,22,2
2016,2,4,노인간호학,23,1
2016,2,4,노인간호학,24,2
2016,2,4,노인간호학,25,1
2016,2,4,노인간호학,26,1
2016,2,4,노인간호학,27,4
2016,2,4,노인간호학,28,4
2016,2,4,노인간호학,29,3
2016,2,4,노인간호학,30,4
2016,2,4,노인간호학,31,2
2016,2,4,노인간호학,32,1
2016,2,4,노인간호학,33,3
2016,2,4,노인간호학,34,4
2016,2,4,노인간호학,35,2
2016,2,4,간호지도자론,1,2
2016,2,4,간호지도자론,2,4
2016,2,4,간호지도자론,3,1
2016,2,4,간호지도자론,4,3
2016,2,4,간호지도자론,5,3
2016,2,4,간호지도자론,6,3
2016,2,4,간호지도자론,7,4
2016,2,4,간호지도자론,8,3
2016,2,4,간호지도자론,9,4
2016,2,4,간호지도자론,10,2
2016,2,4,간호지도자론,11,3
2016,2,4,간호지도자론,12,3
2016,2,4,간호지도자론,13,2
2016,2,4,간호지도자론,14,1
2016,2,4,간호지도자론,15,2
2016,2,4,간호지도자론,16,2
2016,2,4,간호지도자론,17,3
2016,2,4,간호지도자론,18,3
2016,2,4,간호지도자론,19,2
2016,2,4,간호지도자론,20,4
2016,2,4,간호지도자론,21,4
2016,2,4,간호지도자론,22,3
2016,2,4,간호지도자론,23,1
2016,2,4,간호지도자론,24,1
2016,2,4,간호지도자론,25,3
2016,2,4,간호지도자론,26,4
2016,2,4,간호지도자론,27,2
2016,2,4,간호지도자론,28,2
2016,2,4,간호지도자론,29,4
2016,2,4,간호지도자론,30,1
2016,2,4,간호지도자론,31,4
2016,2,4,간호지도자론,32,4
2016,2,4,간호지도자론,33,2
2016,2,4,간호지도자론,34,3
2016,2,4,간호지도자론,35,3
2016,2,4,간호학특론,1,4
2016,2,4,간호학특론,2,4
2016,2,4,간호학특론,3,1
2016,2,4,간호학특론,4,4
2016,2,4,간호학특론,5,4
2016,2,4,간호학특론,6,2
2016,2,4,간호학특론,7,4
2016,2,4,간호학특론,8,3
2016,2,4,간호학특론,9,3
2016,2,4,간호학특론,10,3
2016,2,4,간호학특론,11,1
2016,2,4,간호학특론,12,3
2016,2,4,간호학특론,13,4
2016,2,4,간호학특론,14,2
2016,2,4,간호학특론,15,1
2016,2,4,간호학특론,16,1
2016,2,4,간호학특론,17,2
2016,2,4,간호학특론,18,4
2016,2,4,간호학특론,19,2
2016,2,4,간호학특론,20,3
2016,2,4,간호학특론,21,1
2016,2,4,간호학특론,22,2
2016,2,4,간호학특론,23,4
2016,2,4,간호학특론,24,3
2016,2,4,간호학특론,25,2
2016,2,4,간호학특론,26,1
2016,2,4,간호학특론,27,3
2016,2,4,간호학특론,28,4
2016,2,4,간호학특론,29,2
2016,2,4,간호학특론,30,3
2016,2,4,간호학특론,31,1
2016,2,4,간호학특론,32,4
2016,2,4,간호학특론,33,1
2016,2,4,간호학특론,34,2
2016,2,4,간호학특론,35,3
2016,2,4,간호윤리와법,1,4
2016,2,4,간호윤리와법,2,2
2016,2,4,간호윤리와법,3,3
2016,2,4,간호윤리와법,4,2
2016,2,4,간호윤리와법,5,4
2016,2,4,간호윤리와법,6,1
2016,2,4,간호윤리와법,7,4
2016,2,4,간호윤리와법,8,2
2016,2,4,간호윤리와법,9,3
2016,2,4,간호윤리와법,10,2
2016,2,4,간호윤리와법,11,3
2016,2,4,간호윤리와법,12,1
2016,2,4,간호윤리와법,13,3
2016,2,4,간호윤리와법,14,3
2016,2,4,간호윤리와법,15,4
2016,2,4,간호윤리와법,16,4
2016,2,4,간호윤리와법,17,3
2016,2,4,간호윤리와법,18,3
2016,2,4,간호윤리와법,19,2
2016,2,4,간호윤리와법,20,2
2016,2,4,간호윤리와법,21,4
2016,2,4,간호윤리와법,22,4
2016,2,4,간호윤리와법,23,1
2016,2,4,간호윤리와법,24,2
2016,2,4,간호윤리와법,25,1
2016,2,4,간호윤리와법,26,3
2016,2,4,간호윤리와법,27,2
2016,2,4,간호윤리와법,28,3
2016,2,4,간호윤리와법,29,2
2016,2,4,간호윤리와법,30,3
2016,2,4,간호윤리와법,31,3
2016,2,4,간호윤리와법,32,4
2016,2,4,간호윤리와법,33,1
2016,2,4,간호윤리와법,34,2
2016,2,4,간호윤리와법,35,3
2016,2,4,청소년인권과참여,1,1
2016,2,4,청소년인권과참여,2,3
2016,2,4,청소년인권과참여,3,2
2016,2,4,청소년인권과참여,4,4
2016,2,4,청소년인권과참여,5,3
2016,2,4,청소년인권과참여,6,1
2016,2,4,청소년인권과참여,7,2
2016,2,4,청소년인권과참여,8,4
2016,2,4,청소년인권과참여,9,4
2016,2,4,청소년인권과참여,10,3
2016,2,4,청소년인권과참여,11,1
2016,2,4,청소년인권과참여,12,3
2016,2,4,청소년인권과참여,13,1
2016,2,4,청소년인권과참여,14,3
2016,2,4,청소년인권과참여,15,4
2016,2,4,청소년인권과참여,16,2
2016,2,4,청소년인권과참여,17,3
2016,2,4,청소년인권과참여,18,2
2016,2,4,청소년인권과참여,19,2
2016,2,4,청소년인권과참여,20,3
2016,2,4,청소년인권과참여,21,2
2016,2,4,청소년인권과참여,22,1
2016,2,4,청소년인권과참여,23,3
2016,2,4,청소년인권과참여,24,4
2016,2,4,청소년인권과참여,25,1
2016,2,4,청소년인권과참여,26,2
2016,2,4,청소년인권과참여,27,4
2016,2,4,청소년인권과참여,28,1
2016,2,4,청소년인권과참여,29,4
2016,2,4,청소년인권과참여,30,4
2016,2,4,청소년인권과참여,31,1
2016,2,4,청소년인권과참여,32,2
2016,2,4,청소년인권과참여,33,2
2016,2,4,청소년인권과참여,34,3
2016,2,4,청소년인권과참여,35,4
2016,2,4,인간관계론,1,2
2016,2,4,인간관계론,2,4
2016,2,4,인간관계론,3,2
2016,2,4,인간관계론,4,2
2016,2,4,인간관계론,5,4
2016,2,4,인간관계론,6,4
2016,2,4,인간관계론,7,2
2016,2,4,인간관계론,8,3
2016,2,4,인간관계론,9,4
2016,2,4,인간관계론,10,4
2016,2,4,인간관계론,11,3
2016,2,4,인간관계론,12,4
2016,2,4,인간관계론,13,2
2016,2,4,인간관계론,14,3
2016,2,4,인간관계론,15,3
2016,2,4,인간관계론,16,3
2016,2,4,인간관계론,17,2
2016,2,4,인간관계론,18,"2,3,4"
2016,2,4,인간관계론,19,2
2016,2,4,인간관계론,20,2
2016,2,4,인간관계론,21,4
2016,2,4,인간관계론,22,3
2016,2,4,인간관계론,23,2
2016,2,4,인간관계론,24,3
2016,2,4,인간관계론,25,2
2016,2,4,인간관계론,26,2
2016,2,4,인간관계론,27,2
2016,2,4,인간관계론,28,4
2016,2,4,인간관계론,29,2
2016,2,4,인간관계론,30,2
2016,2,4,인간관계론,31,3
2016,2,4,인간관계론,32,2
2016,2,4,인간관계론,33,4
2016,2,4,인간관계론,34,1
2016,2,4,인간관계론,35,2
2016,2,4,교육고전의이해,1,3
2016,2,4,교육고전의이해,2,2
2016,2,4,교육고전의이해,3,1
2016,2,4,교육고전의이해,4,4
2016,2,4,교육고전의이해,5,3
2016,2,4,교육고전의이해,6,2
2016,2,4,교육고전의이해,7,1
2016,2,4,교육고전의이해,8,1
2016,2,4,교육고전의이해,9,3
2016,2,4,교육고전의이해,10,3
2016,2,4,교육고전의이해,11,3
2016,2,4,교육고전의이해,12,3
2016,2,4,교육고전의이해,13,1
2016,2,4,교육고전의이해,14,1
2016,2,4,교육고전의이해,15,2
2016,2,4,교육고전의이해,16,2
2016,2,4,교육고전의이해,17,1
2016,2,4,교육고전의이해,18,1
2016,2,4,교육고전의이해,19,3
2016,2,4,교육고전의이해,20,3
2016,2,4,교육고전의이해,21,4
2016,2,4,교육고전의이해,22,4
2016,2,4,교육고전의이해,23,2
2016,2,4,교육고전의이해,24,3
2016,2,4,교육고전의이해,25,4
2016,2,4,교육고전의이해,26,3
2016,2,4,교육고전의이해,27,2
2016,2,4,교육고전의이해,28,3
2016,2,4,교육고전의이해,29,4
2016,2,4,교육고전의이해,30,3
2016,2,4,교육고전의이해,31,3
2016,2,4,교육고전의이해,32,1
2016,2,4,교육고전의이해,33,4
2016,2,4,교육고전의이해,34,2
2016,2,4,교육고전의이해,35,3
2016,2,4,심리검사및측정,1,2
2016,2,4,심리검사및측정,2,1
2016,2,4,심리검사및측정,3,1
2016,2,4,심리검사및측정,4,4
2016,2,4,심리검사및측정,5,3
2016,2,4,심리검사및측정,6,2
2016,2,4,심리검사및측정,7,4
2016,2,4,심리검사및측정,8,1
2016,2,4,심리검사및측정,9,4
2016,2,4,심리검사및측정,10,4
2016,2,4,심리검사및측정,11,1
2016,2,4,심리검사및측정,12,4
2016,2,4,심리검사및측정,13,3
2016,2,4,심리검사및측정,14,3
2016,2,4,심리검사및측정,15,4
2016,2,4,심리검사및측정,16,3
2016,2,4,심리검사및측정,17,1
2016,2,4,심리검사및측정,18,4
2016,2,4,심리검사및측정,19,1
2016,2,4,심리검사및측정,20,4
2016,2,4,심리검사및측정,21,4
2016,2,4,심리검사및측정,22,1
2016,2,4,심리검사및측정,23,2
2016,2,4,심리검사및측정,24,1
2016,2,4,심리검사및측정,25,3
2016,2,4,심리검사및측정,26,2
2016,2,4,심리검사및측정,27,2
2016,2,4,심리검사및측정,28,3
2016,2,4,심리검사및측정,29,3
2016,2,4,심리검사및측정,30,2
2016,2,4,심리검사및측정,31,1
2016,2,4,심리검사및측정,32,3
2016,2,4,심리검사및측정,33,2
2016,2,4,심리검사및측정,34,3
2016,2,4,심리검사및측정,35,2
2016,2,4,교육문제연구론,1,2
2016,2,4,교육문제연구론,2,4
2016,2,4,교육문제연구론,3,1
2016,2,4,교육문제연구론,4,3
2016,2,4,교육문제연구론,5,2
2016,2,4,교육문제연구론,6,4
2016,2,4,교육문제연구론,7,1
2016,2,4,교육문제연구론,8,2
2016,2,4,교육문제연구론,9,3
2016,2,4,교육문제연구론,10,1
2016,2,4,교육문제연구론,11,3
2016,2,4,교육문제연구론,12,1
2016,2,4,교육문제연구론,13,2
2016,2,4,교육문제연구론,14,2
2016,2,4,교육문제연구론,15,4
2016,2,4,교육문제연구론,16,3
2016,2,4,교육문제연구론,17,1
2016,2,4,교육문제연구론,18,1
2016,2,4,교육문제연구론,19,2
2016,2,4,교육문제연구론,20,4
2016,2,4,교육문제연구론,21,1
2016,2,4,교육문제연구론,22,4
2016,2,4,교육문제연구론,23,3
2016,2,4,교육문제연구론,24,3
2016,2,4,교육문제연구론,25,4
2016,2,4,교육문제연구론,26,2
2016,2,4,교육문제연구론,27,1
2016,2,4,교육문제연구론,28,3
2016,2,4,교육문제연구론,29,4
2016,2,4,교육문제연구론,30,2
2016,2,4,교육문제연구론,31,1
2016,2,4,교육문제연구론,32,4
2016,2,4,교육문제연구론,33,3
2016,2,4,교육문제연구론,34,2
2016,2,4,교육문제연구론,35,3
2016,2,4,놀이지도,1,1
2016,2,4,놀이지도,2,3
2016,2,4,놀이지도,3,2
2016,2,4,놀이지도,4,1
2016,2,4,놀이지도,5,2
2016,2,4,놀이지도,6,3
2016,2,4,놀이지도,7,4
2016,2,4,놀이지도,8,4
2016,2,4,놀이지도,9,3
2016,2,4,놀이지도,10,2
2016,2,4,놀이지도,11,3
2016,2,4,놀이지도,12,4
2016,2,4,놀이지도,13,4
2016,2,4,놀이지도,14,4
2016,2,4,놀이지도,15,4
2016,2,4,놀이지도,16,3
2016,2,4,놀이지도,17,3
2016,2,4,놀이지도,18,2
2016,2,4,놀이지도,19,3
2016,2,4,놀이지도,20,2
2016,2,4,놀이지도,21,1
2016,2,4,놀이지도,22,3
2016,2,4,놀이지도,23,4
2016,2,4,놀이지도,24,1
2016,2,4,놀이지도,25,3
2016,2,4,놀이지도,26,2
2016,2,4,놀이지도,27,2
2016,2,4,놀이지도,28,1
2016,2,4,놀이지도,29,4
2016,2,4,놀이지도,30,1
2016,2,4,놀이지도,31,4
2016,2,4,놀이지도,32,1
2016,2,4,놀이지도,33,2
2016,2,4,놀이지도,34,1
2016,2,4,놀이지도,35,1
2016,2,4,영유아프로그램개발과평가,1,1
2016,2,4,영유아프로그램개발과평가,2,3
2016,2,4,영유아프로그램개발과평가,3,2
2016,2,4,영유아프로그램개발과평가,4,1
2016,2,4,영유아프로그램개발과평가,5,4
2016,2,4,영유아프로그램개발과평가,6,2
2016,2,4,영유아프로그램개발과평가,7,3
2016,2,4,영유아프로그램개발과평가,8,4
2016,2,4,영유아프로그램개발과평가,9,3
2016,2,4,영유아프로그램개발과평가,10,3
2016,2,4,영유아프로그램개발과평가,11,1
2016,2,4,영유아프로그램개발과평가,12,2
2016,2,4,영유아프로그램개발과평가,13,2
2016,2,4,영유아프로그램개발과평가,14,3
2016,2,4,영유아프로그램개발과평가,15,2
2016,2,4,영유아프로그램개발과평가,16,2
2016,2,4,영유아프로그램개발과평가,17,4
2016,2,4,영유아프로그램개발과평가,18,3
2016,2,4,영유아프로그램개발과평가,19,4
2016,2,4,영유아프로그램개발과평가,20,3
2016,2,4,영유아프로그램개발과평가,21,1
2016,2,4,영유아프로그램개발과평가,22,3
2016,2,4,영유아프로그램개발과평가,23,2
2016,2,4,영유아프로그램개발과평가,24,1
2016,2,4,영유아프로그램개발과평가,25,4
2016,2,4,영유아프로그램개발과평가,26,2
2016,2,4,영유아프로그램개발과평가,27,4
2016,2,4,영유아프로그램개발과평가,28,3
2016,2,4,영유아프로그램개발과평가,29,1
2016,2,4,영유아프로그램개발과평가,30,4
2016,2,4,영유아프로그램개발과평가,31,2
2016,2,4,영유아프로그램개발과평가,32,1
2016,2,4,영유아프로그램개발과평가,33,4
2016,2,4,영유아프로그램개발과평가,34,1
2016,2,4,영유아프로그램개발과평가,35,4
2016,2,4,"성,사랑,사회",1,4
2016,2,4,"성,사랑,사회",2,3
2016,2,4,"성,사랑,사회",3,1
2016,2,4,"성,사랑,사회",4,3
2016,2,4,"성,사랑,사회",5,2
2016,2,4,"성,사랑,사회",6,3
2016,2,4,"성,사랑,사회",7,2
2016,2,4,"성,사랑,사회",8,4
2016,2,4,"성,사랑,사회",9,3
2016,2,4,"성,사랑,사회",10,2
2016,2,4,"성,사랑,사회",11,3
2016,2,4,"성,사랑,사회",12,2
2016,2,4,"성,사랑,사회",13,4
2016,2,4,"성,사랑,사회",14,1
2016,2,4,"성,사랑,사회",15,3
2016,2,4,"성,사랑,사회",16,1
2016,2,4,"성,사랑,사회",17,3
2016,2,4,"성,사랑,사회",18,1
2016,2,4,"성,사랑,사회",19,4
2016,2,4,"성,사랑,사회",20,4
2016,2,4,"성,사랑,사회",21,3
2016,2,4,"성,사랑,사회",22,3
2016,2,4,"성,사랑,사회",23,2
2016,2,4,"성,사랑,사회",24,2
2016,2,4,"성,사랑,사회",25,3
2016,2,4,"성,사랑,사회",26,2
2016,2,4,"성,사랑,사회",27,1
2016,2,4,"성,사랑,사회",28,4
2016,2,4,"성,사랑,사회",29,3
2016,2,4,"성,사랑,사회",30,2
2016,2,4,"성,사랑,사회",31,1
2016,2,4,"성,사랑,사회",32,3
2016,2,4,"성,사랑,사회",33,4
2016,2,4,"성,사랑,사회",34,4
2016,2,4,"성,사랑,사회",35,4
2016,2,4,전통사회와생활문화,1,1
2016,2,4,전통사회와생활문화,2,1
2016,2,4,전통사회와생활문화,3,2
2016,2,4,전통사회와생활문화,4,3
2016,2,4,전통사회와생활문화,5,3
2016,2,4,전통사회와생활문화,6,2
2016,2,4,전통사회와생활문화,7,4
2016,2,4,전통사회와생활문화,8,4
2016,2,4,전통사회와생활문화,9,1
2016,2,4,전통사회와생활문화,10,2
2016,2,4,전통사회와생활문화,11,3
2016,2,4,전통사회와생활문화,12,3
2016,2,4,전통사회와생활문화,13,3
2016,2,4,전통사회와생활문화,14,3
2016,2,4,전통사회와생활문화,15,1
2016,2,4,전통사회와생활문화,16,4
2016,2,4,전통사회와생활문화,17,2
2016,2,4,전통사회와생활문화,18,3
2016,2,4,전통사회와생활문화,19,4
2016,2,4,전통사회와생활문화,20,1
2016,2,4,전통사회와생활문화,21,3
2016,2,4,전통사회와생활문화,22,3
2016,2,4,전통사회와생활문화,23,2
2016,2,4,전통사회와생활문화,24,1
2016,2,4,전통사회와생활문화,25,4
2016,2,4,전통사회와생활문화,26,1
2016,2,4,전통사회와생활문화,27,3
2016,2,4,전통사회와생활문화,28,2
2016,2,4,전통사회와생활문화,29,4
2016,2,4,전통사회와생활문화,30,1
2016,2,4,전통사회와생활문화,31,3
2016,2,4,전통사회와생활문화,32,4
2016,2,4,전통사회와생활문화,33,3
2016,2,4,전통사회와생활문화,34,4
2016,2,4,전통사회와생활문화,35,1
2016,2,4,문화비평과미학,1,2
2016,2,4,문화비평과미학,2,3
2016,2,4,문화비평과미학,3,3
2016,2,4,문화비평과미학,4,1
2016,2,4,문화비평과미학,5,4
2016,2,4,문화비평과미학,6,3
2016,2,4,문화비평과미학,7,4
2016,2,4,문화비평과미학,8,1
2016,2,4,문화비평과미학,9,3
2016,2,4,문화비평과미학,10,2
2016,2,4,문화비평과미학,11,4
2016,2,4,문화비평과미학,12,2
2016,2,4,문화비평과미학,13,1
2016,2,4,문화비평과미학,14,4
2016,2,4,문화비평과미학,15,2
2016,2,4,문화비평과미학,16,3
2016,2,4,문화비평과미학,17,1
2016,2,4,문화비평과미학,18,2
2016,2,4,문화비평과미학,19,4
2016,2,4,문화비평과미학,20,4
2016,2,4,문화비평과미학,21,3
2016,2,4,문화비평과미학,22,1
2016,2,4,문화비평과미학,23,4
2016,2,4,문화비평과미학,24,2
2016,2,4,문화비평과미학,25,1
2016,2,4,문화비평과미학,26,3
2016,2,4,문화비평과미학,27,4
2016,2,4,문화비평과미학,28,2
2016,2,4,문화비평과미학,29,1
2016,2,4,문화비평과미학,30,4
2016,2,4,문화비평과미학,31,3
2016,2,4,문화비평과미학,32,4
2016,2,4,문화비평과미학,33,1
2016,2,4,문화비평과미학,34,3
2016,2,4,문화비평과미학,35,2
2016,2,4,세계의종교,1,2
2016,2,4,세계의종교,2,1
2016,2,4,세계의종교,3,3
2016,2,4,세계의종교,4,4
2016,2,4,세계의종교,5,1
2016,2,4,세계의종교,6,3
2016,2,4,세계의종교,7,2
2016,2,4,세계의종교,8,4
2016,2,4,세계의종교,9,1
2016,2,4,세계의종교,10,3
2016,2,4,세계의종교,11,4
2016,2,4,세계의종교,12,3
2016,2,4,세계의종교,13,2
2016,2,4,세계의종교,14,2
2016,2,4,세계의종교,15,4
2016,2,4,세계의종교,16,2
2016,2,4,세계의종교,17,4
2016,2,4,세계의종교,18,1
2016,2,4,세계의종교,19,4
2016,2,4,세계의종교,20,4
2016,2,4,세계의종교,21,4
2016,2,4,세계의종교,22,3
2016,2,4,세계의종교,23,2
2016,2,4,세계의종교,24,2
2016,2,4,세계의종교,25,1
2016,2,4,세계의종교,26,3
2016,2,4,세계의종교,27,4
2016,2,4,세계의종교,28,4
2016,2,4,세계의종교,29,1
2016,2,4,세계의종교,30,3
2016,2,4,세계의종교,31,1
2016,2,4,세계의종교,32,1
2016,2,4,세계의종교,33,1
2016,2,4,세계의종교,34,1
2016,2,4,세계의종교,35,2
2016,2,4,한국문화와유물유적,1,1
2016,2,4,한국문화와유물유적,2,2
2016,2,4,한국문화와유물유적,3,2
2016,2,4,한국문화와유물유적,4,3
2016,2,4,한국문화와유물유적,5,2
2016,2,4,한국문화와유물유적,6,4
2016,2,4,한국문화와유물유적,7,3
2016,2,4,한국문화와유물유적,8,1
2016,2,4,한국문화와유물유적,9,2
2016,2,4,한국문화와유물유적,10,4
2016,2,4,한국문화와유물유적,11,4
2016,2,4,한국문화와유물유적,12,3
2016,2,4,한국문화와유물유적,13,2
2016,2,4,한국문화와유물유적,14,4
2016,2,4,한국문화와유물유적,15,1
2016,2,4,한국문화와유물유적,16,2
2016,2,4,한국문화와유물유적,17,1
2016,2,4,한국문화와유물유적,18,2
2016,2,4,한국문화와유물유적,19,4
2016,2,4,한국문화와유물유적,20,4
2016,2,4,한국문화와유물유적,21,1
2016,2,4,한국문화와유물유적,22,3
2016,2,4,한국문화와유물유적,23,4
2016,2,4,한국문화와유물유적,24,2
2016,2,4,한국문화와유물유적,25,3
2016,2,4,한국문화와유물유적,26,1
2016,2,4,한국문화와유물유적,27,4
2016,2,4,한국문화와유물유적,28,1
2016,2,4,한국문화와유물유적,29,3
2016,2,4,한국문화와유물유적,30,4
2016,2,4,한국문화와유물유적,31,1
2016,2,4,한국문화와유물유적,32,2
2016,2,4,한국문화와유물유적,33,4
2016,2,4,한국문화와유물유적,34,4
2016,2,4,한국문화와유물유적,35,3
2016,2,4,제3세계의역사와문화,1,4
2016,2,4,제3세계의역사와문화,2,1
2016,2,4,제3세계의역사와문화,3,2
2016,2,4,제3세계의역사와문화,4,1
2016,2,4,제3세계의역사와문화,5,3
2016,2,4,제3세계의역사와문화,6,4
2016,2,4,제3세계의역사와문화,7,4
2016,2,4,제3세계의역사와문화,8,4
2016,2,4,제3세계의역사와문화,9,1
2016,2,4,제3세계의역사와문화,10,3
2016,2,4,제3세계의역사와문화,11,2
2016,2,4,제3세계의역사와문화,12,1
2016,2,4,제3세계의역사와문화,13,1
2016,2,4,제3세계의역사와문화,14,1
2016,2,4,제3세계의역사와문화,15,3
2016,2,4,제3세계의역사와문화,16,2
2016,2,4,제3세계의역사와문화,17,3
2016,2,4,제3세계의역사와문화,18,4
2016,2,4,제3세계의역사와문화,19,2
2016,2,4,제3세계의역사와문화,20,2
2016,2,4,제3세계의역사와문화,21,4
2016,2,4,제3세계의역사와문화,22,1
2016,2,4,제3세계의역사와문화,23,2
2016,2,4,제3세계의역사와문화,24,4
2016,2,4,제3세계의역사와문화,25,3
2016,2,4,공연예술의이해와감상,1,3
2016,2,4,공연예술의이해와감상,2,2
2016,2,4,공연예술의이해와감상,3,1
2016,2,4,공연예술의이해와감상,4,2
2016,2,4,공연예술의이해와감상,5,3
2016,2,4,공연예술의이해와감상,6,1
2016,2,4,공연예술의이해와감상,7,3
2016,2,4,공연예술의이해와감상,8,1
2016,2,4,공연예술의이해와감상,9,2
2016,2,4,공연예술의이해와감상,10,4
2016,2,4,공연예술의이해와감상,11,1
2016,2,4,공연예술의이해와감상,12,2
2016,2,4,공연예술의이해와감상,13,4
2016,2,4,공연예술의이해와감상,14,2
2016,2,4,공연예술의이해와감상,15,3
2016,2,4,공연예술의이해와감상,16,4
2016,2,4,공연예술의이해와감상,17,3
2016,2,4,공연예술의이해와감상,18,1
2016,2,4,공연예술의이해와감상,19,3
2016,2,4,공연예술의이해와감상,20,3
2016,2,4,공연예술의이해와감상,21,1
2016,2,4,공연예술의이해와감상,22,2
2016,2,4,공연예술의이해와감상,23,1
2016,2,4,공연예술의이해와감상,24,4
2016,2,4,공연예술의이해와감상,25,2
2016,2,4,공연예술의이해와감상,26,3
2016,2,4,공연예술의이해와감상,27,4
2016,2,4,공연예술의이해와감상,28,1
2016,2,4,공연예술의이해와감상,29,1
2016,2,4,공연예술의이해와감상,30,2
2016,2,4,공연예술의이해와감상,31,4
2016,2,4,공연예술의이해와감상,32,3
2016,2,4,공연예술의이해와감상,33,2
2016,2,4,공연예술의이해와감상,34,2
2016,2,4,공연예술의이해와감상,35,2
