year,semester,grade,subject_name,question_number,answer
2019,1,1,글쓰기,1,2
2019,1,1,글쓰기,2,4
2019,1,1,글쓰기,3,2
2019,1,1,글쓰기,4,1
2019,1,1,글쓰기,5,3
2019,1,1,글쓰기,6,4
2019,1,1,글쓰기,7,"2,4"
2019,1,1,글쓰기,8,3
2019,1,1,글쓰기,9,1
2019,1,1,글쓰기,10,2
2019,1,1,글쓰기,11,2
2019,1,1,글쓰기,12,4
2019,1,1,글쓰기,13,3
2019,1,1,글쓰기,14,1
2019,1,1,글쓰기,15,3
2019,1,1,글쓰기,16,1
2019,1,1,글쓰기,17,2
2019,1,1,글쓰기,18,4
2019,1,1,글쓰기,19,3
2019,1,1,글쓰기,20,3
2019,1,1,글쓰기,21,1
2019,1,1,글쓰기,22,3
2019,1,1,글쓰기,23,4
2019,1,1,글쓰기,24,2
2019,1,1,글쓰기,25,2
2019,1,1,글쓰기,26,1
2019,1,1,글쓰기,27,4
2019,1,1,글쓰기,28,1
2019,1,1,글쓰기,29,2
2019,1,1,글쓰기,30,4
2019,1,1,글쓰기,31,2
2019,1,1,글쓰기,32,4
2019,1,1,글쓰기,33,"1,4"
2019,1,1,글쓰기,34,2
2019,1,1,글쓰기,35,4
2019,1,1,생활한문,1,4
2019,1,1,생활한문,2,3
2019,1,1,생활한문,3,1
2019,1,1,생활한문,4,2
2019,1,1,생활한문,5,3
2019,1,1,생활한문,6,2
2019,1,1,생활한문,7,4
2019,1,1,생활한문,8,4
2019,1,1,생활한문,9,2
2019,1,1,생활한문,10,1
2019,1,1,생활한문,11,2
2019,1,1,생활한문,12,3
2019,1,1,생활한문,13,4
2019,1,1,생활한문,14,2
2019,1,1,생활한문,15,1
2019,1,1,생활한문,16,"3,4"
2019,1,1,생활한문,17,4
2019,1,1,생활한문,18,2
2019,1,1,생활한문,19,1
2019,1,1,생활한문,20,1
2019,1,1,생활한문,21,2
2019,1,1,생활한문,22,1
2019,1,1,생활한문,23,1
2019,1,1,생활한문,24,3
2019,1,1,생활한문,25,4
2019,1,1,생활한문,26,3
2019,1,1,생활한문,27,2
2019,1,1,생활한문,28,3
2019,1,1,생활한문,29,4
2019,1,1,생활한문,30,1
2019,1,1,생활한문,31,2
2019,1,1,생활한문,32,4
2019,1,1,생활한문,33,1
2019,1,1,생활한문,34,4
2019,1,1,생활한문,35,3
2019,1,1,한국현대문학의이해와감상,1,2
2019,1,1,한국현대문학의이해와감상,2,4
2019,1,1,한국현대문학의이해와감상,3,4
2019,1,1,한국현대문학의이해와감상,4,3
2019,1,1,한국현대문학의이해와감상,5,1
2019,1,1,한국현대문학의이해와감상,6,2
2019,1,1,한국현대문학의이해와감상,7,2
2019,1,1,한국현대문학의이해와감상,8,1
2019,1,1,한국현대문학의이해와감상,9,3
2019,1,1,한국현대문학의이해와감상,10,1
2019,1,1,한국현대문학의이해와감상,11,2
2019,1,1,한국현대문학의이해와감상,12,2
2019,1,1,한국현대문학의이해와감상,13,3
2019,1,1,한국현대문학의이해와감상,14,2
2019,1,1,한국현대문학의이해와감상,15,4
2019,1,1,한국현대문학의이해와감상,16,3
2019,1,1,한국현대문학의이해와감상,17,3
2019,1,1,한국현대문학의이해와감상,18,1
2019,1,1,한국현대문학의이해와감상,19,3
2019,1,1,한국현대문학의이해와감상,20,3
2019,1,1,한국현대문학의이해와감상,21,2
2019,1,1,한국현대문학의이해와감상,22,1
2019,1,1,한국현대문학의이해와감상,23,3
2019,1,1,한국현대문학의이해와감상,24,4
2019,1,1,한국현대문학의이해와감상,25,1
2019,1,1,한국현대문학의이해와감상,26,3
2019,1,1,한국현대문학의이해와감상,27,4
2019,1,1,한국현대문학의이해와감상,28,3
2019,1,1,한국현대문학의이해와감상,29,2
2019,1,1,한국현대문학의이해와감상,30,3
2019,1,1,한국현대문학의이해와감상,31,2
2019,1,1,한국현대문학의이해와감상,32,1
2019,1,1,한국현대문학의이해와감상,33,1
2019,1,1,한국현대문학의이해와감상,34,4
2019,1,1,한국현대문학의이해와감상,35,4
2019,1,1,글과생각,1,3
2019,1,1,글과생각,2,4
2019,1,1,글과생각,3,3
2019,1,1,글과생각,4,1
2019,1,1,글과생각,5,3
2019,1,1,글과생각,6,1
2019,1,1,글과생각,7,4
2019,1,1,글과생각,8,2
2019,1,1,글과생각,9,4
2019,1,1,글과생각,10,1
2019,1,1,글과생각,11,4
2019,1,1,글과생각,12,2
2019,1,1,글과생각,13,3
2019,1,1,글과생각,14,4
2019,1,1,글과생각,15,3
2019,1,1,글과생각,16,3
2019,1,1,글과생각,17,4
2019,1,1,글과생각,18,2
2019,1,1,글과생각,19,4
2019,1,1,글과생각,20,1
2019,1,1,글과생각,21,4
2019,1,1,글과생각,22,4
2019,1,1,글과생각,23,2
2019,1,1,글과생각,24,2
2019,1,1,글과생각,25,1
2019,1,1,글과생각,26,3
2019,1,1,글과생각,27,4
2019,1,1,글과생각,28,3
2019,1,1,글과생각,29,1
2019,1,1,글과생각,30,4
2019,1,1,글과생각,31,2
2019,1,1,글과생각,32,4
2019,1,1,글과생각,33,3
2019,1,1,글과생각,34,4
2019,1,1,글과생각,35,2
2019,1,1,영문법의기초,1,2
2019,1,1,영문법의기초,2,3
2019,1,1,영문법의기초,3,3
2019,1,1,영문법의기초,4,4
2019,1,1,영문법의기초,5,3
2019,1,1,영문법의기초,6,1
2019,1,1,영문법의기초,7,2
2019,1,1,영문법의기초,8,4
2019,1,1,영문법의기초,9,2
2019,1,1,영문법의기초,10,4
2019,1,1,영문법의기초,11,4
2019,1,1,영문법의기초,12,3
2019,1,1,영문법의기초,13,1
2019,1,1,영문법의기초,14,4
2019,1,1,영문법의기초,15,1
2019,1,1,영문법의기초,16,3
2019,1,1,영문법의기초,17,1
2019,1,1,영문법의기초,18,4
2019,1,1,영문법의기초,19,3
2019,1,1,영문법의기초,20,2
2019,1,1,영문법의기초,21,1
2019,1,1,영문법의기초,22,4
2019,1,1,영문법의기초,23,4
2019,1,1,영문법의기초,24,4
2019,1,1,영문법의기초,25,3
2019,1,1,영문법의기초,26,4
2019,1,1,영문법의기초,27,1
2019,1,1,영문법의기초,28,1
2019,1,1,영문법의기초,29,2
2019,1,1,영문법의기초,30,1
2019,1,1,영문법의기초,31,2
2019,1,1,영문법의기초,32,1
2019,1,1,영문법의기초,33,3
2019,1,1,영문법의기초,34,1
2019,1,1,영문법의기초,35,3
2019,1,1,멀티미디어영어,1,1
2019,1,1,멀티미디어영어,2,2
2019,1,1,멀티미디어영어,3,1
2019,1,1,멀티미디어영어,4,4
2019,1,1,멀티미디어영어,5,3
2019,1,1,멀티미디어영어,6,3
2019,1,1,멀티미디어영어,7,2
2019,1,1,멀티미디어영어,8,1
2019,1,1,멀티미디어영어,9,3
2019,1,1,멀티미디어영어,10,4
2019,1,1,멀티미디어영어,11,2
2019,1,1,멀티미디어영어,12,4
2019,1,1,멀티미디어영어,13,1
2019,1,1,멀티미디어영어,14,3
2019,1,1,멀티미디어영어,15,2
2019,1,1,멀티미디어영어,16,2
2019,1,1,멀티미디어영어,17,1
2019,1,1,멀티미디어영어,18,4
2019,1,1,멀티미디어영어,19,3
2019,1,1,멀티미디어영어,20,2
2019,1,1,멀티미디어영어,21,4
2019,1,1,멀티미디어영어,22,3
2019,1,1,멀티미디어영어,23,4
2019,1,1,멀티미디어영어,24,2
2019,1,1,멀티미디어영어,25,3
2019,1,1,멀티미디어영어,26,1
2019,1,1,멀티미디어영어,27,1
2019,1,1,멀티미디어영어,28,4
2019,1,1,멀티미디어영어,29,2
2019,1,1,멀티미디어영어,30,3
2019,1,1,멀티미디어영어,31,4
2019,1,1,멀티미디어영어,32,"1,2,3,4"
2019,1,1,멀티미디어영어,33,3
2019,1,1,멀티미디어영어,34,4
2019,1,1,멀티미디어영어,35,3
2019,1,1,영어회화1,1,4
2019,1,1,영어회화1,2,2
2019,1,1,영어회화1,3,1
2019,1,1,영어회화1,4,3
2019,1,1,영어회화1,5,4
2019,1,1,영어회화1,6,2
2019,1,1,영어회화1,7,1
2019,1,1,영어회화1,8,2
2019,1,1,영어회화1,9,3
2019,1,1,영어회화1,10,2
2019,1,1,영어회화1,11,4
2019,1,1,영어회화1,12,1
2019,1,1,영어회화1,13,3
2019,1,1,영어회화1,14,4
2019,1,1,영어회화1,15,1
2019,1,1,영어회화1,16,4
2019,1,1,영어회화1,17,3
2019,1,1,영어회화1,18,1
2019,1,1,영어회화1,19,3
2019,1,1,영어회화1,20,1
2019,1,1,영어회화1,21,1
2019,1,1,영어회화1,22,2
2019,1,1,영어회화1,23,4
2019,1,1,영어회화1,24,3
2019,1,1,영어회화1,25,4
2019,1,1,영어회화1,26,1
2019,1,1,영어회화1,27,4
2019,1,1,영어회화1,28,3
2019,1,1,영어회화1,29,4
2019,1,1,영어회화1,30,2
2019,1,1,영어회화1,31,3
2019,1,1,영어회화1,32,1
2019,1,1,영어회화1,33,2
2019,1,1,영어회화1,34,3
2019,1,1,영어회화1,35,2
2019,1,1,초급중국어1,1,3
2019,1,1,초급중국어1,2,2
2019,1,1,초급중국어1,3,4
2019,1,1,초급중국어1,4,3
2019,1,1,초급중국어1,5,1
2019,1,1,초급중국어1,6,4
2019,1,1,초급중국어1,7,4
2019,1,1,초급중국어1,8,1
2019,1,1,초급중국어1,9,3
2019,1,1,초급중국어1,10,2
2019,1,1,초급중국어1,11,4
2019,1,1,초급중국어1,12,1
2019,1,1,초급중국어1,13,2
2019,1,1,초급중국어1,14,3
2019,1,1,초급중국어1,15,1
2019,1,1,초급중국어1,16,3
2019,1,1,초급중국어1,17,4
2019,1,1,초급중국어1,18,1
2019,1,1,초급중국어1,19,2
2019,1,1,초급중국어1,20,1
2019,1,1,초급중국어1,21,4
2019,1,1,초급중국어1,22,2
2019,1,1,초급중국어1,23,1
2019,1,1,초급중국어1,24,3
2019,1,1,초급중국어1,25,2
2019,1,1,기초한자,1,2
2019,1,1,기초한자,2,2
2019,1,1,기초한자,3,4
2019,1,1,기초한자,4,3
2019,1,1,기초한자,5,3
2019,1,1,기초한자,6,2
2019,1,1,기초한자,7,1
2019,1,1,기초한자,8,1
2019,1,1,기초한자,9,3
2019,1,1,기초한자,10,1
2019,1,1,기초한자,11,2
2019,1,1,기초한자,12,2
2019,1,1,기초한자,13,2
2019,1,1,기초한자,14,1
2019,1,1,기초한자,15,3
2019,1,1,기초한자,16,4
2019,1,1,기초한자,17,4
2019,1,1,기초한자,18,2
2019,1,1,기초한자,19,1
2019,1,1,기초한자,20,1
2019,1,1,기초한자,21,1
2019,1,1,기초한자,22,3
2019,1,1,기초한자,23,4
2019,1,1,기초한자,24,4
2019,1,1,기초한자,25,2
2019,1,1,기초한자,26,3
2019,1,1,기초한자,27,4
2019,1,1,기초한자,28,4
2019,1,1,기초한자,29,2
2019,1,1,기초한자,30,3
2019,1,1,기초한자,31,4
2019,1,1,기초한자,32,4
2019,1,1,기초한자,33,3
2019,1,1,기초한자,34,4
2019,1,1,기초한자,35,2
2019,1,1,중국문화산책,1,1
2019,1,1,중국문화산책,2,4
2019,1,1,중국문화산책,3,2
2019,1,1,중국문화산책,4,1
2019,1,1,중국문화산책,5,3
2019,1,1,중국문화산책,6,3
2019,1,1,중국문화산책,7,2
2019,1,1,중국문화산책,8,2
2019,1,1,중국문화산책,9,1
2019,1,1,중국문화산책,10,4
2019,1,1,중국문화산책,11,4
2019,1,1,중국문화산책,12,1
2019,1,1,중국문화산책,13,4
2019,1,1,중국문화산책,14,3
2019,1,1,중국문화산책,15,2
2019,1,1,중국문화산책,16,3
2019,1,1,중국문화산책,17,2
2019,1,1,중국문화산책,18,4
2019,1,1,중국문화산책,19,1
2019,1,1,중국문화산책,20,3
2019,1,1,중국문화산책,21,2
2019,1,1,중국문화산책,22,4
2019,1,1,중국문화산책,23,1
2019,1,1,중국문화산책,24,4
2019,1,1,중국문화산책,25,3
2019,1,1,프랑스어입문,1,2
2019,1,1,프랑스어입문,2,1
2019,1,1,프랑스어입문,3,1
2019,1,1,프랑스어입문,4,3
2019,1,1,프랑스어입문,5,4
2019,1,1,프랑스어입문,6,2
2019,1,1,프랑스어입문,7,3
2019,1,1,프랑스어입문,8,2
2019,1,1,프랑스어입문,9,4
2019,1,1,프랑스어입문,10,2
2019,1,1,프랑스어입문,11,2
2019,1,1,프랑스어입문,12,1
2019,1,1,프랑스어입문,13,2
2019,1,1,프랑스어입문,14,4
2019,1,1,프랑스어입문,15,2
2019,1,1,프랑스어입문,16,4
2019,1,1,프랑스어입문,17,2
2019,1,1,프랑스어입문,18,3
2019,1,1,프랑스어입문,19,3
2019,1,1,프랑스어입문,20,4
2019,1,1,프랑스어입문,21,2
2019,1,1,프랑스어입문,22,4
2019,1,1,프랑스어입문,23,1
2019,1,1,프랑스어입문,24,1
2019,1,1,프랑스어입문,25,4
2019,1,1,프랑스어입문,26,2
2019,1,1,프랑스어입문,27,3
2019,1,1,프랑스어입문,28,2
2019,1,1,프랑스어입문,29,2
2019,1,1,프랑스어입문,30,1
2019,1,1,프랑스어입문,31,4
2019,1,1,프랑스어입문,32,2
2019,1,1,프랑스어입문,33,4
2019,1,1,프랑스어입문,34,4
2019,1,1,프랑스어입문,35,4
2019,1,1,프랑스어발음연습,1,1
2019,1,1,프랑스어발음연습,2,2
2019,1,1,프랑스어발음연습,3,3
2019,1,1,프랑스어발음연습,4,3
2019,1,1,프랑스어발음연습,5,1
2019,1,1,프랑스어발음연습,6,3
2019,1,1,프랑스어발음연습,7,1
2019,1,1,프랑스어발음연습,8,2
2019,1,1,프랑스어발음연습,9,2
2019,1,1,프랑스어발음연습,10,2
2019,1,1,프랑스어발음연습,11,4
2019,1,1,프랑스어발음연습,12,2
2019,1,1,프랑스어발음연습,13,2
2019,1,1,프랑스어발음연습,14,4
2019,1,1,프랑스어발음연습,15,2
2019,1,1,프랑스어발음연습,16,2
2019,1,1,프랑스어발음연습,17,2
2019,1,1,프랑스어발음연습,18,4
2019,1,1,프랑스어발음연습,19,3
2019,1,1,프랑스어발음연습,20,3
2019,1,1,프랑스어발음연습,21,1
2019,1,1,프랑스어발음연습,22,2
2019,1,1,프랑스어발음연습,23,3
2019,1,1,프랑스어발음연습,24,4
2019,1,1,프랑스어발음연습,25,2
2019,1,1,프랑스어발음연습,26,2
2019,1,1,프랑스어발음연습,27,"1,2,3,4"
2019,1,1,프랑스어발음연습,28,2
2019,1,1,프랑스어발음연습,29,3
2019,1,1,프랑스어발음연습,30,3
2019,1,1,프랑스어발음연습,31,4
2019,1,1,프랑스어발음연습,32,3
2019,1,1,프랑스어발음연습,33,2
2019,1,1,프랑스어발음연습,34,4
2019,1,1,프랑스어발음연습,35,3
2019,1,1,프랑스어기초문법연습,1,1
2019,1,1,프랑스어기초문법연습,2,3
2019,1,1,프랑스어기초문법연습,3,3
2019,1,1,프랑스어기초문법연습,4,2
2019,1,1,프랑스어기초문법연습,5,3
2019,1,1,프랑스어기초문법연습,6,1
2019,1,1,프랑스어기초문법연습,7,1
2019,1,1,프랑스어기초문법연습,8,3
2019,1,1,프랑스어기초문법연습,9,2
2019,1,1,프랑스어기초문법연습,10,2
2019,1,1,프랑스어기초문법연습,11,4
2019,1,1,프랑스어기초문법연습,12,4
2019,1,1,프랑스어기초문법연습,13,2
2019,1,1,프랑스어기초문법연습,14,2
2019,1,1,프랑스어기초문법연습,15,1
2019,1,1,프랑스어기초문법연습,16,2
2019,1,1,프랑스어기초문법연습,17,1
2019,1,1,프랑스어기초문법연습,18,3
2019,1,1,프랑스어기초문법연습,19,4
2019,1,1,프랑스어기초문법연습,20,3
2019,1,1,프랑스어기초문법연습,21,3
2019,1,1,프랑스어기초문법연습,22,2
2019,1,1,프랑스어기초문법연습,23,2
2019,1,1,프랑스어기초문법연습,24,1
2019,1,1,프랑스어기초문법연습,25,4
2019,1,1,프랑스어기초문법연습,26,3
2019,1,1,프랑스어기초문법연습,27,1
2019,1,1,프랑스어기초문법연습,28,1
2019,1,1,프랑스어기초문법연습,29,3
2019,1,1,프랑스어기초문법연습,30,4
2019,1,1,프랑스어기초문법연습,31,2
2019,1,1,프랑스어기초문법연습,32,4
2019,1,1,프랑스어기초문법연습,33,4
2019,1,1,프랑스어기초문법연습,34,1
2019,1,1,프랑스어기초문법연습,35,4
2019,1,1,일본어기초1,1,1
2019,1,1,일본어기초1,2,3
2019,1,1,일본어기초1,3,2
2019,1,1,일본어기초1,4,1
2019,1,1,일본어기초1,5,1
2019,1,1,일본어기초1,6,4
2019,1,1,일본어기초1,7,2
2019,1,1,일본어기초1,8,4
2019,1,1,일본어기초1,9,4
2019,1,1,일본어기초1,10,3
2019,1,1,일본어기초1,11,1
2019,1,1,일본어기초1,12,3
2019,1,1,일본어기초1,13,1
2019,1,1,일본어기초1,14,3
2019,1,1,일본어기초1,15,3
2019,1,1,일본어기초1,16,4
2019,1,1,일본어기초1,17,2
2019,1,1,일본어기초1,18,3
2019,1,1,일본어기초1,19,4
2019,1,1,일본어기초1,20,2
2019,1,1,일본어기초1,21,2
2019,1,1,일본어기초1,22,4
2019,1,1,일본어기초1,23,2
2019,1,1,일본어기초1,24,1
2019,1,1,일본어기초1,25,2
2019,1,1,일본어기초1,26,4
2019,1,1,일본어기초1,27,3
2019,1,1,일본어기초1,28,4
2019,1,1,일본어기초1,29,2
2019,1,1,일본어기초1,30,3
2019,1,1,일본어기초1,31,2
2019,1,1,일본어기초1,32,3
2019,1,1,일본어기초1,33,1
2019,1,1,일본어기초1,34,2
2019,1,1,일본어기초1,35,1
2019,1,1,일본학개론,1,2
2019,1,1,일본학개론,2,3
2019,1,1,일본학개론,3,1
2019,1,1,일본학개론,4,1
2019,1,1,일본학개론,5,2
2019,1,1,일본학개론,6,1
2019,1,1,일본학개론,7,2
2019,1,1,일본학개론,8,2
2019,1,1,일본학개론,9,1
2019,1,1,일본학개론,10,3
2019,1,1,일본학개론,11,4
2019,1,1,일본학개론,12,2
2019,1,1,일본학개론,13,3
2019,1,1,일본학개론,14,1
2019,1,1,일본학개론,15,1
2019,1,1,일본학개론,16,4
2019,1,1,일본학개론,17,2
2019,1,1,일본학개론,18,3
2019,1,1,일본학개론,19,1
2019,1,1,일본학개론,20,2
2019,1,1,일본학개론,21,4
2019,1,1,일본학개론,22,3
2019,1,1,일본학개론,23,4
2019,1,1,일본학개론,24,2
2019,1,1,일본학개론,25,1
2019,1,1,일본학개론,26,1
2019,1,1,일본학개론,27,3
2019,1,1,일본학개론,28,3
2019,1,1,일본학개론,29,1
2019,1,1,일본학개론,30,4
2019,1,1,일본학개론,31,2
2019,1,1,일본학개론,32,2
2019,1,1,일본학개론,33,4
2019,1,1,일본학개론,34,1
2019,1,1,일본학개론,35,3
2019,1,1,민법총칙,1,1
2019,1,1,민법총칙,2,1
2019,1,1,민법총칙,3,4
2019,1,1,민법총칙,4,3
2019,1,1,민법총칙,5,3
2019,1,1,민법총칙,6,3
2019,1,1,민법총칙,7,1
2019,1,1,민법총칙,8,3
2019,1,1,민법총칙,9,2
2019,1,1,민법총칙,10,4
2019,1,1,민법총칙,11,4
2019,1,1,민법총칙,12,3
2019,1,1,민법총칙,13,1
2019,1,1,민법총칙,14,2
2019,1,1,민법총칙,15,3
2019,1,1,민법총칙,16,1
2019,1,1,민법총칙,17,2
2019,1,1,민법총칙,18,3
2019,1,1,민법총칙,19,4
2019,1,1,민법총칙,20,4
2019,1,1,민법총칙,21,1
2019,1,1,민법총칙,22,4
2019,1,1,민법총칙,23,2
2019,1,1,민법총칙,24,2
2019,1,1,민법총칙,25,4
2019,1,1,민법총칙,26,1
2019,1,1,민법총칙,27,4
2019,1,1,민법총칙,28,1
2019,1,1,민법총칙,29,2
2019,1,1,민법총칙,30,1
2019,1,1,민법총칙,31,3
2019,1,1,민법총칙,32,1
2019,1,1,민법총칙,33,1
2019,1,1,민법총칙,34,"2,3,4"
2019,1,1,민법총칙,35,2
2019,1,1,형법총론,1,1
2019,1,1,형법총론,2,2
2019,1,1,형법총론,3,3
2019,1,1,형법총론,4,4
2019,1,1,형법총론,5,3
2019,1,1,형법총론,6,2
2019,1,1,형법총론,7,3
2019,1,1,형법총론,8,4
2019,1,1,형법총론,9,1
2019,1,1,형법총론,10,2
2019,1,1,형법총론,11,3
2019,1,1,형법총론,12,4
2019,1,1,형법총론,13,1
2019,1,1,형법총론,14,2
2019,1,1,형법총론,15,3
2019,1,1,형법총론,16,3
2019,1,1,형법총론,17,4
2019,1,1,형법총론,18,2
2019,1,1,형법총론,19,4
2019,1,1,형법총론,20,1
2019,1,1,형법총론,21,4
2019,1,1,형법총론,22,3
2019,1,1,형법총론,23,1
2019,1,1,형법총론,24,2
2019,1,1,형법총론,25,2
2019,1,1,형법총론,26,1
2019,1,1,형법총론,27,2
2019,1,1,형법총론,28,3
2019,1,1,형법총론,29,2
2019,1,1,형법총론,30,4
2019,1,1,형법총론,31,4
2019,1,1,형법총론,32,2
2019,1,1,형법총론,33,1
2019,1,1,형법총론,34,3
2019,1,1,형법총론,35,4
2019,1,1,헌법의기초,1,3
2019,1,1,헌법의기초,2,3
2019,1,1,헌법의기초,3,4
2019,1,1,헌법의기초,4,1
2019,1,1,헌법의기초,5,1
2019,1,1,헌법의기초,6,3
2019,1,1,헌법의기초,7,2
2019,1,1,헌법의기초,8,1
2019,1,1,헌법의기초,9,2
2019,1,1,헌법의기초,10,4
2019,1,1,헌법의기초,11,4
2019,1,1,헌법의기초,12,3
2019,1,1,헌법의기초,13,3
2019,1,1,헌법의기초,14,1
2019,1,1,헌법의기초,15,2
2019,1,1,헌법의기초,16,4
2019,1,1,헌법의기초,17,3
2019,1,1,헌법의기초,18,3
2019,1,1,헌법의기초,19,3
2019,1,1,헌법의기초,20,4
2019,1,1,헌법의기초,21,4
2019,1,1,헌법의기초,22,2
2019,1,1,헌법의기초,23,2
2019,1,1,헌법의기초,24,1
2019,1,1,헌법의기초,25,1
2019,1,1,행정학개론,1,3
2019,1,1,행정학개론,2,1
2019,1,1,행정학개론,3,4
2019,1,1,행정학개론,4,2
2019,1,1,행정학개론,5,4
2019,1,1,행정학개론,6,3
2019,1,1,행정학개론,7,1
2019,1,1,행정학개론,8,4
2019,1,1,행정학개론,9,2
2019,1,1,행정학개론,10,3
2019,1,1,행정학개론,11,4
2019,1,1,행정학개론,12,1
2019,1,1,행정학개론,13,2
2019,1,1,행정학개론,14,2
2019,1,1,행정학개론,15,3
2019,1,1,행정학개론,16,3
2019,1,1,행정학개론,17,2
2019,1,1,행정학개론,18,2
2019,1,1,행정학개론,19,4
2019,1,1,행정학개론,20,1
2019,1,1,행정학개론,21,3
2019,1,1,행정학개론,22,3
2019,1,1,행정학개론,23,4
2019,1,1,행정학개론,24,1
2019,1,1,행정학개론,25,4
2019,1,1,행정학개론,26,2
2019,1,1,행정학개론,27,3
2019,1,1,행정학개론,28,4
2019,1,1,행정학개론,29,2
2019,1,1,행정학개론,30,4
2019,1,1,행정학개론,31,3
2019,1,1,행정학개론,32,4
2019,1,1,행정학개론,33,2
2019,1,1,행정학개론,34,1
2019,1,1,행정학개론,35,2
2019,1,1,정보사회와행정,1,4
2019,1,1,정보사회와행정,2,1
2019,1,1,정보사회와행정,3,3
2019,1,1,정보사회와행정,4,2
2019,1,1,정보사회와행정,5,1
2019,1,1,정보사회와행정,6,3
2019,1,1,정보사회와행정,7,4
2019,1,1,정보사회와행정,8,3
2019,1,1,정보사회와행정,9,2
2019,1,1,정보사회와행정,10,4
2019,1,1,정보사회와행정,11,4
2019,1,1,정보사회와행정,12,1
2019,1,1,정보사회와행정,13,1
2019,1,1,정보사회와행정,14,3
2019,1,1,정보사회와행정,15,2
2019,1,1,정보사회와행정,16,4
2019,1,1,정보사회와행정,17,3
2019,1,1,정보사회와행정,18,3
2019,1,1,정보사회와행정,19,2
2019,1,1,정보사회와행정,20,4
2019,1,1,정보사회와행정,21,3
2019,1,1,정보사회와행정,22,4
2019,1,1,정보사회와행정,23,3
2019,1,1,정보사회와행정,24,1
2019,1,1,정보사회와행정,25,2
2019,1,1,기초미시경제론,1,1
2019,1,1,기초미시경제론,2,3
2019,1,1,기초미시경제론,3,4
2019,1,1,기초미시경제론,4,1
2019,1,1,기초미시경제론,5,4
2019,1,1,기초미시경제론,6,4
2019,1,1,기초미시경제론,7,4
2019,1,1,기초미시경제론,8,1
2019,1,1,기초미시경제론,9,2
2019,1,1,기초미시경제론,10,1
2019,1,1,기초미시경제론,11,3
2019,1,1,기초미시경제론,12,2
2019,1,1,기초미시경제론,13,1
2019,1,1,기초미시경제론,14,2
2019,1,1,기초미시경제론,15,1
2019,1,1,기초미시경제론,16,4
2019,1,1,기초미시경제론,17,4
2019,1,1,기초미시경제론,18,3
2019,1,1,기초미시경제론,19,1
2019,1,1,기초미시경제론,20,1
2019,1,1,기초미시경제론,21,2
2019,1,1,기초미시경제론,22,3
2019,1,1,기초미시경제론,23,1
2019,1,1,기초미시경제론,24,3
2019,1,1,기초미시경제론,25,2
2019,1,1,기초미시경제론,26,3
2019,1,1,기초미시경제론,27,1
2019,1,1,기초미시경제론,28,3
2019,1,1,기초미시경제론,29,3
2019,1,1,기초미시경제론,30,3
2019,1,1,기초미시경제론,31,4
2019,1,1,기초미시경제론,32,2
2019,1,1,기초미시경제론,33,1
2019,1,1,기초미시경제론,34,1
2019,1,1,기초미시경제론,35,2
2019,1,1,경영학원론,1,1
2019,1,1,경영학원론,2,3
2019,1,1,경영학원론,3,1
2019,1,1,경영학원론,4,4
2019,1,1,경영학원론,5,3
2019,1,1,경영학원론,6,4
2019,1,1,경영학원론,7,1
2019,1,1,경영학원론,8,2
2019,1,1,경영학원론,9,2
2019,1,1,경영학원론,10,2
2019,1,1,경영학원론,11,3
2019,1,1,경영학원론,12,1
2019,1,1,경영학원론,13,4
2019,1,1,경영학원론,14,3
2019,1,1,경영학원론,15,3
2019,1,1,경영학원론,16,3
2019,1,1,경영학원론,17,3
2019,1,1,경영학원론,18,3
2019,1,1,경영학원론,19,1
2019,1,1,경영학원론,20,4
2019,1,1,경영학원론,21,2
2019,1,1,경영학원론,22,1
2019,1,1,경영학원론,23,4
2019,1,1,경영학원론,24,1
2019,1,1,경영학원론,25,1
2019,1,1,경영학원론,26,1
2019,1,1,경영학원론,27,3
2019,1,1,경영학원론,28,3
2019,1,1,경영학원론,29,2
2019,1,1,경영학원론,30,3
2019,1,1,경영학원론,31,4
2019,1,1,경영학원론,32,2
2019,1,1,경영학원론,33,2
2019,1,1,경영학원론,34,3
2019,1,1,경영학원론,35,3
2019,1,1,재무회계원리,1,1
2019,1,1,재무회계원리,2,2
2019,1,1,재무회계원리,3,3
2019,1,1,재무회계원리,4,3
2019,1,1,재무회계원리,5,4
2019,1,1,재무회계원리,6,3
2019,1,1,재무회계원리,7,4
2019,1,1,재무회계원리,8,2
2019,1,1,재무회계원리,9,3
2019,1,1,재무회계원리,10,4
2019,1,1,재무회계원리,11,3
2019,1,1,재무회계원리,12,1
2019,1,1,재무회계원리,13,2
2019,1,1,재무회계원리,14,3
2019,1,1,재무회계원리,15,2
2019,1,1,재무회계원리,16,2
2019,1,1,재무회계원리,17,2
2019,1,1,재무회계원리,18,4
2019,1,1,재무회계원리,19,3
2019,1,1,재무회계원리,20,4
2019,1,1,재무회계원리,21,1
2019,1,1,재무회계원리,22,2
2019,1,1,재무회계원리,23,4
2019,1,1,재무회계원리,24,1
2019,1,1,재무회계원리,25,3
2019,1,1,재무회계원리,26,2
2019,1,1,재무회계원리,27,2
2019,1,1,재무회계원리,28,2
2019,1,1,재무회계원리,29,2
2019,1,1,재무회계원리,30,1
2019,1,1,재무회계원리,31,2
2019,1,1,재무회계원리,32,4
2019,1,1,재무회계원리,33,1
2019,1,1,재무회계원리,34,4
2019,1,1,재무회계원리,35,2
2019,1,1,무역학원론,1,4
2019,1,1,무역학원론,2,2
2019,1,1,무역학원론,3,4
2019,1,1,무역학원론,4,1
2019,1,1,무역학원론,5,4
2019,1,1,무역학원론,6,1
2019,1,1,무역학원론,7,3
2019,1,1,무역학원론,8,2
2019,1,1,무역학원론,9,1
2019,1,1,무역학원론,10,1
2019,1,1,무역학원론,11,2
2019,1,1,무역학원론,12,4
2019,1,1,무역학원론,13,4
2019,1,1,무역학원론,14,1
2019,1,1,무역학원론,15,2
2019,1,1,무역학원론,16,3
2019,1,1,무역학원론,17,2
2019,1,1,무역학원론,18,4
2019,1,1,무역학원론,19,2
2019,1,1,무역학원론,20,1
2019,1,1,무역학원론,21,3
2019,1,1,무역학원론,22,2
2019,1,1,무역학원론,23,2
2019,1,1,무역학원론,24,4
2019,1,1,무역학원론,25,4
2019,1,1,방송의이해,1,2
2019,1,1,방송의이해,2,1
2019,1,1,방송의이해,3,4
2019,1,1,방송의이해,4,1
2019,1,1,방송의이해,5,2
2019,1,1,방송의이해,6,3
2019,1,1,방송의이해,7,3
2019,1,1,방송의이해,8,3
2019,1,1,방송의이해,9,3
2019,1,1,방송의이해,10,2
2019,1,1,방송의이해,11,3
2019,1,1,방송의이해,12,4
2019,1,1,방송의이해,13,2
2019,1,1,방송의이해,14,1
2019,1,1,방송의이해,15,3
2019,1,1,방송의이해,16,2
2019,1,1,방송의이해,17,2
2019,1,1,방송의이해,18,4
2019,1,1,방송의이해,19,1
2019,1,1,방송의이해,20,2
2019,1,1,방송의이해,21,2
2019,1,1,방송의이해,22,2
2019,1,1,방송의이해,23,3
2019,1,1,방송의이해,24,3
2019,1,1,방송의이해,25,2
2019,1,1,방송의이해,26,1
2019,1,1,방송의이해,27,4
2019,1,1,방송의이해,28,4
2019,1,1,방송의이해,29,2
2019,1,1,방송의이해,30,2
2019,1,1,방송의이해,31,4
2019,1,1,방송의이해,32,4
2019,1,1,방송의이해,33,3
2019,1,1,방송의이해,34,4
2019,1,1,방송의이해,35,1
2019,1,1,사진의이해,1,3
2019,1,1,사진의이해,2,4
2019,1,1,사진의이해,3,2
2019,1,1,사진의이해,4,1
2019,1,1,사진의이해,5,1
2019,1,1,사진의이해,6,2
2019,1,1,사진의이해,7,3
2019,1,1,사진의이해,8,4
2019,1,1,사진의이해,9,2
2019,1,1,사진의이해,10,2
2019,1,1,사진의이해,11,4
2019,1,1,사진의이해,12,1
2019,1,1,사진의이해,13,3
2019,1,1,사진의이해,14,1
2019,1,1,사진의이해,15,4
2019,1,1,사진의이해,16,2
2019,1,1,사진의이해,17,1
2019,1,1,사진의이해,18,4
2019,1,1,사진의이해,19,2
2019,1,1,사진의이해,20,3
2019,1,1,사진의이해,21,4
2019,1,1,사진의이해,22,1
2019,1,1,사진의이해,23,2
2019,1,1,사진의이해,24,3
2019,1,1,사진의이해,25,2
2019,1,1,미디어와사회,1,4
2019,1,1,미디어와사회,2,2
2019,1,1,미디어와사회,3,1
2019,1,1,미디어와사회,4,4
2019,1,1,미디어와사회,5,3
2019,1,1,미디어와사회,6,4
2019,1,1,미디어와사회,7,2
2019,1,1,미디어와사회,8,1
2019,1,1,미디어와사회,9,3
2019,1,1,미디어와사회,10,2
2019,1,1,미디어와사회,11,3
2019,1,1,미디어와사회,12,2
2019,1,1,미디어와사회,13,4
2019,1,1,미디어와사회,14,4
2019,1,1,미디어와사회,15,2
2019,1,1,미디어와사회,16,3
2019,1,1,미디어와사회,17,4
2019,1,1,미디어와사회,18,2
2019,1,1,미디어와사회,19,1
2019,1,1,미디어와사회,20,4
2019,1,1,미디어와사회,21,4
2019,1,1,미디어와사회,22,2
2019,1,1,미디어와사회,23,3
2019,1,1,미디어와사회,24,3
2019,1,1,미디어와사회,25,1
2019,1,1,미디어와사회,26,4
2019,1,1,미디어와사회,27,1
2019,1,1,미디어와사회,28,3
2019,1,1,미디어와사회,29,4
2019,1,1,미디어와사회,30,2
2019,1,1,미디어와사회,31,3
2019,1,1,미디어와사회,32,2
2019,1,1,미디어와사회,33,2
2019,1,1,미디어와사회,34,4
2019,1,1,미디어와사회,35,1
2019,1,1,서비스매너,1,3
2019,1,1,서비스매너,2,3
2019,1,1,서비스매너,3,4
2019,1,1,서비스매너,4,2
2019,1,1,서비스매너,5,2
2019,1,1,서비스매너,6,1
2019,1,1,서비스매너,7,3
2019,1,1,서비스매너,8,2
2019,1,1,서비스매너,9,4
2019,1,1,서비스매너,10,4
2019,1,1,서비스매너,11,1
2019,1,1,서비스매너,12,2
2019,1,1,서비스매너,13,1
2019,1,1,서비스매너,14,4
2019,1,1,서비스매너,15,2
2019,1,1,서비스매너,16,3
2019,1,1,서비스매너,17,4
2019,1,1,서비스매너,18,1
2019,1,1,서비스매너,19,2
2019,1,1,서비스매너,20,3
2019,1,1,서비스매너,21,3
2019,1,1,서비스매너,22,1
2019,1,1,서비스매너,23,3
2019,1,1,서비스매너,24,1
2019,1,1,서비스매너,25,2
2019,1,1,서비스매너,26,4
2019,1,1,서비스매너,27,4
2019,1,1,서비스매너,28,2
2019,1,1,서비스매너,29,3
2019,1,1,서비스매너,30,4
2019,1,1,서비스매너,31,1
2019,1,1,서비스매너,32,2
2019,1,1,서비스매너,33,1
2019,1,1,서비스매너,34,3
2019,1,1,서비스매너,35,4
2019,1,1,관광학개론,1,4
2019,1,1,관광학개론,2,2
2019,1,1,관광학개론,3,3
2019,1,1,관광학개론,4,1
2019,1,1,관광학개론,5,3
2019,1,1,관광학개론,6,1
2019,1,1,관광학개론,7,2
2019,1,1,관광학개론,8,4
2019,1,1,관광학개론,9,2
2019,1,1,관광학개론,10,4
2019,1,1,관광학개론,11,4
2019,1,1,관광학개론,12,3
2019,1,1,관광학개론,13,1
2019,1,1,관광학개론,14,4
2019,1,1,관광학개론,15,2
2019,1,1,관광학개론,16,3
2019,1,1,관광학개론,17,1
2019,1,1,관광학개론,18,2
2019,1,1,관광학개론,19,1
2019,1,1,관광학개론,20,3
2019,1,1,관광학개론,21,1
2019,1,1,관광학개론,22,1
2019,1,1,관광학개론,23,3
2019,1,1,관광학개론,24,2
2019,1,1,관광학개론,25,4
2019,1,1,관광학개론,26,3
2019,1,1,관광학개론,27,1
2019,1,1,관광학개론,28,2
2019,1,1,관광학개론,29,4
2019,1,1,관광학개론,30,2
2019,1,1,관광학개론,31,3
2019,1,1,관광학개론,32,3
2019,1,1,관광학개론,33,1
2019,1,1,관광학개론,34,4
2019,1,1,관광학개론,35,2
2019,1,1,한국지리여행,1,1
2019,1,1,한국지리여행,2,4
2019,1,1,한국지리여행,3,2
2019,1,1,한국지리여행,4,3
2019,1,1,한국지리여행,5,3
2019,1,1,한국지리여행,6,1
2019,1,1,한국지리여행,7,2
2019,1,1,한국지리여행,8,2
2019,1,1,한국지리여행,9,4
2019,1,1,한국지리여행,10,2
2019,1,1,한국지리여행,11,1
2019,1,1,한국지리여행,12,3
2019,1,1,한국지리여행,13,3
2019,1,1,한국지리여행,14,4
2019,1,1,한국지리여행,15,1
2019,1,1,한국지리여행,16,2
2019,1,1,한국지리여행,17,4
2019,1,1,한국지리여행,18,3
2019,1,1,한국지리여행,19,4
2019,1,1,한국지리여행,20,3
2019,1,1,한국지리여행,21,1
2019,1,1,한국지리여행,22,1
2019,1,1,한국지리여행,23,2
2019,1,1,한국지리여행,24,4
2019,1,1,한국지리여행,25,2
2019,1,1,한국지리여행,26,2
2019,1,1,한국지리여행,27,4
2019,1,1,한국지리여행,28,2
2019,1,1,한국지리여행,29,2
2019,1,1,한국지리여행,30,4
2019,1,1,한국지리여행,31,"3,4"
2019,1,1,한국지리여행,32,4
2019,1,1,한국지리여행,33,2
2019,1,1,한국지리여행,34,1
2019,1,1,한국지리여행,35,4
2019,1,1,사회복지개론,1,1
2019,1,1,사회복지개론,2,1
2019,1,1,사회복지개론,3,3
2019,1,1,사회복지개론,4,3
2019,1,1,사회복지개론,5,3
2019,1,1,사회복지개론,6,4
2019,1,1,사회복지개론,7,2
2019,1,1,사회복지개론,8,2
2019,1,1,사회복지개론,9,1
2019,1,1,사회복지개론,10,1
2019,1,1,사회복지개론,11,1
2019,1,1,사회복지개론,12,1
2019,1,1,사회복지개론,13,4
2019,1,1,사회복지개론,14,4
2019,1,1,사회복지개론,15,2
2019,1,1,사회복지개론,16,4
2019,1,1,사회복지개론,17,3
2019,1,1,사회복지개론,18,2
2019,1,1,사회복지개론,19,1
2019,1,1,사회복지개론,20,1
2019,1,1,사회복지개론,21,2
2019,1,1,사회복지개론,22,2
2019,1,1,사회복지개론,23,1
2019,1,1,사회복지개론,24,3
2019,1,1,사회복지개론,25,1
2019,1,1,사회복지개론,26,1
2019,1,1,사회복지개론,27,3
2019,1,1,사회복지개론,28,1
2019,1,1,사회복지개론,29,2
2019,1,1,사회복지개론,30,3
2019,1,1,사회복지개론,31,2
2019,1,1,사회복지개론,32,3
2019,1,1,사회복지개론,33,1
2019,1,1,사회복지개론,34,4
2019,1,1,사회복지개론,35,3
2019,1,1,숲과삶,1,1
2019,1,1,숲과삶,2,3
2019,1,1,숲과삶,3,2
2019,1,1,숲과삶,4,4
2019,1,1,숲과삶,5,2
2019,1,1,숲과삶,6,4
2019,1,1,숲과삶,7,1
2019,1,1,숲과삶,8,3
2019,1,1,숲과삶,9,1
2019,1,1,숲과삶,10,4
2019,1,1,숲과삶,11,4
2019,1,1,숲과삶,12,4
2019,1,1,숲과삶,13,4
2019,1,1,숲과삶,14,2
2019,1,1,숲과삶,15,2
2019,1,1,숲과삶,16,3
2019,1,1,숲과삶,17,2
2019,1,1,숲과삶,18,3
2019,1,1,숲과삶,19,4
2019,1,1,숲과삶,20,3
2019,1,1,숲과삶,21,1
2019,1,1,숲과삶,22,2
2019,1,1,숲과삶,23,3
2019,1,1,숲과삶,24,3
2019,1,1,숲과삶,25,1
2019,1,1,숲과삶,26,2
2019,1,1,숲과삶,27,4
2019,1,1,숲과삶,28,3
2019,1,1,숲과삶,29,3
2019,1,1,숲과삶,30,2
2019,1,1,숲과삶,31,2
2019,1,1,숲과삶,32,2
2019,1,1,숲과삶,33,3
2019,1,1,숲과삶,34,4
2019,1,1,숲과삶,35,1
2019,1,1,농학원론,1,2
2019,1,1,농학원론,2,4
2019,1,1,농학원론,3,3
2019,1,1,농학원론,4,4
2019,1,1,농학원론,5,"1,2"
2019,1,1,농학원론,6,1
2019,1,1,농학원론,7,4
2019,1,1,농학원론,8,1
2019,1,1,농학원론,9,3
2019,1,1,농학원론,10,2
2019,1,1,농학원론,11,3
2019,1,1,농학원론,12,4
2019,1,1,농학원론,13,3
2019,1,1,농학원론,14,3
2019,1,1,농학원론,15,4
2019,1,1,농학원론,16,1
2019,1,1,농학원론,17,2
2019,1,1,농학원론,18,1
2019,1,1,농학원론,19,2
2019,1,1,농학원론,20,4
2019,1,1,농학원론,21,3
2019,1,1,농학원론,22,1
2019,1,1,농학원론,23,2
2019,1,1,농학원론,24,1
2019,1,1,농학원론,25,3
2019,1,1,농학원론,26,4
2019,1,1,농학원론,27,2
2019,1,1,농학원론,28,1
2019,1,1,농학원론,29,3
2019,1,1,농학원론,30,4
2019,1,1,농학원론,31,2
2019,1,1,농학원론,32,1
2019,1,1,농학원론,33,2
2019,1,1,농학원론,34,4
2019,1,1,농학원론,35,3
2019,1,1,원예학,1,1
2019,1,1,원예학,2,2
2019,1,1,원예학,3,"2,4"
2019,1,1,원예학,4,4
2019,1,1,원예학,5,3
2019,1,1,원예학,6,4
2019,1,1,원예학,7,4
2019,1,1,원예학,8,2
2019,1,1,원예학,9,1
2019,1,1,원예학,10,2
2019,1,1,원예학,11,3
2019,1,1,원예학,12,4
2019,1,1,원예학,13,2
2019,1,1,원예학,14,3
2019,1,1,원예학,15,4
2019,1,1,원예학,16,3
2019,1,1,원예학,17,2
2019,1,1,원예학,18,2
2019,1,1,원예학,19,4
2019,1,1,원예학,20,1
2019,1,1,원예학,21,3
2019,1,1,원예학,22,4
2019,1,1,원예학,23,3
2019,1,1,원예학,24,"1,2,3,4"
2019,1,1,원예학,25,2
2019,1,1,원예학,26,4
2019,1,1,원예학,27,2
2019,1,1,원예학,28,1
2019,1,1,원예학,29,1
2019,1,1,원예학,30,4
2019,1,1,원예학,31,3
2019,1,1,원예학,32,4
2019,1,1,원예학,33,1
2019,1,1,원예학,34,4
2019,1,1,원예학,35,"1,2,3"
2019,1,1,영양과건강,1,1
2019,1,1,영양과건강,2,4
2019,1,1,영양과건강,3,1
2019,1,1,영양과건강,4,1
2019,1,1,영양과건강,5,4
2019,1,1,영양과건강,6,3
2019,1,1,영양과건강,7,2
2019,1,1,영양과건강,8,2
2019,1,1,영양과건강,9,3
2019,1,1,영양과건강,10,2
2019,1,1,영양과건강,11,1
2019,1,1,영양과건강,12,1
2019,1,1,영양과건강,13,1
2019,1,1,영양과건강,14,2
2019,1,1,영양과건강,15,2
2019,1,1,영양과건강,16,3
2019,1,1,영양과건강,17,4
2019,1,1,영양과건강,18,1
2019,1,1,영양과건강,19,4
2019,1,1,영양과건강,20,2
2019,1,1,영양과건강,21,3
2019,1,1,영양과건강,22,2
2019,1,1,영양과건강,23,1
2019,1,1,영양과건강,24,4
2019,1,1,영양과건강,25,1
2019,1,1,영양과건강,26,2
2019,1,1,영양과건강,27,1
2019,1,1,영양과건강,28,3
2019,1,1,영양과건강,29,3
2019,1,1,영양과건강,30,1
2019,1,1,영양과건강,31,4
2019,1,1,영양과건강,32,2
2019,1,1,영양과건강,33,1
2019,1,1,영양과건강,34,4
2019,1,1,영양과건강,35,3
2019,1,1,패션과문화,1,4
2019,1,1,패션과문화,2,4
2019,1,1,패션과문화,3,2
2019,1,1,패션과문화,4,3
2019,1,1,패션과문화,5,2
2019,1,1,패션과문화,6,1
2019,1,1,패션과문화,7,4
2019,1,1,패션과문화,8,1
2019,1,1,패션과문화,9,1
2019,1,1,패션과문화,10,4
2019,1,1,패션과문화,11,3
2019,1,1,패션과문화,12,4
2019,1,1,패션과문화,13,3
2019,1,1,패션과문화,14,4
2019,1,1,패션과문화,15,4
2019,1,1,패션과문화,16,1
2019,1,1,패션과문화,17,3
2019,1,1,패션과문화,18,2
2019,1,1,패션과문화,19,4
2019,1,1,패션과문화,20,2
2019,1,1,패션과문화,21,1
2019,1,1,패션과문화,22,3
2019,1,1,패션과문화,23,1
2019,1,1,패션과문화,24,1
2019,1,1,패션과문화,25,3
2019,1,1,패션과문화,26,4
2019,1,1,패션과문화,27,1
2019,1,1,패션과문화,28,2
2019,1,1,패션과문화,29,2
2019,1,1,패션과문화,30,3
2019,1,1,패션과문화,31,2
2019,1,1,패션과문화,32,4
2019,1,1,패션과문화,33,2
2019,1,1,패션과문화,34,4
2019,1,1,패션과문화,35,3
2019,1,1,가족자원관리학,1,1
2019,1,1,가족자원관리학,2,4
2019,1,1,가족자원관리학,3,"3,4"
2019,1,1,가족자원관리학,4,1
2019,1,1,가족자원관리학,5,2
2019,1,1,가족자원관리학,6,3
2019,1,1,가족자원관리학,7,1
2019,1,1,가족자원관리학,8,1
2019,1,1,가족자원관리학,9,4
2019,1,1,가족자원관리학,10,2
2019,1,1,가족자원관리학,11,1
2019,1,1,가족자원관리학,12,1
2019,1,1,가족자원관리학,13,2
2019,1,1,가족자원관리학,14,3
2019,1,1,가족자원관리학,15,3
2019,1,1,가족자원관리학,16,4
2019,1,1,가족자원관리학,17,2
2019,1,1,가족자원관리학,18,3
2019,1,1,가족자원관리학,19,4
2019,1,1,가족자원관리학,20,3
2019,1,1,가족자원관리학,21,4
2019,1,1,가족자원관리학,22,1
2019,1,1,가족자원관리학,23,4
2019,1,1,가족자원관리학,24,1
2019,1,1,가족자원관리학,25,2
2019,1,1,가족자원관리학,26,2
2019,1,1,가족자원관리학,27,3
2019,1,1,가족자원관리학,28,2
2019,1,1,가족자원관리학,29,4
2019,1,1,가족자원관리학,30,1
2019,1,1,가족자원관리학,31,3
2019,1,1,가족자원관리학,32,"1,3"
2019,1,1,가족자원관리학,33,2
2019,1,1,가족자원관리학,34,3
2019,1,1,가족자원관리학,35,2
2019,1,1,유비쿼터스컴퓨팅개론,1,1
2019,1,1,유비쿼터스컴퓨팅개론,2,4
2019,1,1,유비쿼터스컴퓨팅개론,3,4
2019,1,1,유비쿼터스컴퓨팅개론,4,2
2019,1,1,유비쿼터스컴퓨팅개론,5,1
2019,1,1,유비쿼터스컴퓨팅개론,6,3
2019,1,1,유비쿼터스컴퓨팅개론,7,4
2019,1,1,유비쿼터스컴퓨팅개론,8,3
2019,1,1,유비쿼터스컴퓨팅개론,9,3
2019,1,1,유비쿼터스컴퓨팅개론,10,3
2019,1,1,유비쿼터스컴퓨팅개론,11,4
2019,1,1,유비쿼터스컴퓨팅개론,12,4
2019,1,1,유비쿼터스컴퓨팅개론,13,4
2019,1,1,유비쿼터스컴퓨팅개론,14,1
2019,1,1,유비쿼터스컴퓨팅개론,15,2
2019,1,1,유비쿼터스컴퓨팅개론,16,2
2019,1,1,유비쿼터스컴퓨팅개론,17,2
2019,1,1,유비쿼터스컴퓨팅개론,18,3
2019,1,1,유비쿼터스컴퓨팅개론,19,3
2019,1,1,유비쿼터스컴퓨팅개론,20,4
2019,1,1,유비쿼터스컴퓨팅개론,21,4
2019,1,1,유비쿼터스컴퓨팅개론,22,4
2019,1,1,유비쿼터스컴퓨팅개론,23,4
2019,1,1,유비쿼터스컴퓨팅개론,24,4
2019,1,1,유비쿼터스컴퓨팅개론,25,2
2019,1,1,유비쿼터스컴퓨팅개론,26,1
2019,1,1,유비쿼터스컴퓨팅개론,27,1
2019,1,1,유비쿼터스컴퓨팅개론,28,4
2019,1,1,유비쿼터스컴퓨팅개론,29,3
2019,1,1,유비쿼터스컴퓨팅개론,30,1
2019,1,1,유비쿼터스컴퓨팅개론,31,2
2019,1,1,유비쿼터스컴퓨팅개론,32,3
2019,1,1,유비쿼터스컴퓨팅개론,33,3
2019,1,1,유비쿼터스컴퓨팅개론,34,1
2019,1,1,유비쿼터스컴퓨팅개론,35,4
2019,1,1,컴퓨터의이해,1,4
2019,1,1,컴퓨터의이해,2,1
2019,1,1,컴퓨터의이해,3,2
2019,1,1,컴퓨터의이해,4,4
2019,1,1,컴퓨터의이해,5,3
2019,1,1,컴퓨터의이해,6,2
2019,1,1,컴퓨터의이해,7,1
2019,1,1,컴퓨터의이해,8,3
2019,1,1,컴퓨터의이해,9,4
2019,1,1,컴퓨터의이해,10,2
2019,1,1,컴퓨터의이해,11,1
2019,1,1,컴퓨터의이해,12,4
2019,1,1,컴퓨터의이해,13,3
2019,1,1,컴퓨터의이해,14,2
2019,1,1,컴퓨터의이해,15,3
2019,1,1,컴퓨터의이해,16,4
2019,1,1,컴퓨터의이해,17,1
2019,1,1,컴퓨터의이해,18,4
2019,1,1,컴퓨터의이해,19,1
2019,1,1,컴퓨터의이해,20,2
2019,1,1,컴퓨터의이해,21,3
2019,1,1,컴퓨터의이해,22,1
2019,1,1,컴퓨터의이해,23,2
2019,1,1,컴퓨터의이해,24,3
2019,1,1,컴퓨터의이해,25,4
2019,1,1,컴퓨터의이해,26,1
2019,1,1,컴퓨터의이해,27,3
2019,1,1,컴퓨터의이해,28,4
2019,1,1,컴퓨터의이해,29,2
2019,1,1,컴퓨터의이해,30,1
2019,1,1,컴퓨터의이해,31,3
2019,1,1,컴퓨터의이해,32,2
2019,1,1,컴퓨터의이해,33,4
2019,1,1,컴퓨터의이해,34,3
2019,1,1,컴퓨터의이해,35,4
2019,1,1,인터넷과정보사회,1,4
2019,1,1,인터넷과정보사회,2,3
2019,1,1,인터넷과정보사회,3,4
2019,1,1,인터넷과정보사회,4,1
2019,1,1,인터넷과정보사회,5,2
2019,1,1,인터넷과정보사회,6,3
2019,1,1,인터넷과정보사회,7,1
2019,1,1,인터넷과정보사회,8,3
2019,1,1,인터넷과정보사회,9,2
2019,1,1,인터넷과정보사회,10,1
2019,1,1,인터넷과정보사회,11,4
2019,1,1,인터넷과정보사회,12,2
2019,1,1,인터넷과정보사회,13,3
2019,1,1,인터넷과정보사회,14,3
2019,1,1,인터넷과정보사회,15,1
2019,1,1,인터넷과정보사회,16,4
2019,1,1,인터넷과정보사회,17,3
2019,1,1,인터넷과정보사회,18,2
2019,1,1,인터넷과정보사회,19,1
2019,1,1,인터넷과정보사회,20,4
2019,1,1,인터넷과정보사회,21,2
2019,1,1,인터넷과정보사회,22,4
2019,1,1,인터넷과정보사회,23,3
2019,1,1,인터넷과정보사회,24,1
2019,1,1,인터넷과정보사회,25,2
2019,1,1,C프로그래밍,1,1
2019,1,1,C프로그래밍,2,4
2019,1,1,C프로그래밍,3,1
2019,1,1,C프로그래밍,4,4
2019,1,1,C프로그래밍,5,2
2019,1,1,C프로그래밍,6,3
2019,1,1,C프로그래밍,7,1
2019,1,1,C프로그래밍,8,3
2019,1,1,C프로그래밍,9,1
2019,1,1,C프로그래밍,10,2
2019,1,1,C프로그래밍,11,4
2019,1,1,C프로그래밍,12,3
2019,1,1,C프로그래밍,13,2
2019,1,1,C프로그래밍,14,3
2019,1,1,C프로그래밍,15,4
2019,1,1,C프로그래밍,16,1
2019,1,1,C프로그래밍,17,3
2019,1,1,C프로그래밍,18,3
2019,1,1,C프로그래밍,19,4
2019,1,1,C프로그래밍,20,3
2019,1,1,C프로그래밍,21,2
2019,1,1,C프로그래밍,22,3
2019,1,1,C프로그래밍,23,1
2019,1,1,C프로그래밍,24,2
2019,1,1,C프로그래밍,25,2
2019,1,1,데이터정보처리입문,1,1
2019,1,1,데이터정보처리입문,2,3
2019,1,1,데이터정보처리입문,3,3
2019,1,1,데이터정보처리입문,4,2
2019,1,1,데이터정보처리입문,5,2
2019,1,1,데이터정보처리입문,6,4
2019,1,1,데이터정보처리입문,7,3
2019,1,1,데이터정보처리입문,8,2
2019,1,1,데이터정보처리입문,9,4
2019,1,1,데이터정보처리입문,10,2
2019,1,1,데이터정보처리입문,11,4
2019,1,1,데이터정보처리입문,12,1
2019,1,1,데이터정보처리입문,13,4
2019,1,1,데이터정보처리입문,14,4
2019,1,1,데이터정보처리입문,15,1
2019,1,1,데이터정보처리입문,16,2
2019,1,1,데이터정보처리입문,17,4
2019,1,1,데이터정보처리입문,18,2
2019,1,1,데이터정보처리입문,19,4
2019,1,1,데이터정보처리입문,20,3
2019,1,1,데이터정보처리입문,21,1
2019,1,1,데이터정보처리입문,22,3
2019,1,1,데이터정보처리입문,23,3
2019,1,1,데이터정보처리입문,24,4
2019,1,1,데이터정보처리입문,25,2
2019,1,1,R컴퓨팅,1,4
2019,1,1,R컴퓨팅,2,3
2019,1,1,R컴퓨팅,3,4
2019,1,1,R컴퓨팅,4,3
2019,1,1,R컴퓨팅,5,3
2019,1,1,R컴퓨팅,6,2
2019,1,1,R컴퓨팅,7,3
2019,1,1,R컴퓨팅,8,4
2019,1,1,R컴퓨팅,9,2
2019,1,1,R컴퓨팅,10,1
2019,1,1,R컴퓨팅,11,3
2019,1,1,R컴퓨팅,12,4
2019,1,1,R컴퓨팅,13,4
2019,1,1,R컴퓨팅,14,2
2019,1,1,R컴퓨팅,15,4
2019,1,1,R컴퓨팅,16,3
2019,1,1,R컴퓨팅,17,4
2019,1,1,R컴퓨팅,18,4
2019,1,1,R컴퓨팅,19,1
2019,1,1,R컴퓨팅,20,2
2019,1,1,R컴퓨팅,21,2
2019,1,1,R컴퓨팅,22,4
2019,1,1,R컴퓨팅,23,2
2019,1,1,R컴퓨팅,24,3
2019,1,1,R컴퓨팅,25,3
2019,1,1,보건영양,1,1
2019,1,1,보건영양,2,4
2019,1,1,보건영양,3,4
2019,1,1,보건영양,4,3
2019,1,1,보건영양,5,2
2019,1,1,보건영양,6,1
2019,1,1,보건영양,7,3
2019,1,1,보건영양,8,4
2019,1,1,보건영양,9,4
2019,1,1,보건영양,10,1
2019,1,1,보건영양,11,3
2019,1,1,보건영양,12,3
2019,1,1,보건영양,13,4
2019,1,1,보건영양,14,2
2019,1,1,보건영양,15,2
2019,1,1,보건영양,16,4
2019,1,1,보건영양,17,1
2019,1,1,보건영양,18,3
2019,1,1,보건영양,19,3
2019,1,1,보건영양,20,4
2019,1,1,보건영양,21,2
2019,1,1,보건영양,22,1
2019,1,1,보건영양,23,3
2019,1,1,보건영양,24,2
2019,1,1,보건영양,25,1
2019,1,1,보건영양,26,3
2019,1,1,보건영양,27,2
2019,1,1,보건영양,28,4
2019,1,1,보건영양,29,1
2019,1,1,보건영양,30,2
2019,1,1,보건영양,31,3
2019,1,1,보건영양,32,4
2019,1,1,보건영양,33,2
2019,1,1,보건영양,34,1
2019,1,1,보건영양,35,3
2019,1,1,환경보건학개론,1,1
2019,1,1,환경보건학개론,2,2
2019,1,1,환경보건학개론,3,4
2019,1,1,환경보건학개론,4,3
2019,1,1,환경보건학개론,5,3
2019,1,1,환경보건학개론,6,4
2019,1,1,환경보건학개론,7,1
2019,1,1,환경보건학개론,8,1
2019,1,1,환경보건학개론,9,2
2019,1,1,환경보건학개론,10,2
2019,1,1,환경보건학개론,11,1
2019,1,1,환경보건학개론,12,4
2019,1,1,환경보건학개론,13,1
2019,1,1,환경보건학개론,14,1
2019,1,1,환경보건학개론,15,2
2019,1,1,환경보건학개론,16,3
2019,1,1,환경보건학개론,17,4
2019,1,1,환경보건학개론,18,4
2019,1,1,환경보건학개론,19,2
2019,1,1,환경보건학개론,20,4
2019,1,1,환경보건학개론,21,3
2019,1,1,환경보건학개론,22,1
2019,1,1,환경보건학개론,23,3
2019,1,1,환경보건학개론,24,1
2019,1,1,환경보건학개론,25,4
2019,1,1,환경보건학개론,26,2
2019,1,1,환경보건학개론,27,2
2019,1,1,환경보건학개론,28,4
2019,1,1,환경보건학개론,29,2
2019,1,1,환경보건학개론,30,1
2019,1,1,환경보건학개론,31,2
2019,1,1,환경보건학개론,32,4
2019,1,1,환경보건학개론,33,1
2019,1,1,환경보건학개론,34,3
2019,1,1,환경보건학개론,35,4
2019,1,1,공중보건학,1,3
2019,1,1,공중보건학,2,1
2019,1,1,공중보건학,3,2
2019,1,1,공중보건학,4,4
2019,1,1,공중보건학,5,1
2019,1,1,공중보건학,6,4
2019,1,1,공중보건학,7,3
2019,1,1,공중보건학,8,2
2019,1,1,공중보건학,9,3
2019,1,1,공중보건학,10,1
2019,1,1,공중보건학,11,2
2019,1,1,공중보건학,12,4
2019,1,1,공중보건학,13,3
2019,1,1,공중보건학,14,1
2019,1,1,공중보건학,15,4
2019,1,1,공중보건학,16,3
2019,1,1,공중보건학,17,2
2019,1,1,공중보건학,18,4
2019,1,1,공중보건학,19,1
2019,1,1,공중보건학,20,3
2019,1,1,공중보건학,21,2
2019,1,1,공중보건학,22,2
2019,1,1,공중보건학,23,3
2019,1,1,공중보건학,24,4
2019,1,1,공중보건학,25,3
2019,1,1,공중보건학,26,4
2019,1,1,공중보건학,27,3
2019,1,1,공중보건학,28,1
2019,1,1,공중보건학,29,2
2019,1,1,공중보건학,30,2
2019,1,1,공중보건학,31,1
2019,1,1,공중보건학,32,4
2019,1,1,공중보건학,33,1
2019,1,1,공중보건학,34,3
2019,1,1,공중보건학,35,4
2019,1,1,생활과건강,1,2
2019,1,1,생활과건강,2,4
2019,1,1,생활과건강,3,3
2019,1,1,생활과건강,4,1
2019,1,1,생활과건강,5,1
2019,1,1,생활과건강,6,4
2019,1,1,생활과건강,7,2
2019,1,1,생활과건강,8,1
2019,1,1,생활과건강,9,3
2019,1,1,생활과건강,10,2
2019,1,1,생활과건강,11,2
2019,1,1,생활과건강,12,1
2019,1,1,생활과건강,13,4
2019,1,1,생활과건강,14,4
2019,1,1,생활과건강,15,2
2019,1,1,생활과건강,16,3
2019,1,1,생활과건강,17,1
2019,1,1,생활과건강,18,3
2019,1,1,생활과건강,19,4
2019,1,1,생활과건강,20,2
2019,1,1,생활과건강,21,4
2019,1,1,생활과건강,22,3
2019,1,1,생활과건강,23,1
2019,1,1,생활과건강,24,3
2019,1,1,생활과건강,25,1
2019,1,1,생활과건강,26,4
2019,1,1,생활과건강,27,2
2019,1,1,생활과건강,28,1
2019,1,1,생활과건강,29,2
2019,1,1,생활과건강,30,4
2019,1,1,생활과건강,31,2
2019,1,1,생활과건강,32,1
2019,1,1,생활과건강,33,4
2019,1,1,생활과건강,34,1
2019,1,1,생활과건강,35,3
2019,1,1,평생교육론,1,3
2019,1,1,평생교육론,2,1
2019,1,1,평생교육론,3,1
2019,1,1,평생교육론,4,4
2019,1,1,평생교육론,5,3
2019,1,1,평생교육론,6,2
2019,1,1,평생교육론,7,1
2019,1,1,평생교육론,8,2
2019,1,1,평생교육론,9,2
2019,1,1,평생교육론,10,4
2019,1,1,평생교육론,11,3
2019,1,1,평생교육론,12,4
2019,1,1,평생교육론,13,2
2019,1,1,평생교육론,14,4
2019,1,1,평생교육론,15,1
2019,1,1,평생교육론,16,2
2019,1,1,평생교육론,17,1
2019,1,1,평생교육론,18,1
2019,1,1,평생교육론,19,2
2019,1,1,평생교육론,20,3
2019,1,1,평생교육론,21,1
2019,1,1,평생교육론,22,4
2019,1,1,평생교육론,23,"1,2,3,4"
2019,1,1,평생교육론,24,4
2019,1,1,평생교육론,25,1
2019,1,1,평생교육론,26,1
2019,1,1,평생교육론,27,2
2019,1,1,평생교육론,28,4
2019,1,1,평생교육론,29,1
2019,1,1,평생교육론,30,3
2019,1,1,평생교육론,31,2
2019,1,1,평생교육론,32,4
2019,1,1,평생교육론,33,2
2019,1,1,평생교육론,34,3
2019,1,1,평생교육론,35,3
2019,1,1,교육의이해,1,3
2019,1,1,교육의이해,2,3
2019,1,1,교육의이해,3,1
2019,1,1,교육의이해,4,2
2019,1,1,교육의이해,5,4
2019,1,1,교육의이해,6,1
2019,1,1,교육의이해,7,4
2019,1,1,교육의이해,8,3
2019,1,1,교육의이해,9,2
2019,1,1,교육의이해,10,4
2019,1,1,교육의이해,11,2
2019,1,1,교육의이해,12,1
2019,1,1,교육의이해,13,3
2019,1,1,교육의이해,14,3
2019,1,1,교육의이해,15,4
2019,1,1,교육의이해,16,1
2019,1,1,교육의이해,17,1
2019,1,1,교육의이해,18,2
2019,1,1,교육의이해,19,2
2019,1,1,교육의이해,20,1
2019,1,1,교육의이해,21,1
2019,1,1,교육의이해,22,4
2019,1,1,교육의이해,23,2
2019,1,1,교육의이해,24,2
2019,1,1,교육의이해,25,4
2019,1,1,교육의이해,26,3
2019,1,1,교육의이해,27,1
2019,1,1,교육의이해,28,4
2019,1,1,교육의이해,29,1
2019,1,1,교육의이해,30,3
2019,1,1,교육의이해,31,2
2019,1,1,교육의이해,32,2
2019,1,1,교육의이해,33,1
2019,1,1,교육의이해,34,3
2019,1,1,교육의이해,35,2
2019,1,1,생애발달과교육,1,3
2019,1,1,생애발달과교육,2,3
2019,1,1,생애발달과교육,3,1
2019,1,1,생애발달과교육,4,2
2019,1,1,생애발달과교육,5,4
2019,1,1,생애발달과교육,6,2
2019,1,1,생애발달과교육,7,3
2019,1,1,생애발달과교육,8,1
2019,1,1,생애발달과교육,9,1
2019,1,1,생애발달과교육,10,2
2019,1,1,생애발달과교육,11,4
2019,1,1,생애발달과교육,12,4
2019,1,1,생애발달과교육,13,2
2019,1,1,생애발달과교육,14,3
2019,1,1,생애발달과교육,15,1
2019,1,1,생애발달과교육,16,3
2019,1,1,생애발달과교육,17,1
2019,1,1,생애발달과교육,18,4
2019,1,1,생애발달과교육,19,1
2019,1,1,생애발달과교육,20,2
2019,1,1,생애발달과교육,21,2
2019,1,1,생애발달과교육,22,2
2019,1,1,생애발달과교육,23,4
2019,1,1,생애발달과교육,24,3
2019,1,1,생애발달과교육,25,1
2019,1,1,생애발달과교육,26,4
2019,1,1,생애발달과교육,27,4
2019,1,1,생애발달과교육,28,1
2019,1,1,생애발달과교육,29,3
2019,1,1,생애발달과교육,30,3
2019,1,1,생애발달과교육,31,2
2019,1,1,생애발달과교육,32,1
2019,1,1,생애발달과교육,33,1
2019,1,1,생애발달과교육,34,3
2019,1,1,생애발달과교육,35,2
2019,1,1,발달심리,1,2
2019,1,1,발달심리,2,1
2019,1,1,발달심리,3,3
2019,1,1,발달심리,4,3
2019,1,1,발달심리,5,2
2019,1,1,발달심리,6,1
2019,1,1,발달심리,7,3
2019,1,1,발달심리,8,4
2019,1,1,발달심리,9,4
2019,1,1,발달심리,10,3
2019,1,1,발달심리,11,2
2019,1,1,발달심리,12,4
2019,1,1,발달심리,13,1
2019,1,1,발달심리,14,3
2019,1,1,발달심리,15,3
2019,1,1,발달심리,16,2
2019,1,1,발달심리,17,2
2019,1,1,발달심리,18,3
2019,1,1,발달심리,19,3
2019,1,1,발달심리,20,1
2019,1,1,발달심리,21,4
2019,1,1,발달심리,22,4
2019,1,1,발달심리,23,4
2019,1,1,발달심리,24,2
2019,1,1,발달심리,25,4
2019,1,1,발달심리,26,1
2019,1,1,발달심리,27,3
2019,1,1,발달심리,28,1
2019,1,1,발달심리,29,3
2019,1,1,발달심리,30,2
2019,1,1,발달심리,31,2
2019,1,1,발달심리,32,4
2019,1,1,발달심리,33,3
2019,1,1,발달심리,34,4
2019,1,1,발달심리,35,2
2019,1,1,청소년문화,1,3
2019,1,1,청소년문화,2,3
2019,1,1,청소년문화,3,4
2019,1,1,청소년문화,4,3
2019,1,1,청소년문화,5,2
2019,1,1,청소년문화,6,3
2019,1,1,청소년문화,7,1
2019,1,1,청소년문화,8,1
2019,1,1,청소년문화,9,4
2019,1,1,청소년문화,10,3
2019,1,1,청소년문화,11,3
2019,1,1,청소년문화,12,4
2019,1,1,청소년문화,13,3
2019,1,1,청소년문화,14,4
2019,1,1,청소년문화,15,3
2019,1,1,청소년문화,16,4
2019,1,1,청소년문화,17,2
2019,1,1,청소년문화,18,2
2019,1,1,청소년문화,19,4
2019,1,1,청소년문화,20,2
2019,1,1,청소년문화,21,1
2019,1,1,청소년문화,22,3
2019,1,1,청소년문화,23,1
2019,1,1,청소년문화,24,1
2019,1,1,청소년문화,25,3
2019,1,1,청소년문화,26,3
2019,1,1,청소년문화,27,4
2019,1,1,청소년문화,28,4
2019,1,1,청소년문화,29,4
2019,1,1,청소년문화,30,1
2019,1,1,청소년문화,31,4
2019,1,1,청소년문화,32,1
2019,1,1,청소년문화,33,1
2019,1,1,청소년문화,34,4
2019,1,1,청소년문화,35,4
2019,1,1,청소년교육개론,1,1
2019,1,1,청소년교육개론,2,4
2019,1,1,청소년교육개론,3,2
2019,1,1,청소년교육개론,4,2
2019,1,1,청소년교육개론,5,3
2019,1,1,청소년교육개론,6,4
2019,1,1,청소년교육개론,7,3
2019,1,1,청소년교육개론,8,2
2019,1,1,청소년교육개론,9,3
2019,1,1,청소년교육개론,10,4
2019,1,1,청소년교육개론,11,3
2019,1,1,청소년교육개론,12,2
2019,1,1,청소년교육개론,13,2
2019,1,1,청소년교육개론,14,1
2019,1,1,청소년교육개론,15,3
2019,1,1,청소년교육개론,16,4
2019,1,1,청소년교육개론,17,2
2019,1,1,청소년교육개론,18,2
2019,1,1,청소년교육개론,19,3
2019,1,1,청소년교육개론,20,1
2019,1,1,청소년교육개론,21,3
2019,1,1,청소년교육개론,22,4
2019,1,1,청소년교육개론,23,3
2019,1,1,청소년교육개론,24,2
2019,1,1,청소년교육개론,25,1
2019,1,1,청소년교육개론,26,4
2019,1,1,청소년교육개론,27,4
2019,1,1,청소년교육개론,28,1
2019,1,1,청소년교육개론,29,4
2019,1,1,청소년교육개론,30,2
2019,1,1,청소년교육개론,31,3
2019,1,1,청소년교육개론,32,1
2019,1,1,청소년교육개론,33,1
2019,1,1,청소년교육개론,34,2
2019,1,1,청소년교육개론,35,4
2019,1,1,유아발달,1,2
2019,1,1,유아발달,2,3
2019,1,1,유아발달,3,4
2019,1,1,유아발달,4,3
2019,1,1,유아발달,5,1
2019,1,1,유아발달,6,3
2019,1,1,유아발달,7,2
2019,1,1,유아발달,8,2
2019,1,1,유아발달,9,3
2019,1,1,유아발달,10,4
2019,1,1,유아발달,11,1
2019,1,1,유아발달,12,4
2019,1,1,유아발달,13,3
2019,1,1,유아발달,14,1
2019,1,1,유아발달,15,4
2019,1,1,유아발달,16,2
2019,1,1,유아발달,17,4
2019,1,1,유아발달,18,1
2019,1,1,유아발달,19,3
2019,1,1,유아발달,20,2
2019,1,1,유아발달,21,4
2019,1,1,유아발달,22,1
2019,1,1,유아발달,23,2
2019,1,1,유아발달,24,3
2019,1,1,유아발달,25,1
2019,1,1,유아발달,26,4
2019,1,1,유아발달,27,2
2019,1,1,유아발달,28,2
2019,1,1,유아발달,29,1
2019,1,1,유아발달,30,4
2019,1,1,유아발달,31,2
2019,1,1,유아발달,32,1
2019,1,1,유아발달,33,2
2019,1,1,유아발달,34,4
2019,1,1,유아발달,35,2
2019,1,1,유아교육론,1,2
2019,1,1,유아교육론,2,4
2019,1,1,유아교육론,3,1
2019,1,1,유아교육론,4,1
2019,1,1,유아교육론,5,2
2019,1,1,유아교육론,6,3
2019,1,1,유아교육론,7,1
2019,1,1,유아교육론,8,2
2019,1,1,유아교육론,9,4
2019,1,1,유아교육론,10,1
2019,1,1,유아교육론,11,1
2019,1,1,유아교육론,12,3
2019,1,1,유아교육론,13,4
2019,1,1,유아교육론,14,3
2019,1,1,유아교육론,15,2
2019,1,1,유아교육론,16,1
2019,1,1,유아교육론,17,2
2019,1,1,유아교육론,18,1
2019,1,1,유아교육론,19,4
2019,1,1,유아교육론,20,2
2019,1,1,유아교육론,21,1
2019,1,1,유아교육론,22,1
2019,1,1,유아교육론,23,3
2019,1,1,유아교육론,24,2
2019,1,1,유아교육론,25,3
2019,1,1,유아교육론,26,2
2019,1,1,유아교육론,27,2
2019,1,1,유아교육론,28,2
2019,1,1,유아교육론,29,4
2019,1,1,유아교육론,30,3
2019,1,1,유아교육론,31,3
2019,1,1,유아교육론,32,4
2019,1,1,유아교육론,33,2
2019,1,1,유아교육론,34,2
2019,1,1,유아교육론,35,1
2019,1,1,아동관찰및행동연구,1,2
2019,1,1,아동관찰및행동연구,2,1
2019,1,1,아동관찰및행동연구,3,1
2019,1,1,아동관찰및행동연구,4,1
2019,1,1,아동관찰및행동연구,5,2
2019,1,1,아동관찰및행동연구,6,2
2019,1,1,아동관찰및행동연구,7,4
2019,1,1,아동관찰및행동연구,8,2
2019,1,1,아동관찰및행동연구,9,4
2019,1,1,아동관찰및행동연구,10,4
2019,1,1,아동관찰및행동연구,11,3
2019,1,1,아동관찰및행동연구,12,3
2019,1,1,아동관찰및행동연구,13,4
2019,1,1,아동관찰및행동연구,14,4
2019,1,1,아동관찰및행동연구,15,1
2019,1,1,아동관찰및행동연구,16,3
2019,1,1,아동관찰및행동연구,17,4
2019,1,1,아동관찰및행동연구,18,3
2019,1,1,아동관찰및행동연구,19,3
2019,1,1,아동관찰및행동연구,20,3
2019,1,1,아동관찰및행동연구,21,4
2019,1,1,아동관찰및행동연구,22,2
2019,1,1,아동관찰및행동연구,23,2
2019,1,1,아동관찰및행동연구,24,4
2019,1,1,아동관찰및행동연구,25,1
2019,1,1,아동관찰및행동연구,26,4
2019,1,1,아동관찰및행동연구,27,4
2019,1,1,아동관찰및행동연구,28,1
2019,1,1,아동관찰및행동연구,29,3
2019,1,1,아동관찰및행동연구,30,3
2019,1,1,아동관찰및행동연구,31,1
2019,1,1,아동관찰및행동연구,32,2
2019,1,1,아동관찰및행동연구,33,3
2019,1,1,아동관찰및행동연구,34,3
2019,1,1,아동관찰및행동연구,35,4
2019,1,1,영아발달,1,3
2019,1,1,영아발달,2,2
2019,1,1,영아발달,3,2
2019,1,1,영아발달,4,1
2019,1,1,영아발달,5,1
2019,1,1,영아발달,6,3
2019,1,1,영아발달,7,2
2019,1,1,영아발달,8,4
2019,1,1,영아발달,9,3
2019,1,1,영아발달,10,2
2019,1,1,영아발달,11,1
2019,1,1,영아발달,12,1
2019,1,1,영아발달,13,2
2019,1,1,영아발달,14,1
2019,1,1,영아발달,15,4
2019,1,1,영아발달,16,2
2019,1,1,영아발달,17,2
2019,1,1,영아발달,18,2
2019,1,1,영아발달,19,3
2019,1,1,영아발달,20,2
2019,1,1,영아발달,21,2
2019,1,1,영아발달,22,1
2019,1,1,영아발달,23,3
2019,1,1,영아발달,24,1
2019,1,1,영아발달,25,3
2019,1,1,영아발달,26,2
2019,1,1,영아발달,27,4
2019,1,1,영아발달,28,2
2019,1,1,영아발달,29,4
2019,1,1,영아발달,30,2
2019,1,1,영아발달,31,2
2019,1,1,영아발달,32,4
2019,1,1,영아발달,33,4
2019,1,1,영아발달,34,1
2019,1,1,영아발달,35,3
2019,1,1,고전함께읽기,1,4
2019,1,1,고전함께읽기,2,2
2019,1,1,고전함께읽기,3,1
2019,1,1,고전함께읽기,4,3
2019,1,1,고전함께읽기,5,4
2019,1,1,고전함께읽기,6,1
2019,1,1,고전함께읽기,7,3
2019,1,1,고전함께읽기,8,2
2019,1,1,고전함께읽기,9,2
2019,1,1,고전함께읽기,10,3
2019,1,1,고전함께읽기,11,4
2019,1,1,고전함께읽기,12,1
2019,1,1,고전함께읽기,13,3
2019,1,1,고전함께읽기,14,4
2019,1,1,고전함께읽기,15,2
2019,1,1,고전함께읽기,16,1
2019,1,1,고전함께읽기,17,2
2019,1,1,고전함께읽기,18,1
2019,1,1,고전함께읽기,19,3
2019,1,1,고전함께읽기,20,2
2019,1,1,고전함께읽기,21,3
2019,1,1,고전함께읽기,22,2
2019,1,1,고전함께읽기,23,1
2019,1,1,고전함께읽기,24,4
2019,1,1,고전함께읽기,25,2
2019,1,1,고전함께읽기,26,1
2019,1,1,고전함께읽기,27,4
2019,1,1,고전함께읽기,28,3
2019,1,1,고전함께읽기,29,2
2019,1,1,고전함께읽기,30,1
2019,1,1,고전함께읽기,31,3
2019,1,1,고전함께읽기,32,4
2019,1,1,고전함께읽기,33,1
2019,1,1,고전함께읽기,34,2
2019,1,1,고전함께읽기,35,1
2019,1,1,영화로생각하기,1,2
2019,1,1,영화로생각하기,2,3
2019,1,1,영화로생각하기,3,4
2019,1,1,영화로생각하기,4,1
2019,1,1,영화로생각하기,5,4
2019,1,1,영화로생각하기,6,2
2019,1,1,영화로생각하기,7,4
2019,1,1,영화로생각하기,8,2
2019,1,1,영화로생각하기,9,3
2019,1,1,영화로생각하기,10,2
2019,1,1,영화로생각하기,11,2
2019,1,1,영화로생각하기,12,3
2019,1,1,영화로생각하기,13,4
2019,1,1,영화로생각하기,14,2
2019,1,1,영화로생각하기,15,1
2019,1,1,영화로생각하기,16,2
2019,1,1,영화로생각하기,17,2
2019,1,1,영화로생각하기,18,2
2019,1,1,영화로생각하기,19,1
2019,1,1,영화로생각하기,20,2
2019,1,1,영화로생각하기,21,4
2019,1,1,영화로생각하기,22,4
2019,1,1,영화로생각하기,23,1
2019,1,1,영화로생각하기,24,4
2019,1,1,영화로생각하기,25,3
2019,1,1,영화로생각하기,26,1
2019,1,1,영화로생각하기,27,3
2019,1,1,영화로생각하기,28,4
2019,1,1,영화로생각하기,29,2
2019,1,1,영화로생각하기,30,3
2019,1,1,영화로생각하기,31,1
2019,1,1,영화로생각하기,32,1
2019,1,1,영화로생각하기,33,1
2019,1,1,영화로생각하기,34,3
2019,1,1,영화로생각하기,35,4
2019,1,1,대중문화의이해,1,2
2019,1,1,대중문화의이해,2,4
2019,1,1,대중문화의이해,3,2
2019,1,1,대중문화의이해,4,1
2019,1,1,대중문화의이해,5,4
2019,1,1,대중문화의이해,6,2
2019,1,1,대중문화의이해,7,3
2019,1,1,대중문화의이해,8,1
2019,1,1,대중문화의이해,9,3
2019,1,1,대중문화의이해,10,2
2019,1,1,대중문화의이해,11,4
2019,1,1,대중문화의이해,12,3
2019,1,1,대중문화의이해,13,2
2019,1,1,대중문화의이해,14,1
2019,1,1,대중문화의이해,15,3
2019,1,1,대중문화의이해,16,4
2019,1,1,대중문화의이해,17,2
2019,1,1,대중문화의이해,18,1
2019,1,1,대중문화의이해,19,3
2019,1,1,대중문화의이해,20,1
2019,1,1,대중문화의이해,21,2
2019,1,1,대중문화의이해,22,3
2019,1,1,대중문화의이해,23,4
2019,1,1,대중문화의이해,24,3
2019,1,1,대중문화의이해,25,1
2019,1,1,대중문화의이해,26,3
2019,1,1,대중문화의이해,27,4
2019,1,1,대중문화의이해,28,2
2019,1,1,대중문화의이해,29,4
2019,1,1,대중문화의이해,30,1
2019,1,1,대중문화의이해,31,3
2019,1,1,대중문화의이해,32,4
2019,1,1,대중문화의이해,33,1
2019,1,1,대중문화의이해,34,3
2019,1,1,대중문화의이해,35,1
2019,1,1,세계의역사,1,"1,2,3,4"
2019,1,1,세계의역사,2,2
2019,1,1,세계의역사,3,3
2019,1,1,세계의역사,4,4
2019,1,1,세계의역사,5,3
2019,1,1,세계의역사,6,4
2019,1,1,세계의역사,7,3
2019,1,1,세계의역사,8,3
2019,1,1,세계의역사,9,2
2019,1,1,세계의역사,10,1
2019,1,1,세계의역사,11,1
2019,1,1,세계의역사,12,1
2019,1,1,세계의역사,13,4
2019,1,1,세계의역사,14,4
2019,1,1,세계의역사,15,4
2019,1,1,세계의역사,16,3
2019,1,1,세계의역사,17,4
2019,1,1,세계의역사,18,1
2019,1,1,세계의역사,19,2
2019,1,1,세계의역사,20,3
2019,1,1,세계의역사,21,2
2019,1,1,세계의역사,22,2
2019,1,1,세계의역사,23,1
2019,1,1,세계의역사,24,4
2019,1,1,세계의역사,25,4
2019,1,1,세계의역사,26,2
2019,1,1,세계의역사,27,1
2019,1,1,세계의역사,28,3
2019,1,1,세계의역사,29,3
2019,1,1,세계의역사,30,2
2019,1,1,세계의역사,31,1
2019,1,1,세계의역사,32,1
2019,1,1,세계의역사,33,3
2019,1,1,세계의역사,34,4
2019,1,1,세계의역사,35,1
2019,1,1,문화와교양,1,4
2019,1,1,문화와교양,2,2
2019,1,1,문화와교양,3,3
2019,1,1,문화와교양,4,1
2019,1,1,문화와교양,5,4
2019,1,1,문화와교양,6,2
2019,1,1,문화와교양,7,1
2019,1,1,문화와교양,8,4
2019,1,1,문화와교양,9,2
2019,1,1,문화와교양,10,3
2019,1,1,문화와교양,11,3
2019,1,1,문화와교양,12,1
2019,1,1,문화와교양,13,4
2019,1,1,문화와교양,14,2
2019,1,1,문화와교양,15,4
2019,1,1,문화와교양,16,3
2019,1,1,문화와교양,17,4
2019,1,1,문화와교양,18,3
2019,1,1,문화와교양,19,1
2019,1,1,문화와교양,20,2
2019,1,1,문화와교양,21,4
2019,1,1,문화와교양,22,2
2019,1,1,문화와교양,23,3
2019,1,1,문화와교양,24,2
2019,1,1,문화와교양,25,4
2019,1,1,문화와교양,26,1
2019,1,1,문화와교양,27,2
2019,1,1,문화와교양,28,4
2019,1,1,문화와교양,29,2
2019,1,1,문화와교양,30,4
2019,1,1,문화와교양,31,2
2019,1,1,문화와교양,32,2
2019,1,1,문화와교양,33,1
2019,1,1,문화와교양,34,3
2019,1,1,문화와교양,35,1
2019,1,2,언어와생활,1,3
2019,1,2,언어와생활,2,1
2019,1,2,언어와생활,3,1
2019,1,2,언어와생활,4,2
2019,1,2,언어와생활,5,4
2019,1,2,언어와생활,6,2
2019,1,2,언어와생활,7,3
2019,1,2,언어와생활,8,1
2019,1,2,언어와생활,9,4
2019,1,2,언어와생활,10,3
2019,1,2,언어와생활,11,1
2019,1,2,언어와생활,12,2
2019,1,2,언어와생활,13,3
2019,1,2,언어와생활,14,4
2019,1,2,언어와생활,15,2
2019,1,2,언어와생활,16,1
2019,1,2,언어와생활,17,"1,2"
2019,1,2,언어와생활,18,3
2019,1,2,언어와생활,19,4
2019,1,2,언어와생활,20,4
2019,1,2,언어와생활,21,2
2019,1,2,언어와생활,22,1
2019,1,2,언어와생활,23,3
2019,1,2,언어와생활,24,1
2019,1,2,언어와생활,25,2
2019,1,2,언어와생활,26,4
2019,1,2,언어와생활,27,3
2019,1,2,언어와생활,28,1
2019,1,2,언어와생활,29,4
2019,1,2,언어와생활,30,4
2019,1,2,언어와생활,31,2
2019,1,2,언어와생활,32,3
2019,1,2,언어와생활,33,1
2019,1,2,언어와생활,34,2
2019,1,2,언어와생활,35,3
2019,1,2,한국근대작가론,1,4
2019,1,2,한국근대작가론,2,3
2019,1,2,한국근대작가론,3,3
2019,1,2,한국근대작가론,4,1
2019,1,2,한국근대작가론,5,2
2019,1,2,한국근대작가론,6,2
2019,1,2,한국근대작가론,7,3
2019,1,2,한국근대작가론,8,4
2019,1,2,한국근대작가론,9,2
2019,1,2,한국근대작가론,10,3
2019,1,2,한국근대작가론,11,1
2019,1,2,한국근대작가론,12,4
2019,1,2,한국근대작가론,13,3
2019,1,2,한국근대작가론,14,2
2019,1,2,한국근대작가론,15,1
2019,1,2,한국근대작가론,16,3
2019,1,2,한국근대작가론,17,3
2019,1,2,한국근대작가론,18,2
2019,1,2,한국근대작가론,19,3
2019,1,2,한국근대작가론,20,2
2019,1,2,한국근대작가론,21,2
2019,1,2,한국근대작가론,22,2
2019,1,2,한국근대작가론,23,4
2019,1,2,한국근대작가론,24,1
2019,1,2,한국근대작가론,25,1
2019,1,2,한국근대작가론,26,1
2019,1,2,한국근대작가론,27,4
2019,1,2,한국근대작가론,28,3
2019,1,2,한국근대작가론,29,4
2019,1,2,한국근대작가론,30,2
2019,1,2,한국근대작가론,31,4
2019,1,2,한국근대작가론,32,2
2019,1,2,한국근대작가론,33,3
2019,1,2,한국근대작가론,34,4
2019,1,2,한국근대작가론,35,3
2019,1,2,국문학의역사,1,1
2019,1,2,국문학의역사,2,1
2019,1,2,국문학의역사,3,1
2019,1,2,국문학의역사,4,2
2019,1,2,국문학의역사,5,4
2019,1,2,국문학의역사,6,3
2019,1,2,국문학의역사,7,2
2019,1,2,국문학의역사,8,1
2019,1,2,국문학의역사,9,2
2019,1,2,국문학의역사,10,2
2019,1,2,국문학의역사,11,4
2019,1,2,국문학의역사,12,4
2019,1,2,국문학의역사,13,2
2019,1,2,국문학의역사,14,2
2019,1,2,국문학의역사,15,3
2019,1,2,국문학의역사,16,1
2019,1,2,국문학의역사,17,2
2019,1,2,국문학의역사,18,2
2019,1,2,국문학의역사,19,2
2019,1,2,국문학의역사,20,3
2019,1,2,국문학의역사,21,2
2019,1,2,국문학의역사,22,3
2019,1,2,국문학의역사,23,3
2019,1,2,국문학의역사,24,3
2019,1,2,국문학의역사,25,4
2019,1,2,국문학의역사,26,1
2019,1,2,국문학의역사,27,1
2019,1,2,국문학의역사,28,3
2019,1,2,국문학의역사,29,1
2019,1,2,국문학의역사,30,3
2019,1,2,국문학의역사,31,4
2019,1,2,국문학의역사,32,4
2019,1,2,국문학의역사,33,3
2019,1,2,국문학의역사,34,3
2019,1,2,국문학의역사,35,2
2019,1,2,영문법의활용,1,3
2019,1,2,영문법의활용,2,1
2019,1,2,영문법의활용,3,4
2019,1,2,영문법의활용,4,1
2019,1,2,영문법의활용,5,3
2019,1,2,영문법의활용,6,2
2019,1,2,영문법의활용,7,1
2019,1,2,영문법의활용,8,4
2019,1,2,영문법의활용,9,4
2019,1,2,영문법의활용,10,3
2019,1,2,영문법의활용,11,4
2019,1,2,영문법의활용,12,2
2019,1,2,영문법의활용,13,2
2019,1,2,영문법의활용,14,4
2019,1,2,영문법의활용,15,3
2019,1,2,영문법의활용,16,3
2019,1,2,영문법의활용,17,4
2019,1,2,영문법의활용,18,1
2019,1,2,영문법의활용,19,4
2019,1,2,영문법의활용,20,1
2019,1,2,영문법의활용,21,3
2019,1,2,영문법의활용,22,4
2019,1,2,영문법의활용,23,2
2019,1,2,영문법의활용,24,1
2019,1,2,영문법의활용,25,4
2019,1,2,영문법의활용,26,2
2019,1,2,영문법의활용,27,1
2019,1,2,영문법의활용,28,3
2019,1,2,영문법의활용,29,4
2019,1,2,영문법의활용,30,2
2019,1,2,영문법의활용,31,3
2019,1,2,영문법의활용,32,2
2019,1,2,영문법의활용,33,1
2019,1,2,영문법의활용,34,4
2019,1,2,영문법의활용,35,4
2019,1,2,시사영어,1,3
2019,1,2,시사영어,2,1
2019,1,2,시사영어,3,4
2019,1,2,시사영어,4,2
2019,1,2,시사영어,5,4
2019,1,2,시사영어,6,3
2019,1,2,시사영어,7,1
2019,1,2,시사영어,8,1
2019,1,2,시사영어,9,3
2019,1,2,시사영어,10,1
2019,1,2,시사영어,11,4
2019,1,2,시사영어,12,2
2019,1,2,시사영어,13,4
2019,1,2,시사영어,14,1
2019,1,2,시사영어,15,3
2019,1,2,시사영어,16,2
2019,1,2,시사영어,17,3
2019,1,2,시사영어,18,3
2019,1,2,시사영어,19,3
2019,1,2,시사영어,20,2
2019,1,2,시사영어,21,4
2019,1,2,시사영어,22,2
2019,1,2,시사영어,23,1
2019,1,2,시사영어,24,4
2019,1,2,시사영어,25,1
2019,1,2,시사영어,26,2
2019,1,2,시사영어,27,2
2019,1,2,시사영어,28,4
2019,1,2,시사영어,29,3
2019,1,2,시사영어,30,1
2019,1,2,시사영어,31,3
2019,1,2,시사영어,32,2
2019,1,2,시사영어,33,1
2019,1,2,시사영어,34,2
2019,1,2,시사영어,35,3
2019,1,2,영미산문,1,4
2019,1,2,영미산문,2,2
2019,1,2,영미산문,3,1
2019,1,2,영미산문,4,3
2019,1,2,영미산문,5,2
2019,1,2,영미산문,6,3
2019,1,2,영미산문,7,4
2019,1,2,영미산문,8,4
2019,1,2,영미산문,9,3
2019,1,2,영미산문,10,4
2019,1,2,영미산문,11,2
2019,1,2,영미산문,12,2
2019,1,2,영미산문,13,3
2019,1,2,영미산문,14,4
2019,1,2,영미산문,15,4
2019,1,2,영미산문,16,1
2019,1,2,영미산문,17,3
2019,1,2,영미산문,18,1
2019,1,2,영미산문,19,2
2019,1,2,영미산문,20,1
2019,1,2,영미산문,21,4
2019,1,2,영미산문,22,2
2019,1,2,영미산문,23,1
2019,1,2,영미산문,24,1
2019,1,2,영미산문,25,4
2019,1,2,영미산문,26,3
2019,1,2,영미산문,27,3
2019,1,2,영미산문,28,2
2019,1,2,영미산문,29,3
2019,1,2,영미산문,30,2
2019,1,2,영미산문,31,4
2019,1,2,영미산문,32,1
2019,1,2,영미산문,33,3
2019,1,2,영미산문,34,1
2019,1,2,영미산문,35,1
2019,1,2,집중중국어,1,2
2019,1,2,집중중국어,2,3
2019,1,2,집중중국어,3,4
2019,1,2,집중중국어,4,1
2019,1,2,집중중국어,5,3
2019,1,2,집중중국어,6,1
2019,1,2,집중중국어,7,1
2019,1,2,집중중국어,8,4
2019,1,2,집중중국어,9,2
2019,1,2,집중중국어,10,4
2019,1,2,집중중국어,11,4
2019,1,2,집중중국어,12,1
2019,1,2,집중중국어,13,3
2019,1,2,집중중국어,14,2
2019,1,2,집중중국어,15,1
2019,1,2,집중중국어,16,4
2019,1,2,집중중국어,17,2
2019,1,2,집중중국어,18,3
2019,1,2,집중중국어,19,1
2019,1,2,집중중국어,20,1
2019,1,2,집중중국어,21,2
2019,1,2,집중중국어,22,4
2019,1,2,집중중국어,23,3
2019,1,2,집중중국어,24,3
2019,1,2,집중중국어,25,2
2019,1,2,집중중국어,26,3
2019,1,2,집중중국어,27,4
2019,1,2,집중중국어,28,2
2019,1,2,집중중국어,29,1
2019,1,2,집중중국어,30,1
2019,1,2,집중중국어,31,3
2019,1,2,집중중국어,32,4
2019,1,2,집중중국어,33,2
2019,1,2,집중중국어,34,2
2019,1,2,집중중국어,35,4
2019,1,2,중급중국어1,1,1
2019,1,2,중급중국어1,2,1
2019,1,2,중급중국어1,3,3
2019,1,2,중급중국어1,4,1
2019,1,2,중급중국어1,5,3
2019,1,2,중급중국어1,6,2
2019,1,2,중급중국어1,7,3
2019,1,2,중급중국어1,8,1
2019,1,2,중급중국어1,9,2
2019,1,2,중급중국어1,10,2
2019,1,2,중급중국어1,11,3
2019,1,2,중급중국어1,12,2
2019,1,2,중급중국어1,13,2
2019,1,2,중급중국어1,14,1
2019,1,2,중급중국어1,15,2
2019,1,2,중급중국어1,16,3
2019,1,2,중급중국어1,17,4
2019,1,2,중급중국어1,18,4
2019,1,2,중급중국어1,19,4
2019,1,2,중급중국어1,20,3
2019,1,2,중급중국어1,21,1
2019,1,2,중급중국어1,22,3
2019,1,2,중급중국어1,23,4
2019,1,2,중급중국어1,24,4
2019,1,2,중급중국어1,25,1
2019,1,2,초급한문,1,2
2019,1,2,초급한문,2,4
2019,1,2,초급한문,3,1
2019,1,2,초급한문,4,2
2019,1,2,초급한문,5,1
2019,1,2,초급한문,6,4
2019,1,2,초급한문,7,3
2019,1,2,초급한문,8,2
2019,1,2,초급한문,9,3
2019,1,2,초급한문,10,3
2019,1,2,초급한문,11,2
2019,1,2,초급한문,12,2
2019,1,2,초급한문,13,2
2019,1,2,초급한문,14,2
2019,1,2,초급한문,15,4
2019,1,2,초급한문,16,4
2019,1,2,초급한문,17,3
2019,1,2,초급한문,18,4
2019,1,2,초급한문,19,2
2019,1,2,초급한문,20,2
2019,1,2,초급한문,21,2
2019,1,2,초급한문,22,1
2019,1,2,초급한문,23,2
2019,1,2,초급한문,24,3
2019,1,2,초급한문,25,2
2019,1,2,초급한문,26,4
2019,1,2,초급한문,27,4
2019,1,2,초급한문,28,2
2019,1,2,초급한문,29,4
2019,1,2,초급한문,30,4
2019,1,2,초급한문,31,3
2019,1,2,초급한문,32,2
2019,1,2,초급한문,33,1
2019,1,2,초급한문,34,1
2019,1,2,초급한문,35,4
2019,1,2,중국어중급회화,1,2
2019,1,2,중국어중급회화,2,4
2019,1,2,중국어중급회화,3,4
2019,1,2,중국어중급회화,4,1
2019,1,2,중국어중급회화,5,4
2019,1,2,중국어중급회화,6,3
2019,1,2,중국어중급회화,7,4
2019,1,2,중국어중급회화,8,4
2019,1,2,중국어중급회화,9,2
2019,1,2,중국어중급회화,10,3
2019,1,2,중국어중급회화,11,3
2019,1,2,중국어중급회화,12,2
2019,1,2,중국어중급회화,13,4
2019,1,2,중국어중급회화,14,1
2019,1,2,중국어중급회화,15,1
2019,1,2,중국어중급회화,16,2
2019,1,2,중국어중급회화,17,3
2019,1,2,중국어중급회화,18,1
2019,1,2,중국어중급회화,19,4
2019,1,2,중국어중급회화,20,1
2019,1,2,중국어중급회화,21,1
2019,1,2,중국어중급회화,22,4
2019,1,2,중국어중급회화,23,3
2019,1,2,중국어중급회화,24,4
2019,1,2,중국어중급회화,25,4
2019,1,2,중국어중급회화,26,3
2019,1,2,중국어중급회화,27,3
2019,1,2,중국어중급회화,28,1
2019,1,2,중국어중급회화,29,2
2019,1,2,중국어중급회화,30,4
2019,1,2,중국어중급회화,31,3
2019,1,2,중국어중급회화,32,3
2019,1,2,중국어중급회화,33,4
2019,1,2,중국어중급회화,34,2
2019,1,2,중국어중급회화,35,1
2019,1,2,프랑스산문,1,3
2019,1,2,프랑스산문,2,4
2019,1,2,프랑스산문,3,1
2019,1,2,프랑스산문,4,3
2019,1,2,프랑스산문,5,2
2019,1,2,프랑스산문,6,4
2019,1,2,프랑스산문,7,3
2019,1,2,프랑스산문,8,3
2019,1,2,프랑스산문,9,2
2019,1,2,프랑스산문,10,4
2019,1,2,프랑스산문,11,4
2019,1,2,프랑스산문,12,3
2019,1,2,프랑스산문,13,2
2019,1,2,프랑스산문,14,3
2019,1,2,프랑스산문,15,2
2019,1,2,프랑스산문,16,3
2019,1,2,프랑스산문,17,2
2019,1,2,프랑스산문,18,4
2019,1,2,프랑스산문,19,3
2019,1,2,프랑스산문,20,2
2019,1,2,프랑스산문,21,3
2019,1,2,프랑스산문,22,3
2019,1,2,프랑스산문,23,2
2019,1,2,프랑스산문,24,1
2019,1,2,프랑스산문,25,4
2019,1,2,프랑스산문,26,2
2019,1,2,프랑스산문,27,4
2019,1,2,프랑스산문,28,3
2019,1,2,프랑스산문,29,4
2019,1,2,프랑스산문,30,3
2019,1,2,프랑스산문,31,3
2019,1,2,프랑스산문,32,3
2019,1,2,프랑스산문,33,3
2019,1,2,프랑스산문,34,1
2019,1,2,프랑스산문,35,3
2019,1,2,프랑스어의구조1,1,2
2019,1,2,프랑스어의구조1,2,1
2019,1,2,프랑스어의구조1,3,4
2019,1,2,프랑스어의구조1,4,3
2019,1,2,프랑스어의구조1,5,3
2019,1,2,프랑스어의구조1,6,1
2019,1,2,프랑스어의구조1,7,4
2019,1,2,프랑스어의구조1,8,2
2019,1,2,프랑스어의구조1,9,3
2019,1,2,프랑스어의구조1,10,3
2019,1,2,프랑스어의구조1,11,2
2019,1,2,프랑스어의구조1,12,1
2019,1,2,프랑스어의구조1,13,4
2019,1,2,프랑스어의구조1,14,3
2019,1,2,프랑스어의구조1,15,2
2019,1,2,프랑스어의구조1,16,2
2019,1,2,프랑스어의구조1,17,3
2019,1,2,프랑스어의구조1,18,3
2019,1,2,프랑스어의구조1,19,3
2019,1,2,프랑스어의구조1,20,1
2019,1,2,프랑스어의구조1,21,4
2019,1,2,프랑스어의구조1,22,1
2019,1,2,프랑스어의구조1,23,1
2019,1,2,프랑스어의구조1,24,1
2019,1,2,프랑스어의구조1,25,4
2019,1,2,프랑스어의구조1,26,3
2019,1,2,프랑스어의구조1,27,2
2019,1,2,프랑스어의구조1,28,2
2019,1,2,프랑스어의구조1,29,1
2019,1,2,프랑스어의구조1,30,4
2019,1,2,프랑스어의구조1,31,1
2019,1,2,프랑스어의구조1,32,3
2019,1,2,프랑스어의구조1,33,4
2019,1,2,프랑스어의구조1,34,4
2019,1,2,프랑스어의구조1,35,4
2019,1,2,프랑스어듣기와말하기A2,1,3
2019,1,2,프랑스어듣기와말하기A2,2,4
2019,1,2,프랑스어듣기와말하기A2,3,4
2019,1,2,프랑스어듣기와말하기A2,4,2
2019,1,2,프랑스어듣기와말하기A2,5,3
2019,1,2,프랑스어듣기와말하기A2,6,4
2019,1,2,프랑스어듣기와말하기A2,7,2
2019,1,2,프랑스어듣기와말하기A2,8,2
2019,1,2,프랑스어듣기와말하기A2,9,2
2019,1,2,프랑스어듣기와말하기A2,10,1
2019,1,2,프랑스어듣기와말하기A2,11,1
2019,1,2,프랑스어듣기와말하기A2,12,4
2019,1,2,프랑스어듣기와말하기A2,13,3
2019,1,2,프랑스어듣기와말하기A2,14,3
2019,1,2,프랑스어듣기와말하기A2,15,1
2019,1,2,프랑스어듣기와말하기A2,16,2
2019,1,2,프랑스어듣기와말하기A2,17,4
2019,1,2,프랑스어듣기와말하기A2,18,2
2019,1,2,프랑스어듣기와말하기A2,19,3
2019,1,2,프랑스어듣기와말하기A2,20,4
2019,1,2,프랑스어듣기와말하기A2,21,4
2019,1,2,프랑스어듣기와말하기A2,22,3
2019,1,2,프랑스어듣기와말하기A2,23,3
2019,1,2,프랑스어듣기와말하기A2,24,1
2019,1,2,프랑스어듣기와말하기A2,25,4
2019,1,2,프랑스어듣기와말하기A2,26,3
2019,1,2,프랑스어듣기와말하기A2,27,1
2019,1,2,프랑스어듣기와말하기A2,28,1
2019,1,2,프랑스어듣기와말하기A2,29,4
2019,1,2,프랑스어듣기와말하기A2,30,1
2019,1,2,프랑스어듣기와말하기A2,31,3
2019,1,2,프랑스어듣기와말하기A2,32,4
2019,1,2,프랑스어듣기와말하기A2,33,2
2019,1,2,프랑스어듣기와말하기A2,34,2
2019,1,2,프랑스어듣기와말하기A2,35,2
2019,1,2,일본근세근현대사,1,3
2019,1,2,일본근세근현대사,2,3
2019,1,2,일본근세근현대사,3,1
2019,1,2,일본근세근현대사,4,4
2019,1,2,일본근세근현대사,5,2
2019,1,2,일본근세근현대사,6,3
2019,1,2,일본근세근현대사,7,2
2019,1,2,일본근세근현대사,8,4
2019,1,2,일본근세근현대사,9,1
2019,1,2,일본근세근현대사,10,2
2019,1,2,일본근세근현대사,11,2
2019,1,2,일본근세근현대사,12,1
2019,1,2,일본근세근현대사,13,2
2019,1,2,일본근세근현대사,14,4
2019,1,2,일본근세근현대사,15,3
2019,1,2,일본근세근현대사,16,"1,2,3,4"
2019,1,2,일본근세근현대사,17,2
2019,1,2,일본근세근현대사,18,4
2019,1,2,일본근세근현대사,19,3
2019,1,2,일본근세근현대사,20,1
2019,1,2,일본근세근현대사,21,3
2019,1,2,일본근세근현대사,22,4
2019,1,2,일본근세근현대사,23,1
2019,1,2,일본근세근현대사,24,3
2019,1,2,일본근세근현대사,25,4
2019,1,2,일본어문장연습,1,3
2019,1,2,일본어문장연습,2,2
2019,1,2,일본어문장연습,3,4
2019,1,2,일본어문장연습,4,1
2019,1,2,일본어문장연습,5,2
2019,1,2,일본어문장연습,6,4
2019,1,2,일본어문장연습,7,1
2019,1,2,일본어문장연습,8,3
2019,1,2,일본어문장연습,9,4
2019,1,2,일본어문장연습,10,2
2019,1,2,일본어문장연습,11,2
2019,1,2,일본어문장연습,12,1
2019,1,2,일본어문장연습,13,4
2019,1,2,일본어문장연습,14,3
2019,1,2,일본어문장연습,15,1
2019,1,2,일본어문장연습,16,2
2019,1,2,일본어문장연습,17,4
2019,1,2,일본어문장연습,18,3
2019,1,2,일본어문장연습,19,1
2019,1,2,일본어문장연습,20,1
2019,1,2,일본어문장연습,21,2
2019,1,2,일본어문장연습,22,3
2019,1,2,일본어문장연습,23,1
2019,1,2,일본어문장연습,24,3
2019,1,2,일본어문장연습,25,4
2019,1,2,일본어문장연습,26,3
2019,1,2,일본어문장연습,27,1
2019,1,2,일본어문장연습,28,2
2019,1,2,일본어문장연습,29,4
2019,1,2,일본어문장연습,30,3
2019,1,2,일본어문장연습,31,3
2019,1,2,일본어문장연습,32,1
2019,1,2,일본어문장연습,33,4
2019,1,2,일본어문장연습,34,2
2019,1,2,일본어문장연습,35,1
2019,1,2,일본어활용1,1,4
2019,1,2,일본어활용1,2,3
2019,1,2,일본어활용1,3,4
2019,1,2,일본어활용1,4,1
2019,1,2,일본어활용1,5,2
2019,1,2,일본어활용1,6,2
2019,1,2,일본어활용1,7,4
2019,1,2,일본어활용1,8,4
2019,1,2,일본어활용1,9,2
2019,1,2,일본어활용1,10,1
2019,1,2,일본어활용1,11,3
2019,1,2,일본어활용1,12,2
2019,1,2,일본어활용1,13,3
2019,1,2,일본어활용1,14,1
2019,1,2,일본어활용1,15,2
2019,1,2,일본어활용1,16,4
2019,1,2,일본어활용1,17,1
2019,1,2,일본어활용1,18,4
2019,1,2,일본어활용1,19,3
2019,1,2,일본어활용1,20,1
2019,1,2,일본어활용1,21,2
2019,1,2,일본어활용1,22,3
2019,1,2,일본어활용1,23,1
2019,1,2,일본어활용1,24,3
2019,1,2,일본어활용1,25,3
2019,1,2,일본어활용1,26,4
2019,1,2,일본어활용1,27,2
2019,1,2,일본어활용1,28,3
2019,1,2,일본어활용1,29,3
2019,1,2,일본어활용1,30,1
2019,1,2,일본어활용1,31,2
2019,1,2,일본어활용1,32,"1,2,3,4"
2019,1,2,일본어활용1,33,"1,4"
2019,1,2,일본어활용1,34,4
2019,1,2,일본어활용1,35,4
2019,1,2,상법기초,1,2
2019,1,2,상법기초,2,3
2019,1,2,상법기초,3,4
2019,1,2,상법기초,4,3
2019,1,2,상법기초,5,2
2019,1,2,상법기초,6,1
2019,1,2,상법기초,7,2
2019,1,2,상법기초,8,3
2019,1,2,상법기초,9,4
2019,1,2,상법기초,10,3
2019,1,2,상법기초,11,2
2019,1,2,상법기초,12,1
2019,1,2,상법기초,13,2
2019,1,2,상법기초,14,3
2019,1,2,상법기초,15,4
2019,1,2,상법기초,16,3
2019,1,2,상법기초,17,2
2019,1,2,상법기초,18,1
2019,1,2,상법기초,19,2
2019,1,2,상법기초,20,3
2019,1,2,상법기초,21,4
2019,1,2,상법기초,22,3
2019,1,2,상법기초,23,2
2019,1,2,상법기초,24,1
2019,1,2,상법기초,25,2
2019,1,2,상법기초,26,3
2019,1,2,상법기초,27,4
2019,1,2,상법기초,28,3
2019,1,2,상법기초,29,2
2019,1,2,상법기초,30,1
2019,1,2,상법기초,31,2
2019,1,2,상법기초,32,3
2019,1,2,상법기초,33,4
2019,1,2,상법기초,34,3
2019,1,2,상법기초,35,2
2019,1,2,채권법,1,2
2019,1,2,채권법,2,4
2019,1,2,채권법,3,2
2019,1,2,채권법,4,2
2019,1,2,채권법,5,3
2019,1,2,채권법,6,1
2019,1,2,채권법,7,3
2019,1,2,채권법,8,3
2019,1,2,채권법,9,1
2019,1,2,채권법,10,4
2019,1,2,채권법,11,4
2019,1,2,채권법,12,1
2019,1,2,채권법,13,3
2019,1,2,채권법,14,2
2019,1,2,채권법,15,4
2019,1,2,채권법,16,4
2019,1,2,채권법,17,3
2019,1,2,채권법,18,2
2019,1,2,채권법,19,2
2019,1,2,채권법,20,1
2019,1,2,채권법,21,3
2019,1,2,채권법,22,4
2019,1,2,채권법,23,4
2019,1,2,채권법,24,1
2019,1,2,채권법,25,3
2019,1,2,채권법,26,4
2019,1,2,채권법,27,3
2019,1,2,채권법,28,3
2019,1,2,채권법,29,3
2019,1,2,채권법,30,4
2019,1,2,채권법,31,2
2019,1,2,채권법,32,1
2019,1,2,채권법,33,2
2019,1,2,채권법,34,4
2019,1,2,채권법,35,3
2019,1,2,근로보호법,1,4
2019,1,2,근로보호법,2,1
2019,1,2,근로보호법,3,1
2019,1,2,근로보호법,4,2
2019,1,2,근로보호법,5,1
2019,1,2,근로보호법,6,3
2019,1,2,근로보호법,7,4
2019,1,2,근로보호법,8,1
2019,1,2,근로보호법,9,1
2019,1,2,근로보호법,10,4
2019,1,2,근로보호법,11,2
2019,1,2,근로보호법,12,3
2019,1,2,근로보호법,13,2
2019,1,2,근로보호법,14,1
2019,1,2,근로보호법,15,2
2019,1,2,근로보호법,16,4
2019,1,2,근로보호법,17,3
2019,1,2,근로보호법,18,4
2019,1,2,근로보호법,19,4
2019,1,2,근로보호법,20,2
2019,1,2,근로보호법,21,1
2019,1,2,근로보호법,22,4
2019,1,2,근로보호법,23,3
2019,1,2,근로보호법,24,"1,2,3,4"
2019,1,2,근로보호법,25,1
2019,1,2,인적자원관리론,1,3
2019,1,2,인적자원관리론,2,1
2019,1,2,인적자원관리론,3,3
2019,1,2,인적자원관리론,4,2
2019,1,2,인적자원관리론,5,1
2019,1,2,인적자원관리론,6,4
2019,1,2,인적자원관리론,7,4
2019,1,2,인적자원관리론,8,4
2019,1,2,인적자원관리론,9,2
2019,1,2,인적자원관리론,10,2
2019,1,2,인적자원관리론,11,3
2019,1,2,인적자원관리론,12,1
2019,1,2,인적자원관리론,13,4
2019,1,2,인적자원관리론,14,3
2019,1,2,인적자원관리론,15,1
2019,1,2,인적자원관리론,16,2
2019,1,2,인적자원관리론,17,1
2019,1,2,인적자원관리론,18,3
2019,1,2,인적자원관리론,19,4
2019,1,2,인적자원관리론,20,2
2019,1,2,인적자원관리론,21,3
2019,1,2,인적자원관리론,22,4
2019,1,2,인적자원관리론,23,2
2019,1,2,인적자원관리론,24,4
2019,1,2,인적자원관리론,25,1
2019,1,2,행정통제와윤리,1,3
2019,1,2,행정통제와윤리,2,3
2019,1,2,행정통제와윤리,3,2
2019,1,2,행정통제와윤리,4,4
2019,1,2,행정통제와윤리,5,4
2019,1,2,행정통제와윤리,6,1
2019,1,2,행정통제와윤리,7,2
2019,1,2,행정통제와윤리,8,3
2019,1,2,행정통제와윤리,9,2
2019,1,2,행정통제와윤리,10,1
2019,1,2,행정통제와윤리,11,4
2019,1,2,행정통제와윤리,12,2
2019,1,2,행정통제와윤리,13,4
2019,1,2,행정통제와윤리,14,3
2019,1,2,행정통제와윤리,15,3
2019,1,2,행정통제와윤리,16,1
2019,1,2,행정통제와윤리,17,4
2019,1,2,행정통제와윤리,18,2
2019,1,2,행정통제와윤리,19,4
2019,1,2,행정통제와윤리,20,3
2019,1,2,행정통제와윤리,21,2
2019,1,2,행정통제와윤리,22,1
2019,1,2,행정통제와윤리,23,4
2019,1,2,행정통제와윤리,24,3
2019,1,2,행정통제와윤리,25,1
2019,1,2,재무행정론,1,1
2019,1,2,재무행정론,2,1
2019,1,2,재무행정론,3,2
2019,1,2,재무행정론,4,4
2019,1,2,재무행정론,5,4
2019,1,2,재무행정론,6,4
2019,1,2,재무행정론,7,3
2019,1,2,재무행정론,8,3
2019,1,2,재무행정론,9,4
2019,1,2,재무행정론,10,2
2019,1,2,재무행정론,11,4
2019,1,2,재무행정론,12,2
2019,1,2,재무행정론,13,4
2019,1,2,재무행정론,14,1
2019,1,2,재무행정론,15,2
2019,1,2,재무행정론,16,4
2019,1,2,재무행정론,17,1
2019,1,2,재무행정론,18,2
2019,1,2,재무행정론,19,3
2019,1,2,재무행정론,20,1
2019,1,2,재무행정론,21,4
2019,1,2,재무행정론,22,3
2019,1,2,재무행정론,23,3
2019,1,2,재무행정론,24,3
2019,1,2,재무행정론,25,4
2019,1,2,서양경제사,1,3
2019,1,2,서양경제사,2,2
2019,1,2,서양경제사,3,4
2019,1,2,서양경제사,4,3
2019,1,2,서양경제사,5,4
2019,1,2,서양경제사,6,3
2019,1,2,서양경제사,7,1
2019,1,2,서양경제사,8,2
2019,1,2,서양경제사,9,2
2019,1,2,서양경제사,10,3
2019,1,2,서양경제사,11,3
2019,1,2,서양경제사,12,"1,2,3,4"
2019,1,2,서양경제사,13,3
2019,1,2,서양경제사,14,1
2019,1,2,서양경제사,15,3
2019,1,2,서양경제사,16,3
2019,1,2,서양경제사,17,1
2019,1,2,서양경제사,18,2
2019,1,2,서양경제사,19,4
2019,1,2,서양경제사,20,4
2019,1,2,서양경제사,21,3
2019,1,2,서양경제사,22,2
2019,1,2,서양경제사,23,4
2019,1,2,서양경제사,24,3
2019,1,2,서양경제사,25,2
2019,1,2,경제통계의이해,1,3
2019,1,2,경제통계의이해,2,1
2019,1,2,경제통계의이해,3,3
2019,1,2,경제통계의이해,4,4
2019,1,2,경제통계의이해,5,1
2019,1,2,경제통계의이해,6,1
2019,1,2,경제통계의이해,7,1
2019,1,2,경제통계의이해,8,4
2019,1,2,경제통계의이해,9,3
2019,1,2,경제통계의이해,10,4
2019,1,2,경제통계의이해,11,1
2019,1,2,경제통계의이해,12,2
2019,1,2,경제통계의이해,13,2
2019,1,2,경제통계의이해,14,4
2019,1,2,경제통계의이해,15,3
2019,1,2,경제통계의이해,16,4
2019,1,2,경제통계의이해,17,3
2019,1,2,경제통계의이해,18,2
2019,1,2,경제통계의이해,19,3
2019,1,2,경제통계의이해,20,4
2019,1,2,경제통계의이해,21,4
2019,1,2,경제통계의이해,22,"1,2,3,4"
2019,1,2,경제통계의이해,23,3
2019,1,2,경제통계의이해,24,1
2019,1,2,경제통계의이해,25,1
2019,1,2,고급미시경제론,1,1
2019,1,2,고급미시경제론,2,4
2019,1,2,고급미시경제론,3,3
2019,1,2,고급미시경제론,4,2
2019,1,2,고급미시경제론,5,4
2019,1,2,고급미시경제론,6,1
2019,1,2,고급미시경제론,7,3
2019,1,2,고급미시경제론,8,1
2019,1,2,고급미시경제론,9,1
2019,1,2,고급미시경제론,10,4
2019,1,2,고급미시경제론,11,2
2019,1,2,고급미시경제론,12,1
2019,1,2,고급미시경제론,13,3
2019,1,2,고급미시경제론,14,2
2019,1,2,고급미시경제론,15,4
2019,1,2,고급미시경제론,16,4
2019,1,2,고급미시경제론,17,1
2019,1,2,고급미시경제론,18,2
2019,1,2,고급미시경제론,19,2
2019,1,2,고급미시경제론,20,3
2019,1,2,고급미시경제론,21,1
2019,1,2,고급미시경제론,22,4
2019,1,2,고급미시경제론,23,3
2019,1,2,고급미시경제론,24,2
2019,1,2,고급미시경제론,25,3
2019,1,2,마케팅론,1,1
2019,1,2,마케팅론,2,2
2019,1,2,마케팅론,3,4
2019,1,2,마케팅론,4,4
2019,1,2,마케팅론,5,4
2019,1,2,마케팅론,6,4
2019,1,2,마케팅론,7,1
2019,1,2,마케팅론,8,1
2019,1,2,마케팅론,9,1
2019,1,2,마케팅론,10,1
2019,1,2,마케팅론,11,1
2019,1,2,마케팅론,12,2
2019,1,2,마케팅론,13,2
2019,1,2,마케팅론,14,1
2019,1,2,마케팅론,15,4
2019,1,2,마케팅론,16,3
2019,1,2,마케팅론,17,2
2019,1,2,마케팅론,18,3
2019,1,2,마케팅론,19,2
2019,1,2,마케팅론,20,1
2019,1,2,마케팅론,21,1
2019,1,2,마케팅론,22,3
2019,1,2,마케팅론,23,4
2019,1,2,마케팅론,24,4
2019,1,2,마케팅론,25,3
2019,1,2,마케팅론,26,2
2019,1,2,마케팅론,27,3
2019,1,2,마케팅론,28,3
2019,1,2,마케팅론,29,4
2019,1,2,마케팅론,30,1
2019,1,2,마케팅론,31,1
2019,1,2,마케팅론,32,2
2019,1,2,마케팅론,33,3
2019,1,2,마케팅론,34,2
2019,1,2,마케팅론,35,2
2019,1,2,인적자원관리,1,4
2019,1,2,인적자원관리,2,2
2019,1,2,인적자원관리,3,2
2019,1,2,인적자원관리,4,1
2019,1,2,인적자원관리,5,3
2019,1,2,인적자원관리,6,1
2019,1,2,인적자원관리,7,3
2019,1,2,인적자원관리,8,1
2019,1,2,인적자원관리,9,2
2019,1,2,인적자원관리,10,4
2019,1,2,인적자원관리,11,2
2019,1,2,인적자원관리,12,"1,2"
2019,1,2,인적자원관리,13,"2,4"
2019,1,2,인적자원관리,14,2
2019,1,2,인적자원관리,15,3
2019,1,2,인적자원관리,16,4
2019,1,2,인적자원관리,17,2
2019,1,2,인적자원관리,18,1
2019,1,2,인적자원관리,19,1
2019,1,2,인적자원관리,20,1
2019,1,2,인적자원관리,21,3
2019,1,2,인적자원관리,22,3
2019,1,2,인적자원관리,23,4
2019,1,2,인적자원관리,24,1
2019,1,2,인적자원관리,25,1
2019,1,2,인적자원관리,26,1
2019,1,2,인적자원관리,27,4
2019,1,2,인적자원관리,28,2
2019,1,2,인적자원관리,29,1
2019,1,2,인적자원관리,30,2
2019,1,2,인적자원관리,31,3
2019,1,2,인적자원관리,32,1
2019,1,2,인적자원관리,33,4
2019,1,2,인적자원관리,34,4
2019,1,2,인적자원관리,35,1
2019,1,2,재무회계원리,1,1
2019,1,2,재무회계원리,2,4
2019,1,2,재무회계원리,3,2
2019,1,2,재무회계원리,4,1
2019,1,2,재무회계원리,5,1
2019,1,2,재무회계원리,6,4
2019,1,2,재무회계원리,7,4
2019,1,2,재무회계원리,8,3
2019,1,2,재무회계원리,9,1
2019,1,2,재무회계원리,10,2
2019,1,2,재무회계원리,11,1
2019,1,2,재무회계원리,12,1
2019,1,2,재무회계원리,13,2
2019,1,2,재무회계원리,14,3
2019,1,2,재무회계원리,15,1
2019,1,2,재무회계원리,16,2
2019,1,2,재무회계원리,17,1
2019,1,2,재무회계원리,18,1
2019,1,2,재무회계원리,19,2
2019,1,2,재무회계원리,20,4
2019,1,2,재무회계원리,21,4
2019,1,2,재무회계원리,22,1
2019,1,2,재무회계원리,23,4
2019,1,2,재무회계원리,24,2
2019,1,2,재무회계원리,25,3
2019,1,2,재무회계원리,26,1
2019,1,2,재무회계원리,27,2
2019,1,2,재무회계원리,28,1
2019,1,2,재무회계원리,29,4
2019,1,2,재무회계원리,30,1
2019,1,2,재무회계원리,31,2
2019,1,2,재무회계원리,32,4
2019,1,2,재무회계원리,33,1
2019,1,2,재무회계원리,34,4
2019,1,2,재무회계원리,35,2
2019,1,2,경영분석을위한기초통계,1,2
2019,1,2,경영분석을위한기초통계,2,1
2019,1,2,경영분석을위한기초통계,3,4
2019,1,2,경영분석을위한기초통계,4,4
2019,1,2,경영분석을위한기초통계,5,3
2019,1,2,경영분석을위한기초통계,6,1
2019,1,2,경영분석을위한기초통계,7,2
2019,1,2,경영분석을위한기초통계,8,1
2019,1,2,경영분석을위한기초통계,9,4
2019,1,2,경영분석을위한기초통계,10,3
2019,1,2,경영분석을위한기초통계,11,2
2019,1,2,경영분석을위한기초통계,12,1
2019,1,2,경영분석을위한기초통계,13,3
2019,1,2,경영분석을위한기초통계,14,2
2019,1,2,경영분석을위한기초통계,15,2
2019,1,2,경영분석을위한기초통계,16,3
2019,1,2,경영분석을위한기초통계,17,2
2019,1,2,경영분석을위한기초통계,18,1
2019,1,2,경영분석을위한기초통계,19,1
2019,1,2,경영분석을위한기초통계,20,3
2019,1,2,경영분석을위한기초통계,21,4
2019,1,2,경영분석을위한기초통계,22,4
2019,1,2,경영분석을위한기초통계,23,2
2019,1,2,경영분석을위한기초통계,24,1
2019,1,2,경영분석을위한기초통계,25,2
2019,1,2,경영분석을위한기초통계,26,1
2019,1,2,경영분석을위한기초통계,27,1
2019,1,2,경영분석을위한기초통계,28,4
2019,1,2,경영분석을위한기초통계,29,2
2019,1,2,경영분석을위한기초통계,30,4
2019,1,2,경영분석을위한기초통계,31,1
2019,1,2,경영분석을위한기초통계,32,4
2019,1,2,경영분석을위한기초통계,33,4
2019,1,2,경영분석을위한기초통계,34,4
2019,1,2,경영분석을위한기초통계,35,3
2019,1,2,다국적기업론,1,3
2019,1,2,다국적기업론,2,1
2019,1,2,다국적기업론,3,2
2019,1,2,다국적기업론,4,4
2019,1,2,다국적기업론,5,2
2019,1,2,다국적기업론,6,1
2019,1,2,다국적기업론,7,2
2019,1,2,다국적기업론,8,2
2019,1,2,다국적기업론,9,4
2019,1,2,다국적기업론,10,3
2019,1,2,다국적기업론,11,4
2019,1,2,다국적기업론,12,2
2019,1,2,다국적기업론,13,1
2019,1,2,다국적기업론,14,3
2019,1,2,다국적기업론,15,3
2019,1,2,다국적기업론,16,2
2019,1,2,다국적기업론,17,1
2019,1,2,다국적기업론,18,3
2019,1,2,다국적기업론,19,3
2019,1,2,다국적기업론,20,2
2019,1,2,다국적기업론,21,4
2019,1,2,다국적기업론,22,1
2019,1,2,다국적기업론,23,2
2019,1,2,다국적기업론,24,1
2019,1,2,다국적기업론,25,1
2019,1,2,국제브랜드관리,1,4
2019,1,2,국제브랜드관리,2,2
2019,1,2,국제브랜드관리,3,1
2019,1,2,국제브랜드관리,4,2
2019,1,2,국제브랜드관리,5,1
2019,1,2,국제브랜드관리,6,3
2019,1,2,국제브랜드관리,7,2
2019,1,2,국제브랜드관리,8,4
2019,1,2,국제브랜드관리,9,1
2019,1,2,국제브랜드관리,10,1
2019,1,2,국제브랜드관리,11,4
2019,1,2,국제브랜드관리,12,1
2019,1,2,국제브랜드관리,13,4
2019,1,2,국제브랜드관리,14,2
2019,1,2,국제브랜드관리,15,4
2019,1,2,국제브랜드관리,16,3
2019,1,2,국제브랜드관리,17,3
2019,1,2,국제브랜드관리,18,1
2019,1,2,국제브랜드관리,19,4
2019,1,2,국제브랜드관리,20,2
2019,1,2,국제브랜드관리,21,1
2019,1,2,국제브랜드관리,22,2
2019,1,2,국제브랜드관리,23,4
2019,1,2,국제브랜드관리,24,1
2019,1,2,국제브랜드관리,25,3
2019,1,2,전자무역론,1,4
2019,1,2,전자무역론,2,1
2019,1,2,전자무역론,3,4
2019,1,2,전자무역론,4,2
2019,1,2,전자무역론,5,3
2019,1,2,전자무역론,6,3
2019,1,2,전자무역론,7,3
2019,1,2,전자무역론,8,1
2019,1,2,전자무역론,9,1
2019,1,2,전자무역론,10,1
2019,1,2,전자무역론,11,4
2019,1,2,전자무역론,12,3
2019,1,2,전자무역론,13,3
2019,1,2,전자무역론,14,2
2019,1,2,전자무역론,15,2
2019,1,2,전자무역론,16,4
2019,1,2,전자무역론,17,4
2019,1,2,전자무역론,18,2
2019,1,2,전자무역론,19,1
2019,1,2,전자무역론,20,2
2019,1,2,전자무역론,21,1
2019,1,2,전자무역론,22,3
2019,1,2,전자무역론,23,4
2019,1,2,전자무역론,24,2
2019,1,2,전자무역론,25,1
2019,1,2,대중문화와영화비평,1,4
2019,1,2,대중문화와영화비평,2,3
2019,1,2,대중문화와영화비평,3,4
2019,1,2,대중문화와영화비평,4,1
2019,1,2,대중문화와영화비평,5,2
2019,1,2,대중문화와영화비평,6,3
2019,1,2,대중문화와영화비평,7,2
2019,1,2,대중문화와영화비평,8,4
2019,1,2,대중문화와영화비평,9,3
2019,1,2,대중문화와영화비평,10,1
2019,1,2,대중문화와영화비평,11,2
2019,1,2,대중문화와영화비평,12,4
2019,1,2,대중문화와영화비평,13,2
2019,1,2,대중문화와영화비평,14,3
2019,1,2,대중문화와영화비평,15,1
2019,1,2,대중문화와영화비평,16,3
2019,1,2,대중문화와영화비평,17,1
2019,1,2,대중문화와영화비평,18,1
2019,1,2,대중문화와영화비평,19,4
2019,1,2,대중문화와영화비평,20,2
2019,1,2,대중문화와영화비평,21,4
2019,1,2,대중문화와영화비평,22,3
2019,1,2,대중문화와영화비평,23,4
2019,1,2,대중문화와영화비평,24,1
2019,1,2,대중문화와영화비평,25,2
2019,1,2,대중문화와영화비평,26,3
2019,1,2,대중문화와영화비평,27,2
2019,1,2,대중문화와영화비평,28,3
2019,1,2,대중문화와영화비평,29,4
2019,1,2,대중문화와영화비평,30,1
2019,1,2,대중문화와영화비평,31,2
2019,1,2,대중문화와영화비평,32,4
2019,1,2,대중문화와영화비평,33,3
2019,1,2,대중문화와영화비평,34,1
2019,1,2,대중문화와영화비평,35,2
2019,1,2,사이버커뮤니케이션,1,2
2019,1,2,사이버커뮤니케이션,2,3
2019,1,2,사이버커뮤니케이션,3,3
2019,1,2,사이버커뮤니케이션,4,4
2019,1,2,사이버커뮤니케이션,5,3
2019,1,2,사이버커뮤니케이션,6,2
2019,1,2,사이버커뮤니케이션,7,4
2019,1,2,사이버커뮤니케이션,8,1
2019,1,2,사이버커뮤니케이션,9,2
2019,1,2,사이버커뮤니케이션,10,4
2019,1,2,사이버커뮤니케이션,11,2
2019,1,2,사이버커뮤니케이션,12,3
2019,1,2,사이버커뮤니케이션,13,1
2019,1,2,사이버커뮤니케이션,14,4
2019,1,2,사이버커뮤니케이션,15,4
2019,1,2,사이버커뮤니케이션,16,4
2019,1,2,사이버커뮤니케이션,17,4
2019,1,2,사이버커뮤니케이션,18,3
2019,1,2,사이버커뮤니케이션,19,2
2019,1,2,사이버커뮤니케이션,20,4
2019,1,2,사이버커뮤니케이션,21,2
2019,1,2,사이버커뮤니케이션,22,4
2019,1,2,사이버커뮤니케이션,23,3
2019,1,2,사이버커뮤니케이션,24,3
2019,1,2,사이버커뮤니케이션,25,4
2019,1,2,사이버커뮤니케이션,26,4
2019,1,2,사이버커뮤니케이션,27,1
2019,1,2,사이버커뮤니케이션,28,4
2019,1,2,사이버커뮤니케이션,29,3
2019,1,2,사이버커뮤니케이션,30,3
2019,1,2,사이버커뮤니케이션,31,2
2019,1,2,사이버커뮤니케이션,32,3
2019,1,2,사이버커뮤니케이션,33,1
2019,1,2,사이버커뮤니케이션,34,3
2019,1,2,사이버커뮤니케이션,35,1
2019,1,2,항공예약발권1,1,3
2019,1,2,항공예약발권1,2,3
2019,1,2,항공예약발권1,3,1
2019,1,2,항공예약발권1,4,2
2019,1,2,항공예약발권1,5,1
2019,1,2,항공예약발권1,6,4
2019,1,2,항공예약발권1,7,2
2019,1,2,항공예약발권1,8,2
2019,1,2,항공예약발권1,9,3
2019,1,2,항공예약발권1,10,1
2019,1,2,항공예약발권1,11,3
2019,1,2,항공예약발권1,12,4
2019,1,2,항공예약발권1,13,4
2019,1,2,항공예약발권1,14,2
2019,1,2,항공예약발권1,15,3
2019,1,2,항공예약발권1,16,1
2019,1,2,항공예약발권1,17,2
2019,1,2,항공예약발권1,18,4
2019,1,2,항공예약발권1,19,3
2019,1,2,항공예약발권1,20,1
2019,1,2,항공예약발권1,21,2
2019,1,2,항공예약발권1,22,2
2019,1,2,항공예약발권1,23,3
2019,1,2,항공예약발권1,24,1
2019,1,2,항공예약발권1,25,4
2019,1,2,이벤트플래닝,1,1
2019,1,2,이벤트플래닝,2,3
2019,1,2,이벤트플래닝,3,2
2019,1,2,이벤트플래닝,4,1
2019,1,2,이벤트플래닝,5,4
2019,1,2,이벤트플래닝,6,3
2019,1,2,이벤트플래닝,7,4
2019,1,2,이벤트플래닝,8,2
2019,1,2,이벤트플래닝,9,4
2019,1,2,이벤트플래닝,10,1
2019,1,2,이벤트플래닝,11,2
2019,1,2,이벤트플래닝,12,3
2019,1,2,이벤트플래닝,13,2
2019,1,2,이벤트플래닝,14,3
2019,1,2,이벤트플래닝,15,4
2019,1,2,이벤트플래닝,16,1
2019,1,2,이벤트플래닝,17,3
2019,1,2,이벤트플래닝,18,3
2019,1,2,이벤트플래닝,19,2
2019,1,2,이벤트플래닝,20,1
2019,1,2,이벤트플래닝,21,2
2019,1,2,이벤트플래닝,22,4
2019,1,2,이벤트플래닝,23,4
2019,1,2,이벤트플래닝,24,2
2019,1,2,이벤트플래닝,25,3
2019,1,2,이벤트플래닝,26,1
2019,1,2,이벤트플래닝,27,1
2019,1,2,이벤트플래닝,28,2
2019,1,2,이벤트플래닝,29,4
2019,1,2,이벤트플래닝,30,3
2019,1,2,이벤트플래닝,31,4
2019,1,2,이벤트플래닝,32,1
2019,1,2,이벤트플래닝,33,1
2019,1,2,이벤트플래닝,34,2
2019,1,2,이벤트플래닝,35,3
2019,1,2,관광마케팅,1,2
2019,1,2,관광마케팅,2,3
2019,1,2,관광마케팅,3,4
2019,1,2,관광마케팅,4,2
2019,1,2,관광마케팅,5,1
2019,1,2,관광마케팅,6,3
2019,1,2,관광마케팅,7,3
2019,1,2,관광마케팅,8,4
2019,1,2,관광마케팅,9,4
2019,1,2,관광마케팅,10,2
2019,1,2,관광마케팅,11,1
2019,1,2,관광마케팅,12,1
2019,1,2,관광마케팅,13,3
2019,1,2,관광마케팅,14,4
2019,1,2,관광마케팅,15,3
2019,1,2,관광마케팅,16,2
2019,1,2,관광마케팅,17,2
2019,1,2,관광마케팅,18,1
2019,1,2,관광마케팅,19,1
2019,1,2,관광마케팅,20,3
2019,1,2,관광마케팅,21,4
2019,1,2,관광마케팅,22,2
2019,1,2,관광마케팅,23,2
2019,1,2,관광마케팅,24,3
2019,1,2,관광마케팅,25,1
2019,1,2,관광마케팅,26,3
2019,1,2,관광마케팅,27,2
2019,1,2,관광마케팅,28,2
2019,1,2,관광마케팅,29,1
2019,1,2,관광마케팅,30,4
2019,1,2,관광마케팅,31,3
2019,1,2,관광마케팅,32,4
2019,1,2,관광마케팅,33,1
2019,1,2,관광마케팅,34,2
2019,1,2,관광마케팅,35,4
2019,1,2,관광법규,1,2
2019,1,2,관광법규,2,3
2019,1,2,관광법규,3,2
2019,1,2,관광법규,4,4
2019,1,2,관광법규,5,1
2019,1,2,관광법규,6,3
2019,1,2,관광법규,7,4
2019,1,2,관광법규,8,1
2019,1,2,관광법규,9,2
2019,1,2,관광법규,10,3
2019,1,2,관광법규,11,4
2019,1,2,관광법규,12,2
2019,1,2,관광법규,13,1
2019,1,2,관광법규,14,2
2019,1,2,관광법규,15,3
2019,1,2,관광법규,16,4
2019,1,2,관광법규,17,4
2019,1,2,관광법규,18,1
2019,1,2,관광법규,19,3
2019,1,2,관광법규,20,1
2019,1,2,관광법규,21,1
2019,1,2,관광법규,22,2
2019,1,2,관광법규,23,3
2019,1,2,관광법규,24,4
2019,1,2,관광법규,25,2
2019,1,2,관광법규,26,1
2019,1,2,관광법규,27,3
2019,1,2,관광법규,28,1
2019,1,2,관광법규,29,4
2019,1,2,관광법규,30,4
2019,1,2,관광법규,31,3
2019,1,2,관광법규,32,2
2019,1,2,관광법규,33,2
2019,1,2,관광법규,34,3
2019,1,2,관광법규,35,1
2019,1,2,사회복지개론,1,4
2019,1,2,사회복지개론,2,3
2019,1,2,사회복지개론,3,4
2019,1,2,사회복지개론,4,3
2019,1,2,사회복지개론,5,1
2019,1,2,사회복지개론,6,4
2019,1,2,사회복지개론,7,2
2019,1,2,사회복지개론,8,3
2019,1,2,사회복지개론,9,1
2019,1,2,사회복지개론,10,2
2019,1,2,사회복지개론,11,1
2019,1,2,사회복지개론,12,2
2019,1,2,사회복지개론,13,1
2019,1,2,사회복지개론,14,2
2019,1,2,사회복지개론,15,1
2019,1,2,사회복지개론,16,3
2019,1,2,사회복지개론,17,1
2019,1,2,사회복지개론,18,2
2019,1,2,사회복지개론,19,3
2019,1,2,사회복지개론,20,2
2019,1,2,사회복지개론,21,1
2019,1,2,사회복지개론,22,1
2019,1,2,사회복지개론,23,2
2019,1,2,사회복지개론,24,4
2019,1,2,사회복지개론,25,1
2019,1,2,사회복지개론,26,4
2019,1,2,사회복지개론,27,1
2019,1,2,사회복지개론,28,3
2019,1,2,사회복지개론,29,2
2019,1,2,사회복지개론,30,2
2019,1,2,사회복지개론,31,1
2019,1,2,사회복지개론,32,3
2019,1,2,사회복지개론,33,4
2019,1,2,사회복지개론,34,4
2019,1,2,사회복지개론,35,4
2019,1,2,농업유전학,1,3
2019,1,2,농업유전학,2,2
2019,1,2,농업유전학,3,1
2019,1,2,농업유전학,4,1
2019,1,2,농업유전학,5,4
2019,1,2,농업유전학,6,4
2019,1,2,농업유전학,7,4
2019,1,2,농업유전학,8,3
2019,1,2,농업유전학,9,3
2019,1,2,농업유전학,10,1
2019,1,2,농업유전학,11,4
2019,1,2,농업유전학,12,3
2019,1,2,농업유전학,13,2
2019,1,2,농업유전학,14,"2,3"
2019,1,2,농업유전학,15,3
2019,1,2,농업유전학,16,2
2019,1,2,농업유전학,17,1
2019,1,2,농업유전학,18,3
2019,1,2,농업유전학,19,2
2019,1,2,농업유전학,20,3
2019,1,2,농업유전학,21,4
2019,1,2,농업유전학,22,1
2019,1,2,농업유전학,23,2
2019,1,2,농업유전학,24,2
2019,1,2,농업유전학,25,3
2019,1,2,농업유전학,26,4
2019,1,2,농업유전학,27,1
2019,1,2,농업유전학,28,2
2019,1,2,농업유전학,29,3
2019,1,2,농업유전학,30,1
2019,1,2,농업유전학,31,2
2019,1,2,농업유전학,32,4
2019,1,2,농업유전학,33,2
2019,1,2,농업유전학,34,3
2019,1,2,농업유전학,35,3
2019,1,2,농업생물화학,1,3
2019,1,2,농업생물화학,2,2
2019,1,2,농업생물화학,3,3
2019,1,2,농업생물화학,4,4
2019,1,2,농업생물화학,5,1
2019,1,2,농업생물화학,6,3
2019,1,2,농업생물화학,7,2
2019,1,2,농업생물화학,8,1
2019,1,2,농업생물화학,9,3
2019,1,2,농업생물화학,10,4
2019,1,2,농업생물화학,11,2
2019,1,2,농업생물화학,12,4
2019,1,2,농업생물화학,13,2
2019,1,2,농업생물화학,14,3
2019,1,2,농업생물화학,15,1
2019,1,2,농업생물화학,16,1
2019,1,2,농업생물화학,17,3
2019,1,2,농업생물화학,18,4
2019,1,2,농업생물화학,19,3
2019,1,2,농업생물화학,20,4
2019,1,2,농업생물화학,21,3
2019,1,2,농업생물화학,22,4
2019,1,2,농업생물화학,23,2
2019,1,2,농업생물화학,24,2
2019,1,2,농업생물화학,25,1
2019,1,2,농업생물화학,26,3
2019,1,2,농업생물화학,27,1
2019,1,2,농업생물화학,28,4
2019,1,2,농업생물화학,29,3
2019,1,2,농업생물화학,30,1
2019,1,2,농업생물화학,31,3
2019,1,2,농업생물화학,32,2
2019,1,2,농업생물화학,33,1
2019,1,2,농업생물화학,34,1
2019,1,2,농업생물화학,35,4
2019,1,2,가축영양학,1,2
2019,1,2,가축영양학,2,2
2019,1,2,가축영양학,3,2
2019,1,2,가축영양학,4,3
2019,1,2,가축영양학,5,1
2019,1,2,가축영양학,6,3
2019,1,2,가축영양학,7,4
2019,1,2,가축영양학,8,2
2019,1,2,가축영양학,9,2
2019,1,2,가축영양학,10,2
2019,1,2,가축영양학,11,1
2019,1,2,가축영양학,12,4
2019,1,2,가축영양학,13,1
2019,1,2,가축영양학,14,3
2019,1,2,가축영양학,15,1
2019,1,2,가축영양학,16,2
2019,1,2,가축영양학,17,2
2019,1,2,가축영양학,18,3
2019,1,2,가축영양학,19,3
2019,1,2,가축영양학,20,1
2019,1,2,가축영양학,21,2
2019,1,2,가축영양학,22,1
2019,1,2,가축영양학,23,3
2019,1,2,가축영양학,24,4
2019,1,2,가축영양학,25,4
2019,1,2,가축영양학,26,1
2019,1,2,가축영양학,27,2
2019,1,2,가축영양학,28,4
2019,1,2,가축영양학,29,3
2019,1,2,가축영양학,30,4
2019,1,2,가축영양학,31,4
2019,1,2,가축영양학,32,3
2019,1,2,가축영양학,33,4
2019,1,2,가축영양학,34,1
2019,1,2,가축영양학,35,3
2019,1,2,인체생리학,1,1
2019,1,2,인체생리학,2,3
2019,1,2,인체생리학,3,3
2019,1,2,인체생리학,4,4
2019,1,2,인체생리학,5,2
2019,1,2,인체생리학,6,4
2019,1,2,인체생리학,7,1
2019,1,2,인체생리학,8,4
2019,1,2,인체생리학,9,3
2019,1,2,인체생리학,10,4
2019,1,2,인체생리학,11,1
2019,1,2,인체생리학,12,4
2019,1,2,인체생리학,13,2
2019,1,2,인체생리학,14,1
2019,1,2,인체생리학,15,2
2019,1,2,인체생리학,16,1
2019,1,2,인체생리학,17,4
2019,1,2,인체생리학,18,2
2019,1,2,인체생리학,19,4
2019,1,2,인체생리학,20,1
2019,1,2,인체생리학,21,2
2019,1,2,인체생리학,22,1
2019,1,2,인체생리학,23,4
2019,1,2,인체생리학,24,2
2019,1,2,인체생리학,25,2
2019,1,2,인체생리학,26,2
2019,1,2,인체생리학,27,4
2019,1,2,인체생리학,28,3
2019,1,2,인체생리학,29,3
2019,1,2,인체생리학,30,1
2019,1,2,인체생리학,31,1
2019,1,2,인체생리학,32,2
2019,1,2,인체생리학,33,4
2019,1,2,인체생리학,34,4
2019,1,2,인체생리학,35,4
2019,1,2,패션디자인,1,3
2019,1,2,패션디자인,2,1
2019,1,2,패션디자인,3,4
2019,1,2,패션디자인,4,1
2019,1,2,패션디자인,5,3
2019,1,2,패션디자인,6,2
2019,1,2,패션디자인,7,4
2019,1,2,패션디자인,8,3
2019,1,2,패션디자인,9,4
2019,1,2,패션디자인,10,1
2019,1,2,패션디자인,11,4
2019,1,2,패션디자인,12,1
2019,1,2,패션디자인,13,3
2019,1,2,패션디자인,14,2
2019,1,2,패션디자인,15,3
2019,1,2,패션디자인,16,3
2019,1,2,패션디자인,17,3
2019,1,2,패션디자인,18,4
2019,1,2,패션디자인,19,1
2019,1,2,패션디자인,20,3
2019,1,2,패션디자인,21,2
2019,1,2,패션디자인,22,4
2019,1,2,패션디자인,23,1
2019,1,2,패션디자인,24,1
2019,1,2,패션디자인,25,2
2019,1,2,패션디자인,26,4
2019,1,2,패션디자인,27,2
2019,1,2,패션디자인,28,3
2019,1,2,패션디자인,29,1
2019,1,2,패션디자인,30,3
2019,1,2,패션디자인,31,4
2019,1,2,패션디자인,32,3
2019,1,2,패션디자인,33,3
2019,1,2,패션디자인,34,4
2019,1,2,패션디자인,35,2
2019,1,2,가사노동·시간관리,1,3
2019,1,2,가사노동·시간관리,2,1
2019,1,2,가사노동·시간관리,3,3
2019,1,2,가사노동·시간관리,4,2
2019,1,2,가사노동·시간관리,5,2
2019,1,2,가사노동·시간관리,6,3
2019,1,2,가사노동·시간관리,7,4
2019,1,2,가사노동·시간관리,8,2
2019,1,2,가사노동·시간관리,9,1
2019,1,2,가사노동·시간관리,10,4
2019,1,2,가사노동·시간관리,11,1
2019,1,2,가사노동·시간관리,12,4
2019,1,2,가사노동·시간관리,13,1
2019,1,2,가사노동·시간관리,14,2
2019,1,2,가사노동·시간관리,15,4
2019,1,2,가사노동·시간관리,16,1
2019,1,2,가사노동·시간관리,17,1
2019,1,2,가사노동·시간관리,18,4
2019,1,2,가사노동·시간관리,19,4
2019,1,2,가사노동·시간관리,20,1
2019,1,2,가사노동·시간관리,21,2
2019,1,2,가사노동·시간관리,22,2
2019,1,2,가사노동·시간관리,23,4
2019,1,2,가사노동·시간관리,24,3
2019,1,2,가사노동·시간관리,25,2
2019,1,2,가사노동·시간관리,26,3
2019,1,2,가사노동·시간관리,27,2
2019,1,2,가사노동·시간관리,28,3
2019,1,2,가사노동·시간관리,29,4
2019,1,2,가사노동·시간관리,30,4
2019,1,2,가사노동·시간관리,31,3
2019,1,2,가사노동·시간관리,32,1
2019,1,2,가사노동·시간관리,33,3
2019,1,2,가사노동·시간관리,34,1
2019,1,2,가사노동·시간관리,35,2
2019,1,2,HTML웹프로그래밍,1,2
2019,1,2,HTML웹프로그래밍,2,4
2019,1,2,HTML웹프로그래밍,3,4
2019,1,2,HTML웹프로그래밍,4,3
2019,1,2,HTML웹프로그래밍,5,1
2019,1,2,HTML웹프로그래밍,6,1
2019,1,2,HTML웹프로그래밍,7,1
2019,1,2,HTML웹프로그래밍,8,2
2019,1,2,HTML웹프로그래밍,9,2
2019,1,2,HTML웹프로그래밍,10,2
2019,1,2,HTML웹프로그래밍,11,1
2019,1,2,HTML웹프로그래밍,12,3
2019,1,2,HTML웹프로그래밍,13,4
2019,1,2,HTML웹프로그래밍,14,2
2019,1,2,HTML웹프로그래밍,15,2
2019,1,2,HTML웹프로그래밍,16,4
2019,1,2,HTML웹프로그래밍,17,1
2019,1,2,HTML웹프로그래밍,18,2
2019,1,2,HTML웹프로그래밍,19,2
2019,1,2,HTML웹프로그래밍,20,"1,2,3,4"
2019,1,2,HTML웹프로그래밍,21,4
2019,1,2,HTML웹프로그래밍,22,4
2019,1,2,HTML웹프로그래밍,23,3
2019,1,2,HTML웹프로그래밍,24,2
2019,1,2,HTML웹프로그래밍,25,1
2019,1,2,이산수학,1,3
2019,1,2,이산수학,2,2
2019,1,2,이산수학,3,4
2019,1,2,이산수학,4,1
2019,1,2,이산수학,5,2
2019,1,2,이산수학,6,3
2019,1,2,이산수학,7,2
2019,1,2,이산수학,8,1
2019,1,2,이산수학,9,4
2019,1,2,이산수학,10,4
2019,1,2,이산수학,11,3
2019,1,2,이산수학,12,1
2019,1,2,이산수학,13,4
2019,1,2,이산수학,14,2
2019,1,2,이산수학,15,1
2019,1,2,이산수학,16,4
2019,1,2,이산수학,17,3
2019,1,2,이산수학,18,4
2019,1,2,이산수학,19,4
2019,1,2,이산수학,20,3
2019,1,2,이산수학,21,3
2019,1,2,이산수학,22,2
2019,1,2,이산수학,23,1
2019,1,2,이산수학,24,3
2019,1,2,이산수학,25,2
2019,1,2,VisualC++프로그래밍,1,3
2019,1,2,VisualC++프로그래밍,2,2
2019,1,2,VisualC++프로그래밍,3,2
2019,1,2,VisualC++프로그래밍,4,4
2019,1,2,VisualC++프로그래밍,5,2
2019,1,2,VisualC++프로그래밍,6,4
2019,1,2,VisualC++프로그래밍,7,2
2019,1,2,VisualC++프로그래밍,8,3
2019,1,2,VisualC++프로그래밍,9,4
2019,1,2,VisualC++프로그래밍,10,1
2019,1,2,VisualC++프로그래밍,11,3
2019,1,2,VisualC++프로그래밍,12,1
2019,1,2,VisualC++프로그래밍,13,3
2019,1,2,VisualC++프로그래밍,14,3
2019,1,2,VisualC++프로그래밍,15,4
2019,1,2,VisualC++프로그래밍,16,3
2019,1,2,VisualC++프로그래밍,17,2
2019,1,2,VisualC++프로그래밍,18,4
2019,1,2,VisualC++프로그래밍,19,4
2019,1,2,VisualC++프로그래밍,20,1
2019,1,2,VisualC++프로그래밍,21,2
2019,1,2,VisualC++프로그래밍,22,1
2019,1,2,VisualC++프로그래밍,23,1
2019,1,2,VisualC++프로그래밍,24,1
2019,1,2,VisualC++프로그래밍,25,1
2019,1,2,엑셀데이터분석,1,2
2019,1,2,엑셀데이터분석,2,2
2019,1,2,엑셀데이터분석,3,3
2019,1,2,엑셀데이터분석,4,1
2019,1,2,엑셀데이터분석,5,1
2019,1,2,엑셀데이터분석,6,4
2019,1,2,엑셀데이터분석,7,1
2019,1,2,엑셀데이터분석,8,3
2019,1,2,엑셀데이터분석,9,1
2019,1,2,엑셀데이터분석,10,2
2019,1,2,엑셀데이터분석,11,4
2019,1,2,엑셀데이터분석,12,1
2019,1,2,엑셀데이터분석,13,2
2019,1,2,엑셀데이터분석,14,4
2019,1,2,엑셀데이터분석,15,1
2019,1,2,엑셀데이터분석,16,1
2019,1,2,엑셀데이터분석,17,3
2019,1,2,엑셀데이터분석,18,2
2019,1,2,엑셀데이터분석,19,"1,2,3,4"
2019,1,2,엑셀데이터분석,20,4
2019,1,2,엑셀데이터분석,21,3
2019,1,2,엑셀데이터분석,22,3
2019,1,2,엑셀데이터분석,23,1
2019,1,2,엑셀데이터분석,24,1
2019,1,2,엑셀데이터분석,25,4
2019,1,2,대학수학,1,2
2019,1,2,대학수학,2,2
2019,1,2,대학수학,3,4
2019,1,2,대학수학,4,3
2019,1,2,대학수학,5,"1,2,3,4"
2019,1,2,대학수학,6,1
2019,1,2,대학수학,7,4
2019,1,2,대학수학,8,3
2019,1,2,대학수학,9,2
2019,1,2,대학수학,10,3
2019,1,2,대학수학,11,3
2019,1,2,대학수학,12,3
2019,1,2,대학수학,13,1
2019,1,2,대학수학,14,4
2019,1,2,대학수학,15,4
2019,1,2,대학수학,16,3
2019,1,2,대학수학,17,2
2019,1,2,대학수학,18,2
2019,1,2,대학수학,19,4
2019,1,2,대학수학,20,2
2019,1,2,대학수학,21,1
2019,1,2,대학수학,22,1
2019,1,2,대학수학,23,4
2019,1,2,대학수학,24,3
2019,1,2,대학수학,25,2
2019,1,2,국가통계의이해,1,2
2019,1,2,국가통계의이해,2,2
2019,1,2,국가통계의이해,3,3
2019,1,2,국가통계의이해,4,4
2019,1,2,국가통계의이해,5,1
2019,1,2,국가통계의이해,6,4
2019,1,2,국가통계의이해,7,4
2019,1,2,국가통계의이해,8,1
2019,1,2,국가통계의이해,9,2
2019,1,2,국가통계의이해,10,1
2019,1,2,국가통계의이해,11,2
2019,1,2,국가통계의이해,12,1
2019,1,2,국가통계의이해,13,2
2019,1,2,국가통계의이해,14,1
2019,1,2,국가통계의이해,15,2
2019,1,2,국가통계의이해,16,4
2019,1,2,국가통계의이해,17,3
2019,1,2,국가통계의이해,18,4
2019,1,2,국가통계의이해,19,1
2019,1,2,국가통계의이해,20,2
2019,1,2,국가통계의이해,21,1
2019,1,2,국가통계의이해,22,4
2019,1,2,국가통계의이해,23,3
2019,1,2,국가통계의이해,24,3
2019,1,2,국가통계의이해,25,2
2019,1,2,국가통계의이해,26,3
2019,1,2,국가통계의이해,27,4
2019,1,2,국가통계의이해,28,4
2019,1,2,국가통계의이해,29,4
2019,1,2,국가통계의이해,30,2
2019,1,2,국가통계의이해,31,1
2019,1,2,국가통계의이해,32,4
2019,1,2,국가통계의이해,33,3
2019,1,2,국가통계의이해,34,2
2019,1,2,국가통계의이해,35,1
2019,1,2,수질관리,1,2
2019,1,2,수질관리,2,2
2019,1,2,수질관리,3,1
2019,1,2,수질관리,4,4
2019,1,2,수질관리,5,3
2019,1,2,수질관리,6,3
2019,1,2,수질관리,7,1
2019,1,2,수질관리,8,2
2019,1,2,수질관리,9,1
2019,1,2,수질관리,10,4
2019,1,2,수질관리,11,3
2019,1,2,수질관리,12,2
2019,1,2,수질관리,13,3
2019,1,2,수질관리,14,1
2019,1,2,수질관리,15,2
2019,1,2,수질관리,16,4
2019,1,2,수질관리,17,4
2019,1,2,수질관리,18,2
2019,1,2,수질관리,19,3
2019,1,2,수질관리,20,1
2019,1,2,수질관리,21,3
2019,1,2,수질관리,22,2
2019,1,2,수질관리,23,4
2019,1,2,수질관리,24,4
2019,1,2,수질관리,25,3
2019,1,2,생활폐기물관리,1,3
2019,1,2,생활폐기물관리,2,4
2019,1,2,생활폐기물관리,3,1
2019,1,2,생활폐기물관리,4,4
2019,1,2,생활폐기물관리,5,3
2019,1,2,생활폐기물관리,6,1
2019,1,2,생활폐기물관리,7,3
2019,1,2,생활폐기물관리,8,1
2019,1,2,생활폐기물관리,9,1
2019,1,2,생활폐기물관리,10,2
2019,1,2,생활폐기물관리,11,3
2019,1,2,생활폐기물관리,12,4
2019,1,2,생활폐기물관리,13,3
2019,1,2,생활폐기물관리,14,1
2019,1,2,생활폐기물관리,15,2
2019,1,2,생활폐기물관리,16,1
2019,1,2,생활폐기물관리,17,1
2019,1,2,생활폐기물관리,18,2
2019,1,2,생활폐기물관리,19,3
2019,1,2,생활폐기물관리,20,1
2019,1,2,생활폐기물관리,21,3
2019,1,2,생활폐기물관리,22,2
2019,1,2,생활폐기물관리,23,1
2019,1,2,생활폐기물관리,24,1
2019,1,2,생활폐기물관리,25,3
2019,1,2,생활폐기물관리,26,4
2019,1,2,생활폐기물관리,27,3
2019,1,2,생활폐기물관리,28,2
2019,1,2,생활폐기물관리,29,4
2019,1,2,생활폐기물관리,30,4
2019,1,2,생활폐기물관리,31,3
2019,1,2,생활폐기물관리,32,3
2019,1,2,생활폐기물관리,33,2
2019,1,2,생활폐기물관리,34,4
2019,1,2,생활폐기물관리,35,4
2019,1,2,실내공기오염관리,1,2
2019,1,2,실내공기오염관리,2,1
2019,1,2,실내공기오염관리,3,4
2019,1,2,실내공기오염관리,4,3
2019,1,2,실내공기오염관리,5,3
2019,1,2,실내공기오염관리,6,4
2019,1,2,실내공기오염관리,7,1
2019,1,2,실내공기오염관리,8,2
2019,1,2,실내공기오염관리,9,2
2019,1,2,실내공기오염관리,10,4
2019,1,2,실내공기오염관리,11,2
2019,1,2,실내공기오염관리,12,4
2019,1,2,실내공기오염관리,13,4
2019,1,2,실내공기오염관리,14,1
2019,1,2,실내공기오염관리,15,3
2019,1,2,실내공기오염관리,16,2
2019,1,2,실내공기오염관리,17,1
2019,1,2,실내공기오염관리,18,2
2019,1,2,실내공기오염관리,19,1
2019,1,2,실내공기오염관리,20,1
2019,1,2,실내공기오염관리,21,2
2019,1,2,실내공기오염관리,22,3
2019,1,2,실내공기오염관리,23,1
2019,1,2,실내공기오염관리,24,3
2019,1,2,실내공기오염관리,25,4
2019,1,2,실내공기오염관리,26,3
2019,1,2,실내공기오염관리,27,"1,2,3,4"
2019,1,2,실내공기오염관리,28,1
2019,1,2,실내공기오염관리,29,3
2019,1,2,실내공기오염관리,30,2
2019,1,2,실내공기오염관리,31,1
2019,1,2,실내공기오염관리,32,3
2019,1,2,실내공기오염관리,33,4
2019,1,2,실내공기오염관리,34,1
2019,1,2,실내공기오염관리,35,2
2019,1,2,다문화교육론,1,2
2019,1,2,다문화교육론,2,3
2019,1,2,다문화교육론,3,4
2019,1,2,다문화교육론,4,1
2019,1,2,다문화교육론,5,3
2019,1,2,다문화교육론,6,1
2019,1,2,다문화교육론,7,3
2019,1,2,다문화교육론,8,3
2019,1,2,다문화교육론,9,4
2019,1,2,다문화교육론,10,3
2019,1,2,다문화교육론,11,4
2019,1,2,다문화교육론,12,2
2019,1,2,다문화교육론,13,3
2019,1,2,다문화교육론,14,4
2019,1,2,다문화교육론,15,3
2019,1,2,다문화교육론,16,2
2019,1,2,다문화교육론,17,4
2019,1,2,다문화교육론,18,3
2019,1,2,다문화교육론,19,2
2019,1,2,다문화교육론,20,2
2019,1,2,다문화교육론,21,1
2019,1,2,다문화교육론,22,3
2019,1,2,다문화교육론,23,"3,4"
2019,1,2,다문화교육론,24,3
2019,1,2,다문화교육론,25,3
2019,1,2,다문화교육론,26,4
2019,1,2,다문화교육론,27,4
2019,1,2,다문화교육론,28,2
2019,1,2,다문화교육론,29,3
2019,1,2,다문화교육론,30,2
2019,1,2,다문화교육론,31,2
2019,1,2,다문화교육론,32,3
2019,1,2,다문화교육론,33,1
2019,1,2,다문화교육론,34,2
2019,1,2,다문화교육론,35,1
2019,1,2,상담심리학,1,3
2019,1,2,상담심리학,2,2
2019,1,2,상담심리학,3,4
2019,1,2,상담심리학,4,1
2019,1,2,상담심리학,5,2
2019,1,2,상담심리학,6,4
2019,1,2,상담심리학,7,2
2019,1,2,상담심리학,8,3
2019,1,2,상담심리학,9,2
2019,1,2,상담심리학,10,2
2019,1,2,상담심리학,11,4
2019,1,2,상담심리학,12,3
2019,1,2,상담심리학,13,4
2019,1,2,상담심리학,14,3
2019,1,2,상담심리학,15,2
2019,1,2,상담심리학,16,3
2019,1,2,상담심리학,17,1
2019,1,2,상담심리학,18,3
2019,1,2,상담심리학,19,4
2019,1,2,상담심리학,20,4
2019,1,2,상담심리학,21,3
2019,1,2,상담심리학,22,1
2019,1,2,상담심리학,23,4
2019,1,2,상담심리학,24,3
2019,1,2,상담심리학,25,1
2019,1,2,상담심리학,26,4
2019,1,2,상담심리학,27,3
2019,1,2,상담심리학,28,2
2019,1,2,상담심리학,29,1
2019,1,2,상담심리학,30,4
2019,1,2,상담심리학,31,1
2019,1,2,상담심리학,32,1
2019,1,2,상담심리학,33,4
2019,1,2,상담심리학,34,2
2019,1,2,상담심리학,35,1
2019,1,2,교육과정및평가,1,3
2019,1,2,교육과정및평가,2,2
2019,1,2,교육과정및평가,3,4
2019,1,2,교육과정및평가,4,4
2019,1,2,교육과정및평가,5,3
2019,1,2,교육과정및평가,6,1
2019,1,2,교육과정및평가,7,3
2019,1,2,교육과정및평가,8,4
2019,1,2,교육과정및평가,9,1
2019,1,2,교육과정및평가,10,2
2019,1,2,교육과정및평가,11,1
2019,1,2,교육과정및평가,12,3
2019,1,2,교육과정및평가,13,2
2019,1,2,교육과정및평가,14,4
2019,1,2,교육과정및평가,15,2
2019,1,2,교육과정및평가,16,1
2019,1,2,교육과정및평가,17,3
2019,1,2,교육과정및평가,18,4
2019,1,2,교육과정및평가,19,1
2019,1,2,교육과정및평가,20,2
2019,1,2,교육과정및평가,21,4
2019,1,2,교육과정및평가,22,3
2019,1,2,교육과정및평가,23,3
2019,1,2,교육과정및평가,24,2
2019,1,2,교육과정및평가,25,1
2019,1,2,교육과정및평가,26,4
2019,1,2,교육과정및평가,27,3
2019,1,2,교육과정및평가,28,4
2019,1,2,교육과정및평가,29,2
2019,1,2,교육과정및평가,30,3
2019,1,2,교육과정및평가,31,4
2019,1,2,교육과정및평가,32,1
2019,1,2,교육과정및평가,33,3
2019,1,2,교육과정및평가,34,4
2019,1,2,교육과정및평가,35,2
2019,1,2,청소년학습이론및지도,1,1
2019,1,2,청소년학습이론및지도,2,3
2019,1,2,청소년학습이론및지도,3,2
2019,1,2,청소년학습이론및지도,4,2
2019,1,2,청소년학습이론및지도,5,4
2019,1,2,청소년학습이론및지도,6,1
2019,1,2,청소년학습이론및지도,7,4
2019,1,2,청소년학습이론및지도,8,1
2019,1,2,청소년학습이론및지도,9,2
2019,1,2,청소년학습이론및지도,10,4
2019,1,2,청소년학습이론및지도,11,1
2019,1,2,청소년학습이론및지도,12,3
2019,1,2,청소년학습이론및지도,13,2
2019,1,2,청소년학습이론및지도,14,4
2019,1,2,청소년학습이론및지도,15,1
2019,1,2,청소년학습이론및지도,16,2
2019,1,2,청소년학습이론및지도,17,2
2019,1,2,청소년학습이론및지도,18,4
2019,1,2,청소년학습이론및지도,19,1
2019,1,2,청소년학습이론및지도,20,4
2019,1,2,청소년학습이론및지도,21,2
2019,1,2,청소년학습이론및지도,22,1
2019,1,2,청소년학습이론및지도,23,4
2019,1,2,청소년학습이론및지도,24,3
2019,1,2,청소년학습이론및지도,25,3
2019,1,2,청소년학습이론및지도,26,4
2019,1,2,청소년학습이론및지도,27,3
2019,1,2,청소년학습이론및지도,28,1
2019,1,2,청소년학습이론및지도,29,2
2019,1,2,청소년학습이론및지도,30,2
2019,1,2,청소년학습이론및지도,31,3
2019,1,2,청소년학습이론및지도,32,4
2019,1,2,청소년학습이론및지도,33,2
2019,1,2,청소년학습이론및지도,34,1
2019,1,2,청소년학습이론및지도,35,1
2019,1,2,청소년상담,1,2
2019,1,2,청소년상담,2,3
2019,1,2,청소년상담,3,3
2019,1,2,청소년상담,4,1
2019,1,2,청소년상담,5,4
2019,1,2,청소년상담,6,2
2019,1,2,청소년상담,7,4
2019,1,2,청소년상담,8,3
2019,1,2,청소년상담,9,1
2019,1,2,청소년상담,10,2
2019,1,2,청소년상담,11,3
2019,1,2,청소년상담,12,2
2019,1,2,청소년상담,13,4
2019,1,2,청소년상담,14,1
2019,1,2,청소년상담,15,1
2019,1,2,청소년상담,16,3
2019,1,2,청소년상담,17,2
2019,1,2,청소년상담,18,1
2019,1,2,청소년상담,19,4
2019,1,2,청소년상담,20,3
2019,1,2,청소년상담,21,4
2019,1,2,청소년상담,22,3
2019,1,2,청소년상담,23,1
2019,1,2,청소년상담,24,2
2019,1,2,청소년상담,25,4
2019,1,2,사회적역할의이해,1,4
2019,1,2,사회적역할의이해,2,3
2019,1,2,사회적역할의이해,3,1
2019,1,2,사회적역할의이해,4,4
2019,1,2,사회적역할의이해,5,2
2019,1,2,사회적역할의이해,6,1
2019,1,2,사회적역할의이해,7,4
2019,1,2,사회적역할의이해,8,2
2019,1,2,사회적역할의이해,9,3
2019,1,2,사회적역할의이해,10,2
2019,1,2,사회적역할의이해,11,4
2019,1,2,사회적역할의이해,12,1
2019,1,2,사회적역할의이해,13,2
2019,1,2,사회적역할의이해,14,4
2019,1,2,사회적역할의이해,15,2
2019,1,2,사회적역할의이해,16,3
2019,1,2,사회적역할의이해,17,1
2019,1,2,사회적역할의이해,18,2
2019,1,2,사회적역할의이해,19,3
2019,1,2,사회적역할의이해,20,3
2019,1,2,사회적역할의이해,21,4
2019,1,2,사회적역할의이해,22,3
2019,1,2,사회적역할의이해,23,3
2019,1,2,사회적역할의이해,24,2
2019,1,2,사회적역할의이해,25,1
2019,1,2,사회적역할의이해,26,4
2019,1,2,사회적역할의이해,27,2
2019,1,2,사회적역할의이해,28,1
2019,1,2,사회적역할의이해,29,4
2019,1,2,사회적역할의이해,30,1
2019,1,2,사회적역할의이해,31,2
2019,1,2,사회적역할의이해,32,3
2019,1,2,사회적역할의이해,33,1
2019,1,2,사회적역할의이해,34,1
2019,1,2,사회적역할의이해,35,3
2019,1,2,아동문학,1,3
2019,1,2,아동문학,2,4
2019,1,2,아동문학,3,2
2019,1,2,아동문학,4,1
2019,1,2,아동문학,5,3
2019,1,2,아동문학,6,2
2019,1,2,아동문학,7,2
2019,1,2,아동문학,8,4
2019,1,2,아동문학,9,3
2019,1,2,아동문학,10,2
2019,1,2,아동문학,11,1
2019,1,2,아동문학,12,4
2019,1,2,아동문학,13,4
2019,1,2,아동문학,14,2
2019,1,2,아동문학,15,1
2019,1,2,아동문학,16,4
2019,1,2,아동문학,17,2
2019,1,2,아동문학,18,3
2019,1,2,아동문학,19,4
2019,1,2,아동문학,20,1
2019,1,2,아동문학,21,3
2019,1,2,아동문학,22,2
2019,1,2,아동문학,23,3
2019,1,2,아동문학,24,2
2019,1,2,아동문학,25,1
2019,1,2,아동문학,26,4
2019,1,2,아동문학,27,3
2019,1,2,아동문학,28,2
2019,1,2,아동문학,29,3
2019,1,2,아동문학,30,4
2019,1,2,아동문학,31,1
2019,1,2,아동문학,32,4
2019,1,2,아동문학,33,3
2019,1,2,아동문학,34,4
2019,1,2,아동문학,35,2
2019,1,2,아동생활지도,1,1
2019,1,2,아동생활지도,2,2
2019,1,2,아동생활지도,3,3
2019,1,2,아동생활지도,4,3
2019,1,2,아동생활지도,5,2
2019,1,2,아동생활지도,6,4
2019,1,2,아동생활지도,7,4
2019,1,2,아동생활지도,8,1
2019,1,2,아동생활지도,9,4
2019,1,2,아동생활지도,10,2
2019,1,2,아동생활지도,11,3
2019,1,2,아동생활지도,12,3
2019,1,2,아동생활지도,13,2
2019,1,2,아동생활지도,14,1
2019,1,2,아동생활지도,15,3
2019,1,2,아동생활지도,16,4
2019,1,2,아동생활지도,17,1
2019,1,2,아동생활지도,18,2
2019,1,2,아동생활지도,19,1
2019,1,2,아동생활지도,20,1
2019,1,2,아동생활지도,21,3
2019,1,2,아동생활지도,22,2
2019,1,2,아동생활지도,23,4
2019,1,2,아동생활지도,24,1
2019,1,2,아동생활지도,25,4
2019,1,2,아동생활지도,26,2
2019,1,2,아동생활지도,27,3
2019,1,2,아동생활지도,28,1
2019,1,2,아동생활지도,29,"1,2,3,4"
2019,1,2,아동생활지도,30,3
2019,1,2,아동생활지도,31,4
2019,1,2,아동생활지도,32,1
2019,1,2,아동생활지도,33,4
2019,1,2,아동생활지도,34,3
2019,1,2,아동생활지도,35,2
2019,1,2,교육철학및교육사,1,3
2019,1,2,교육철학및교육사,2,4
2019,1,2,교육철학및교육사,3,2
2019,1,2,교육철학및교육사,4,4
2019,1,2,교육철학및교육사,5,1
2019,1,2,교육철학및교육사,6,3
2019,1,2,교육철학및교육사,7,2
2019,1,2,교육철학및교육사,8,4
2019,1,2,교육철학및교육사,9,1
2019,1,2,교육철학및교육사,10,3
2019,1,2,교육철학및교육사,11,2
2019,1,2,교육철학및교육사,12,4
2019,1,2,교육철학및교육사,13,1
2019,1,2,교육철학및교육사,14,3
2019,1,2,교육철학및교육사,15,2
2019,1,2,교육철학및교육사,16,1
2019,1,2,교육철학및교육사,17,4
2019,1,2,교육철학및교육사,18,3
2019,1,2,교육철학및교육사,19,2
2019,1,2,교육철학및교육사,20,1
2019,1,2,교육철학및교육사,21,4
2019,1,2,교육철학및교육사,22,2
2019,1,2,교육철학및교육사,23,3
2019,1,2,교육철학및교육사,24,1
2019,1,2,교육철학및교육사,25,4
2019,1,2,교육철학및교육사,26,2
2019,1,2,교육철학및교육사,27,3
2019,1,2,교육철학및교육사,28,3
2019,1,2,교육철학및교육사,29,4
2019,1,2,교육철학및교육사,30,1
2019,1,2,교육철학및교육사,31,2
2019,1,2,교육철학및교육사,32,1
2019,1,2,교육철학및교육사,33,3
2019,1,2,교육철학및교육사,34,4
2019,1,2,교육철학및교육사,35,2
2019,1,2,한국사의이해,1,2
2019,1,2,한국사의이해,2,4
2019,1,2,한국사의이해,3,3
2019,1,2,한국사의이해,4,1
2019,1,2,한국사의이해,5,1
2019,1,2,한국사의이해,6,4
2019,1,2,한국사의이해,7,2
2019,1,2,한국사의이해,8,3
2019,1,2,한국사의이해,9,1
2019,1,2,한국사의이해,10,4
2019,1,2,한국사의이해,11,3
2019,1,2,한국사의이해,12,2
2019,1,2,한국사의이해,13,2
2019,1,2,한국사의이해,14,4
2019,1,2,한국사의이해,15,1
2019,1,2,한국사의이해,16,3
2019,1,2,한국사의이해,17,2
2019,1,2,한국사의이해,18,4
2019,1,2,한국사의이해,19,1
2019,1,2,한국사의이해,20,3
2019,1,2,한국사의이해,21,1
2019,1,2,한국사의이해,22,3
2019,1,2,한국사의이해,23,2
2019,1,2,한국사의이해,24,4
2019,1,2,한국사의이해,25,4
2019,1,2,한국사의이해,26,1
2019,1,2,한국사의이해,27,2
2019,1,2,한국사의이해,28,3
2019,1,2,한국사의이해,29,4
2019,1,2,한국사의이해,30,1
2019,1,2,한국사의이해,31,1
2019,1,2,한국사의이해,32,4
2019,1,2,한국사의이해,33,4
2019,1,2,한국사의이해,34,1
2019,1,2,한국사의이해,35,3
2019,1,2,유럽바로알기,1,1
2019,1,2,유럽바로알기,2,3
2019,1,2,유럽바로알기,3,1
2019,1,2,유럽바로알기,4,1
2019,1,2,유럽바로알기,5,1
2019,1,2,유럽바로알기,6,4
2019,1,2,유럽바로알기,7,1
2019,1,2,유럽바로알기,8,4
2019,1,2,유럽바로알기,9,3
2019,1,2,유럽바로알기,10,4
2019,1,2,유럽바로알기,11,3
2019,1,2,유럽바로알기,12,3
2019,1,2,유럽바로알기,13,2
2019,1,2,유럽바로알기,14,1
2019,1,2,유럽바로알기,15,4
2019,1,2,유럽바로알기,16,3
2019,1,2,유럽바로알기,17,1
2019,1,2,유럽바로알기,18,1
2019,1,2,유럽바로알기,19,3
2019,1,2,유럽바로알기,20,4
2019,1,2,유럽바로알기,21,3
2019,1,2,유럽바로알기,22,2
2019,1,2,유럽바로알기,23,1
2019,1,2,유럽바로알기,24,2
2019,1,2,유럽바로알기,25,3
2019,1,2,세상읽기와논술,1,2
2019,1,2,세상읽기와논술,2,1
2019,1,2,세상읽기와논술,3,3
2019,1,2,세상읽기와논술,4,3
2019,1,2,세상읽기와논술,5,4
2019,1,2,세상읽기와논술,6,2
2019,1,2,세상읽기와논술,7,4
2019,1,2,세상읽기와논술,8,2
2019,1,2,세상읽기와논술,9,3
2019,1,2,세상읽기와논술,10,3
2019,1,2,세상읽기와논술,11,4
2019,1,2,세상읽기와논술,12,2
2019,1,2,세상읽기와논술,13,3
2019,1,2,세상읽기와논술,14,1
2019,1,2,세상읽기와논술,15,4
2019,1,2,세상읽기와논술,16,2
2019,1,2,세상읽기와논술,17,3
2019,1,2,세상읽기와논술,18,1
2019,1,2,세상읽기와논술,19,3
2019,1,2,세상읽기와논술,20,1
2019,1,2,세상읽기와논술,21,4
2019,1,2,세상읽기와논술,22,4
2019,1,2,세상읽기와논술,23,2
2019,1,2,세상읽기와논술,24,1
2019,1,2,세상읽기와논술,25,3
2019,1,2,정보사회와디지털문화,1,2
2019,1,2,정보사회와디지털문화,2,4
2019,1,2,정보사회와디지털문화,3,2
2019,1,2,정보사회와디지털문화,4,4
2019,1,2,정보사회와디지털문화,5,1
2019,1,2,정보사회와디지털문화,6,2
2019,1,2,정보사회와디지털문화,7,3
2019,1,2,정보사회와디지털문화,8,3
2019,1,2,정보사회와디지털문화,9,4
2019,1,2,정보사회와디지털문화,10,2
2019,1,2,정보사회와디지털문화,11,4
2019,1,2,정보사회와디지털문화,12,4
2019,1,2,정보사회와디지털문화,13,3
2019,1,2,정보사회와디지털문화,14,4
2019,1,2,정보사회와디지털문화,15,1
2019,1,2,정보사회와디지털문화,16,1
2019,1,2,정보사회와디지털문화,17,2
2019,1,2,정보사회와디지털문화,18,4
2019,1,2,정보사회와디지털문화,19,2
2019,1,2,정보사회와디지털문화,20,1
2019,1,2,정보사회와디지털문화,21,3
2019,1,2,정보사회와디지털문화,22,4
2019,1,2,정보사회와디지털문화,23,2
2019,1,2,정보사회와디지털문화,24,2
2019,1,2,정보사회와디지털문화,25,4
2019,1,2,정보사회와디지털문화,26,2
2019,1,2,정보사회와디지털문화,27,3
2019,1,2,정보사회와디지털문화,28,1
2019,1,2,정보사회와디지털문화,29,3
2019,1,2,정보사회와디지털문화,30,1
2019,1,2,정보사회와디지털문화,31,3
2019,1,2,정보사회와디지털문화,32,2
2019,1,2,정보사회와디지털문화,33,3
2019,1,2,정보사회와디지털문화,34,3
2019,1,2,정보사회와디지털문화,35,3
2019,1,2,세계의풍속과문화,1,1
2019,1,2,세계의풍속과문화,2,4
2019,1,2,세계의풍속과문화,3,4
2019,1,2,세계의풍속과문화,4,3
2019,1,2,세계의풍속과문화,5,1
2019,1,2,세계의풍속과문화,6,2
2019,1,2,세계의풍속과문화,7,3
2019,1,2,세계의풍속과문화,8,1
2019,1,2,세계의풍속과문화,9,4
2019,1,2,세계의풍속과문화,10,"3,4"
2019,1,2,세계의풍속과문화,11,2
2019,1,2,세계의풍속과문화,12,"1,2,3,4"
2019,1,2,세계의풍속과문화,13,1
2019,1,2,세계의풍속과문화,14,3
2019,1,2,세계의풍속과문화,15,1
2019,1,2,세계의풍속과문화,16,2
2019,1,2,세계의풍속과문화,17,4
2019,1,2,세계의풍속과문화,18,2
2019,1,2,세계의풍속과문화,19,2
2019,1,2,세계의풍속과문화,20,4
2019,1,2,세계의풍속과문화,21,4
2019,1,2,세계의풍속과문화,22,4
2019,1,2,세계의풍속과문화,23,1
2019,1,2,세계의풍속과문화,24,3
2019,1,2,세계의풍속과문화,25,3
2019,1,2,동서양고전의이해,1,3
2019,1,2,동서양고전의이해,2,4
2019,1,2,동서양고전의이해,3,1
2019,1,2,동서양고전의이해,4,2
2019,1,2,동서양고전의이해,5,1
2019,1,2,동서양고전의이해,6,3
2019,1,2,동서양고전의이해,7,4
2019,1,2,동서양고전의이해,8,1
2019,1,2,동서양고전의이해,9,2
2019,1,2,동서양고전의이해,10,1
2019,1,2,동서양고전의이해,11,4
2019,1,2,동서양고전의이해,12,1
2019,1,2,동서양고전의이해,13,4
2019,1,2,동서양고전의이해,14,2
2019,1,2,동서양고전의이해,15,3
2019,1,2,동서양고전의이해,16,1
2019,1,2,동서양고전의이해,17,4
2019,1,2,동서양고전의이해,18,1
2019,1,2,동서양고전의이해,19,3
2019,1,2,동서양고전의이해,20,2
2019,1,2,동서양고전의이해,21,3
2019,1,2,동서양고전의이해,22,3
2019,1,2,동서양고전의이해,23,2
2019,1,2,동서양고전의이해,24,1
2019,1,2,동서양고전의이해,25,3
2019,1,2,동서양고전의이해,26,4
2019,1,2,동서양고전의이해,27,2
2019,1,2,동서양고전의이해,28,3
2019,1,2,동서양고전의이해,29,1
2019,1,2,동서양고전의이해,30,4
2019,1,2,동서양고전의이해,31,4
2019,1,2,동서양고전의이해,32,1
2019,1,2,동서양고전의이해,33,2
2019,1,2,동서양고전의이해,34,4
2019,1,2,동서양고전의이해,35,3
2019,1,2,세계의정치와경제,1,4
2019,1,2,세계의정치와경제,2,1
2019,1,2,세계의정치와경제,3,2
2019,1,2,세계의정치와경제,4,3
2019,1,2,세계의정치와경제,5,1
2019,1,2,세계의정치와경제,6,4
2019,1,2,세계의정치와경제,7,2
2019,1,2,세계의정치와경제,8,3
2019,1,2,세계의정치와경제,9,1
2019,1,2,세계의정치와경제,10,4
2019,1,2,세계의정치와경제,11,3
2019,1,2,세계의정치와경제,12,2
2019,1,2,세계의정치와경제,13,1
2019,1,2,세계의정치와경제,14,3
2019,1,2,세계의정치와경제,15,3
2019,1,2,세계의정치와경제,16,4
2019,1,2,세계의정치와경제,17,1
2019,1,2,세계의정치와경제,18,3
2019,1,2,세계의정치와경제,19,2
2019,1,2,세계의정치와경제,20,4
2019,1,2,세계의정치와경제,21,3
2019,1,2,세계의정치와경제,22,1
2019,1,2,세계의정치와경제,23,4
2019,1,2,세계의정치와경제,24,2
2019,1,2,세계의정치와경제,25,2
2019,1,2,세계의정치와경제,26,3
2019,1,2,세계의정치와경제,27,4
2019,1,2,세계의정치와경제,28,1
2019,1,2,세계의정치와경제,29,3
2019,1,2,세계의정치와경제,30,2
2019,1,2,세계의정치와경제,31,4
2019,1,2,세계의정치와경제,32,3
2019,1,2,세계의정치와경제,33,4
2019,1,2,세계의정치와경제,34,1
2019,1,2,세계의정치와경제,35,3
2019,1,2,생명과환경,1,3
2019,1,2,생명과환경,2,3
2019,1,2,생명과환경,3,2
2019,1,2,생명과환경,4,4
2019,1,2,생명과환경,5,1
2019,1,2,생명과환경,6,1
2019,1,2,생명과환경,7,3
2019,1,2,생명과환경,8,2
2019,1,2,생명과환경,9,4
2019,1,2,생명과환경,10,4
2019,1,2,생명과환경,11,3
2019,1,2,생명과환경,12,2
2019,1,2,생명과환경,13,2
2019,1,2,생명과환경,14,1
2019,1,2,생명과환경,15,2
2019,1,2,생명과환경,16,3
2019,1,2,생명과환경,17,4
2019,1,2,생명과환경,18,1
2019,1,2,생명과환경,19,4
2019,1,2,생명과환경,20,2
2019,1,2,생명과환경,21,4
2019,1,2,생명과환경,22,1
2019,1,2,생명과환경,23,2
2019,1,2,생명과환경,24,3
2019,1,2,생명과환경,25,3
2019,1,3,우리말의구조,1,2
2019,1,3,우리말의구조,2,1
2019,1,3,우리말의구조,3,3
2019,1,3,우리말의구조,4,4
2019,1,3,우리말의구조,5,3
2019,1,3,우리말의구조,6,3
2019,1,3,우리말의구조,7,1
2019,1,3,우리말의구조,8,2
2019,1,3,우리말의구조,9,1
2019,1,3,우리말의구조,10,2
2019,1,3,우리말의구조,11,4
2019,1,3,우리말의구조,12,3
2019,1,3,우리말의구조,13,2
2019,1,3,우리말의구조,14,4
2019,1,3,우리말의구조,15,1
2019,1,3,우리말의구조,16,2
2019,1,3,우리말의구조,17,4
2019,1,3,우리말의구조,18,1
2019,1,3,우리말의구조,19,4
2019,1,3,우리말의구조,20,3
2019,1,3,우리말의구조,21,1
2019,1,3,우리말의구조,22,4
2019,1,3,우리말의구조,23,2
2019,1,3,우리말의구조,24,1
2019,1,3,우리말의구조,25,2
2019,1,3,우리말의구조,26,3
2019,1,3,우리말의구조,27,4
2019,1,3,우리말의구조,28,2
2019,1,3,우리말의구조,29,4
2019,1,3,우리말의구조,30,1
2019,1,3,우리말의구조,31,3
2019,1,3,우리말의구조,32,3
2019,1,3,우리말의구조,33,4
2019,1,3,우리말의구조,34,2
2019,1,3,우리말의구조,35,1
2019,1,3,글쓰기,1,3
2019,1,3,글쓰기,2,1
2019,1,3,글쓰기,3,4
2019,1,3,글쓰기,4,2
2019,1,3,글쓰기,5,4
2019,1,3,글쓰기,6,3
2019,1,3,글쓰기,7,1
2019,1,3,글쓰기,8,2
2019,1,3,글쓰기,9,4
2019,1,3,글쓰기,10,2
2019,1,3,글쓰기,11,4
2019,1,3,글쓰기,12,4
2019,1,3,글쓰기,13,3
2019,1,3,글쓰기,14,2
2019,1,3,글쓰기,15,1
2019,1,3,글쓰기,16,3
2019,1,3,글쓰기,17,3
2019,1,3,글쓰기,18,1
2019,1,3,글쓰기,19,4
2019,1,3,글쓰기,20,2
2019,1,3,글쓰기,21,4
2019,1,3,글쓰기,22,1
2019,1,3,글쓰기,23,2
2019,1,3,글쓰기,24,3
2019,1,3,글쓰기,25,2
2019,1,3,글쓰기,26,1
2019,1,3,글쓰기,27,4
2019,1,3,글쓰기,28,4
2019,1,3,글쓰기,29,3
2019,1,3,글쓰기,30,1
2019,1,3,글쓰기,31,2
2019,1,3,글쓰기,32,3
2019,1,3,글쓰기,33,3
2019,1,3,글쓰기,34,2
2019,1,3,글쓰기,35,2
2019,1,3,고전시가론,1,2
2019,1,3,고전시가론,2,1
2019,1,3,고전시가론,3,3
2019,1,3,고전시가론,4,3
2019,1,3,고전시가론,5,4
2019,1,3,고전시가론,6,1
2019,1,3,고전시가론,7,2
2019,1,3,고전시가론,8,1
2019,1,3,고전시가론,9,4
2019,1,3,고전시가론,10,1
2019,1,3,고전시가론,11,3
2019,1,3,고전시가론,12,1
2019,1,3,고전시가론,13,4
2019,1,3,고전시가론,14,2
2019,1,3,고전시가론,15,3
2019,1,3,고전시가론,16,1
2019,1,3,고전시가론,17,4
2019,1,3,고전시가론,18,4
2019,1,3,고전시가론,19,3
2019,1,3,고전시가론,20,2
2019,1,3,고전시가론,21,1
2019,1,3,고전시가론,22,4
2019,1,3,고전시가론,23,2
2019,1,3,고전시가론,24,1
2019,1,3,고전시가론,25,4
2019,1,3,고전시가론,26,3
2019,1,3,고전시가론,27,4
2019,1,3,고전시가론,28,1
2019,1,3,고전시가론,29,2
2019,1,3,고전시가론,30,4
2019,1,3,고전시가론,31,1
2019,1,3,고전시가론,32,2
2019,1,3,고전시가론,33,1
2019,1,3,고전시가론,34,3
2019,1,3,고전시가론,35,4
2019,1,3,고전소설강독,1,3
2019,1,3,고전소설강독,2,4
2019,1,3,고전소설강독,3,1
2019,1,3,고전소설강독,4,2
2019,1,3,고전소설강독,5,4
2019,1,3,고전소설강독,6,1
2019,1,3,고전소설강독,7,1
2019,1,3,고전소설강독,8,3
2019,1,3,고전소설강독,9,2
2019,1,3,고전소설강독,10,3
2019,1,3,고전소설강독,11,2
2019,1,3,고전소설강독,12,4
2019,1,3,고전소설강독,13,2
2019,1,3,고전소설강독,14,3
2019,1,3,고전소설강독,15,4
2019,1,3,고전소설강독,16,1
2019,1,3,고전소설강독,17,3
2019,1,3,고전소설강독,18,4
2019,1,3,고전소설강독,19,4
2019,1,3,고전소설강독,20,2
2019,1,3,고전소설강독,21,4
2019,1,3,고전소설강독,22,3
2019,1,3,고전소설강독,23,2
2019,1,3,고전소설강독,24,4
2019,1,3,고전소설강독,25,1
2019,1,3,고전소설강독,26,3
2019,1,3,고전소설강독,27,1
2019,1,3,고전소설강독,28,2
2019,1,3,고전소설강독,29,3
2019,1,3,고전소설강독,30,3
2019,1,3,고전소설강독,31,1
2019,1,3,고전소설강독,32,2
2019,1,3,고전소설강독,33,1
2019,1,3,고전소설강독,34,4
2019,1,3,고전소설강독,35,3
2019,1,3,서사문학의이해와창작,1,3
2019,1,3,서사문학의이해와창작,2,4
2019,1,3,서사문학의이해와창작,3,2
2019,1,3,서사문학의이해와창작,4,2
2019,1,3,서사문학의이해와창작,5,1
2019,1,3,서사문학의이해와창작,6,3
2019,1,3,서사문학의이해와창작,7,4
2019,1,3,서사문학의이해와창작,8,2
2019,1,3,서사문학의이해와창작,9,1
2019,1,3,서사문학의이해와창작,10,3
2019,1,3,서사문학의이해와창작,11,3
2019,1,3,서사문학의이해와창작,12,4
2019,1,3,서사문학의이해와창작,13,1
2019,1,3,서사문학의이해와창작,14,4
2019,1,3,서사문학의이해와창작,15,2
2019,1,3,서사문학의이해와창작,16,4
2019,1,3,서사문학의이해와창작,17,3
2019,1,3,서사문학의이해와창작,18,2
2019,1,3,서사문학의이해와창작,19,1
2019,1,3,서사문학의이해와창작,20,4
2019,1,3,서사문학의이해와창작,21,3
2019,1,3,서사문학의이해와창작,22,1
2019,1,3,서사문학의이해와창작,23,2
2019,1,3,서사문학의이해와창작,24,4
2019,1,3,서사문학의이해와창작,25,1
2019,1,3,서사문학의이해와창작,26,3
2019,1,3,서사문학의이해와창작,27,1
2019,1,3,서사문학의이해와창작,28,3
2019,1,3,서사문학의이해와창작,29,4
2019,1,3,서사문학의이해와창작,30,1
2019,1,3,서사문학의이해와창작,31,3
2019,1,3,서사문학의이해와창작,32,1
2019,1,3,서사문학의이해와창작,33,2
2019,1,3,서사문학의이해와창작,34,3
2019,1,3,서사문학의이해와창작,35,4
2019,1,3,문학비평론,1,2
2019,1,3,문학비평론,2,3
2019,1,3,문학비평론,3,4
2019,1,3,문학비평론,4,3
2019,1,3,문학비평론,5,2
2019,1,3,문학비평론,6,1
2019,1,3,문학비평론,7,4
2019,1,3,문학비평론,8,3
2019,1,3,문학비평론,9,2
2019,1,3,문학비평론,10,4
2019,1,3,문학비평론,11,3
2019,1,3,문학비평론,12,1
2019,1,3,문학비평론,13,4
2019,1,3,문학비평론,14,2
2019,1,3,문학비평론,15,3
2019,1,3,문학비평론,16,3
2019,1,3,문학비평론,17,1
2019,1,3,문학비평론,18,3
2019,1,3,문학비평론,19,1
2019,1,3,문학비평론,20,2
2019,1,3,문학비평론,21,4
2019,1,3,문학비평론,22,3
2019,1,3,문학비평론,23,2
2019,1,3,문학비평론,24,1
2019,1,3,문학비평론,25,1
2019,1,3,문학비평론,26,4
2019,1,3,문학비평론,27,3
2019,1,3,문학비평론,28,1
2019,1,3,문학비평론,29,1
2019,1,3,문학비평론,30,1
2019,1,3,문학비평론,31,4
2019,1,3,문학비평론,32,3
2019,1,3,문학비평론,33,1
2019,1,3,문학비평론,34,4
2019,1,3,문학비평론,35,3
2019,1,3,글과생각,1,2
2019,1,3,글과생각,2,1
2019,1,3,글과생각,3,4
2019,1,3,글과생각,4,2
2019,1,3,글과생각,5,3
2019,1,3,글과생각,6,3
2019,1,3,글과생각,7,3
2019,1,3,글과생각,8,1
2019,1,3,글과생각,9,1
2019,1,3,글과생각,10,4
2019,1,3,글과생각,11,3
2019,1,3,글과생각,12,1
2019,1,3,글과생각,13,2
2019,1,3,글과생각,14,3
2019,1,3,글과생각,15,2
2019,1,3,글과생각,16,4
2019,1,3,글과생각,17,3
2019,1,3,글과생각,18,1
2019,1,3,글과생각,19,3
2019,1,3,글과생각,20,4
2019,1,3,글과생각,21,4
2019,1,3,글과생각,22,4
2019,1,3,글과생각,23,2
2019,1,3,글과생각,24,1
2019,1,3,글과생각,25,4
2019,1,3,글과생각,26,3
2019,1,3,글과생각,27,2
2019,1,3,글과생각,28,4
2019,1,3,글과생각,29,2
2019,1,3,글과생각,30,3
2019,1,3,글과생각,31,1
2019,1,3,글과생각,32,4
2019,1,3,글과생각,33,3
2019,1,3,글과생각,34,2
2019,1,3,글과생각,35,4
2019,1,3,영미아동문학,1,2
2019,1,3,영미아동문학,2,1
2019,1,3,영미아동문학,3,2
2019,1,3,영미아동문학,4,1
2019,1,3,영미아동문학,5,4
2019,1,3,영미아동문학,6,3
2019,1,3,영미아동문학,7,4
2019,1,3,영미아동문학,8,3
2019,1,3,영미아동문학,9,2
2019,1,3,영미아동문학,10,1
2019,1,3,영미아동문학,11,4
2019,1,3,영미아동문학,12,3
2019,1,3,영미아동문학,13,4
2019,1,3,영미아동문학,14,2
2019,1,3,영미아동문학,15,2
2019,1,3,영미아동문학,16,1
2019,1,3,영미아동문학,17,1
2019,1,3,영미아동문학,18,2
2019,1,3,영미아동문학,19,2
2019,1,3,영미아동문학,20,3
2019,1,3,영미아동문학,21,4
2019,1,3,영미아동문학,22,3
2019,1,3,영미아동문학,23,2
2019,1,3,영미아동문학,24,4
2019,1,3,영미아동문학,25,4
2019,1,3,영미아동문학,26,3
2019,1,3,영미아동문학,27,1
2019,1,3,영미아동문학,28,1
2019,1,3,영미아동문학,29,4
2019,1,3,영미아동문학,30,3
2019,1,3,영미아동문학,31,1
2019,1,3,영미아동문학,32,3
2019,1,3,영미아동문학,33,4
2019,1,3,영미아동문학,34,2
2019,1,3,영미아동문학,35,4
2019,1,3,영어권국가의이해,1,1
2019,1,3,영어권국가의이해,2,3
2019,1,3,영어권국가의이해,3,4
2019,1,3,영어권국가의이해,4,4
2019,1,3,영어권국가의이해,5,1
2019,1,3,영어권국가의이해,6,2
2019,1,3,영어권국가의이해,7,4
2019,1,3,영어권국가의이해,8,2
2019,1,3,영어권국가의이해,9,4
2019,1,3,영어권국가의이해,10,1
2019,1,3,영어권국가의이해,11,3
2019,1,3,영어권국가의이해,12,4
2019,1,3,영어권국가의이해,13,3
2019,1,3,영어권국가의이해,14,3
2019,1,3,영어권국가의이해,15,2
2019,1,3,영어권국가의이해,16,3
2019,1,3,영어권국가의이해,17,1
2019,1,3,영어권국가의이해,18,3
2019,1,3,영어권국가의이해,19,2
2019,1,3,영어권국가의이해,20,4
2019,1,3,영어권국가의이해,21,2
2019,1,3,영어권국가의이해,22,1
2019,1,3,영어권국가의이해,23,3
2019,1,3,영어권국가의이해,24,4
2019,1,3,영어권국가의이해,25,1
2019,1,3,영어권국가의이해,26,1
2019,1,3,영어권국가의이해,27,1
2019,1,3,영어권국가의이해,28,3
2019,1,3,영어권국가의이해,29,2
2019,1,3,영어권국가의이해,30,2
2019,1,3,영어권국가의이해,31,2
2019,1,3,영어권국가의이해,32,4
2019,1,3,영어권국가의이해,33,1
2019,1,3,영어권국가의이해,34,3
2019,1,3,영어권국가의이해,35,4
2019,1,3,영시읽기의기초,1,4
2019,1,3,영시읽기의기초,2,1
2019,1,3,영시읽기의기초,3,3
2019,1,3,영시읽기의기초,4,3
2019,1,3,영시읽기의기초,5,3
2019,1,3,영시읽기의기초,6,1
2019,1,3,영시읽기의기초,7,4
2019,1,3,영시읽기의기초,8,1
2019,1,3,영시읽기의기초,9,2
2019,1,3,영시읽기의기초,10,3
2019,1,3,영시읽기의기초,11,3
2019,1,3,영시읽기의기초,12,1
2019,1,3,영시읽기의기초,13,2
2019,1,3,영시읽기의기초,14,1
2019,1,3,영시읽기의기초,15,4
2019,1,3,영시읽기의기초,16,2
2019,1,3,영시읽기의기초,17,1
2019,1,3,영시읽기의기초,18,1
2019,1,3,영시읽기의기초,19,2
2019,1,3,영시읽기의기초,20,3
2019,1,3,영시읽기의기초,21,1
2019,1,3,영시읽기의기초,22,4
2019,1,3,영시읽기의기초,23,1
2019,1,3,영시읽기의기초,24,3
2019,1,3,영시읽기의기초,25,2
2019,1,3,영시읽기의기초,26,1
2019,1,3,영시읽기의기초,27,4
2019,1,3,영시읽기의기초,28,3
2019,1,3,영시읽기의기초,29,2
2019,1,3,영시읽기의기초,30,4
2019,1,3,영시읽기의기초,31,2
2019,1,3,영시읽기의기초,32,1
2019,1,3,영시읽기의기초,33,4
2019,1,3,영시읽기의기초,34,1
2019,1,3,영시읽기의기초,35,3
2019,1,3,영어교수법,1,4
2019,1,3,영어교수법,2,2
2019,1,3,영어교수법,3,3
2019,1,3,영어교수법,4,3
2019,1,3,영어교수법,5,4
2019,1,3,영어교수법,6,1
2019,1,3,영어교수법,7,4
2019,1,3,영어교수법,8,2
2019,1,3,영어교수법,9,2
2019,1,3,영어교수법,10,4
2019,1,3,영어교수법,11,3
2019,1,3,영어교수법,12,2
2019,1,3,영어교수법,13,3
2019,1,3,영어교수법,14,3
2019,1,3,영어교수법,15,1
2019,1,3,영어교수법,16,1
2019,1,3,영어교수법,17,3
2019,1,3,영어교수법,18,1
2019,1,3,영어교수법,19,1
2019,1,3,영어교수법,20,3
2019,1,3,영어교수법,21,4
2019,1,3,영어교수법,22,2
2019,1,3,영어교수법,23,1
2019,1,3,영어교수법,24,2
2019,1,3,영어교수법,25,1
2019,1,3,영어교수법,26,3
2019,1,3,영어교수법,27,4
2019,1,3,영어교수법,28,1
2019,1,3,영어교수법,29,4
2019,1,3,영어교수법,30,3
2019,1,3,영어교수법,31,4
2019,1,3,영어교수법,32,2
2019,1,3,영어교수법,33,2
2019,1,3,영어교수법,34,1
2019,1,3,영어교수법,35,4
2019,1,3,영어학의이해,1,3
2019,1,3,영어학의이해,2,4
2019,1,3,영어학의이해,3,2
2019,1,3,영어학의이해,4,1
2019,1,3,영어학의이해,5,3
2019,1,3,영어학의이해,6,4
2019,1,3,영어학의이해,7,2
2019,1,3,영어학의이해,8,1
2019,1,3,영어학의이해,9,2
2019,1,3,영어학의이해,10,3
2019,1,3,영어학의이해,11,4
2019,1,3,영어학의이해,12,1
2019,1,3,영어학의이해,13,4
2019,1,3,영어학의이해,14,2
2019,1,3,영어학의이해,15,4
2019,1,3,영어학의이해,16,3
2019,1,3,영어학의이해,17,1
2019,1,3,영어학의이해,18,1
2019,1,3,영어학의이해,19,3
2019,1,3,영어학의이해,20,2
2019,1,3,영어학의이해,21,4
2019,1,3,영어학의이해,22,2
2019,1,3,영어학의이해,23,1
2019,1,3,영어학의이해,24,2
2019,1,3,영어학의이해,25,3
2019,1,3,영어학의이해,26,1
2019,1,3,영어학의이해,27,3
2019,1,3,영어학의이해,28,1
2019,1,3,영어학의이해,29,2
2019,1,3,영어학의이해,30,1
2019,1,3,영어학의이해,31,3
2019,1,3,영어학의이해,32,3
2019,1,3,영어학의이해,33,3
2019,1,3,영어학의이해,34,1
2019,1,3,영어학의이해,35,3
2019,1,3,테스트영어연습,1,1
2019,1,3,테스트영어연습,2,4
2019,1,3,테스트영어연습,3,1
2019,1,3,테스트영어연습,4,3
2019,1,3,테스트영어연습,5,4
2019,1,3,테스트영어연습,6,1
2019,1,3,테스트영어연습,7,4
2019,1,3,테스트영어연습,8,3
2019,1,3,테스트영어연습,9,1
2019,1,3,테스트영어연습,10,4
2019,1,3,테스트영어연습,11,3
2019,1,3,테스트영어연습,12,4
2019,1,3,테스트영어연습,13,2
2019,1,3,테스트영어연습,14,3
2019,1,3,테스트영어연습,15,2
2019,1,3,테스트영어연습,16,3
2019,1,3,테스트영어연습,17,4
2019,1,3,테스트영어연습,18,1
2019,1,3,테스트영어연습,19,4
2019,1,3,테스트영어연습,20,4
2019,1,3,테스트영어연습,21,1
2019,1,3,테스트영어연습,22,2
2019,1,3,테스트영어연습,23,3
2019,1,3,테스트영어연습,24,2
2019,1,3,테스트영어연습,25,2
2019,1,3,테스트영어연습,26,1
2019,1,3,테스트영어연습,27,4
2019,1,3,테스트영어연습,28,2
2019,1,3,테스트영어연습,29,4
2019,1,3,테스트영어연습,30,3
2019,1,3,테스트영어연습,31,2
2019,1,3,테스트영어연습,32,2
2019,1,3,테스트영어연습,33,3
2019,1,3,테스트영어연습,34,1
2019,1,3,테스트영어연습,35,"2,4"
2019,1,3,현대중국입문,1,3
2019,1,3,현대중국입문,2,3
2019,1,3,현대중국입문,3,4
2019,1,3,현대중국입문,4,2
2019,1,3,현대중국입문,5,1
2019,1,3,현대중국입문,6,3
2019,1,3,현대중국입문,7,2
2019,1,3,현대중국입문,8,1
2019,1,3,현대중국입문,9,3
2019,1,3,현대중국입문,10,3
2019,1,3,현대중국입문,11,1
2019,1,3,현대중국입문,12,2
2019,1,3,현대중국입문,13,2
2019,1,3,현대중국입문,14,3
2019,1,3,현대중국입문,15,4
2019,1,3,현대중국입문,16,4
2019,1,3,현대중국입문,17,"3,4"
2019,1,3,현대중국입문,18,1
2019,1,3,현대중국입문,19,4
2019,1,3,현대중국입문,20,2
2019,1,3,현대중국입문,21,1
2019,1,3,현대중국입문,22,2
2019,1,3,현대중국입문,23,1
2019,1,3,현대중국입문,24,1
2019,1,3,현대중국입문,25,4
2019,1,3,고급중국어1,1,3
2019,1,3,고급중국어1,2,3
2019,1,3,고급중국어1,3,1
2019,1,3,고급중국어1,4,4
2019,1,3,고급중국어1,5,"1,2,3,4"
2019,1,3,고급중국어1,6,2
2019,1,3,고급중국어1,7,4
2019,1,3,고급중국어1,8,4
2019,1,3,고급중국어1,9,1
2019,1,3,고급중국어1,10,1
2019,1,3,고급중국어1,11,2
2019,1,3,고급중국어1,12,4
2019,1,3,고급중국어1,13,1
2019,1,3,고급중국어1,14,3
2019,1,3,고급중국어1,15,2
2019,1,3,고급중국어1,16,3
2019,1,3,고급중국어1,17,1
2019,1,3,고급중국어1,18,2
2019,1,3,고급중국어1,19,4
2019,1,3,고급중국어1,20,1
2019,1,3,고급중국어1,21,2
2019,1,3,고급중국어1,22,4
2019,1,3,고급중국어1,23,2
2019,1,3,고급중국어1,24,4
2019,1,3,고급중국어1,25,3
2019,1,3,고급중국어1,26,3
2019,1,3,고급중국어1,27,1
2019,1,3,고급중국어1,28,2
2019,1,3,고급중국어1,29,4
2019,1,3,고급중국어1,30,1
2019,1,3,고급중국어1,31,3
2019,1,3,고급중국어1,32,3
2019,1,3,고급중국어1,33,1
2019,1,3,고급중국어1,34,2
2019,1,3,고급중국어1,35,1
2019,1,3,중국공연예술,1,4
2019,1,3,중국공연예술,2,2
2019,1,3,중국공연예술,3,4
2019,1,3,중국공연예술,4,1
2019,1,3,중국공연예술,5,2
2019,1,3,중국공연예술,6,4
2019,1,3,중국공연예술,7,3
2019,1,3,중국공연예술,8,1
2019,1,3,중국공연예술,9,3
2019,1,3,중국공연예술,10,4
2019,1,3,중국공연예술,11,2
2019,1,3,중국공연예술,12,2
2019,1,3,중국공연예술,13,4
2019,1,3,중국공연예술,14,2
2019,1,3,중국공연예술,15,3
2019,1,3,중국공연예술,16,1
2019,1,3,중국공연예술,17,2
2019,1,3,중국공연예술,18,3
2019,1,3,중국공연예술,19,4
2019,1,3,중국공연예술,20,1
2019,1,3,중국공연예술,21,2
2019,1,3,중국공연예술,22,3
2019,1,3,중국공연예술,23,1
2019,1,3,중국공연예술,24,1
2019,1,3,중국공연예술,25,2
2019,1,3,중국공연예술,26,4
2019,1,3,중국공연예술,27,2
2019,1,3,중국공연예술,28,1
2019,1,3,중국공연예술,29,4
2019,1,3,중국공연예술,30,4
2019,1,3,중국공연예술,31,1
2019,1,3,중국공연예술,32,3
2019,1,3,중국공연예술,33,2
2019,1,3,중국공연예술,34,2
2019,1,3,중국공연예술,35,3
2019,1,3,중국명시감상,1,1
2019,1,3,중국명시감상,2,3
2019,1,3,중국명시감상,3,4
2019,1,3,중국명시감상,4,2
2019,1,3,중국명시감상,5,3
2019,1,3,중국명시감상,6,3
2019,1,3,중국명시감상,7,1
2019,1,3,중국명시감상,8,3
2019,1,3,중국명시감상,9,2
2019,1,3,중국명시감상,10,1
2019,1,3,중국명시감상,11,2
2019,1,3,중국명시감상,12,1
2019,1,3,중국명시감상,13,1
2019,1,3,중국명시감상,14,1
2019,1,3,중국명시감상,15,1
2019,1,3,중국명시감상,16,3
2019,1,3,중국명시감상,17,2
2019,1,3,중국명시감상,18,2
2019,1,3,중국명시감상,19,2
2019,1,3,중국명시감상,20,2
2019,1,3,중국명시감상,21,4
2019,1,3,중국명시감상,22,2
2019,1,3,중국명시감상,23,2
2019,1,3,중국명시감상,24,2
2019,1,3,중국명시감상,25,4
2019,1,3,중국명시감상,26,3
2019,1,3,중국명시감상,27,1
2019,1,3,중국명시감상,28,3
2019,1,3,중국명시감상,29,2
2019,1,3,중국명시감상,30,3
2019,1,3,중국명시감상,31,1
2019,1,3,중국명시감상,32,4
2019,1,3,중국명시감상,33,4
2019,1,3,중국명시감상,34,1
2019,1,3,중국명시감상,35,3
2019,1,3,중국어듣기연습1,1,1
2019,1,3,중국어듣기연습1,2,2
2019,1,3,중국어듣기연습1,3,4
2019,1,3,중국어듣기연습1,4,4
2019,1,3,중국어듣기연습1,5,3
2019,1,3,중국어듣기연습1,6,3
2019,1,3,중국어듣기연습1,7,1
2019,1,3,중국어듣기연습1,8,2
2019,1,3,중국어듣기연습1,9,1
2019,1,3,중국어듣기연습1,10,4
2019,1,3,중국어듣기연습1,11,1
2019,1,3,중국어듣기연습1,12,2
2019,1,3,중국어듣기연습1,13,3
2019,1,3,중국어듣기연습1,14,1
2019,1,3,중국어듣기연습1,15,3
2019,1,3,중국어듣기연습1,16,2
2019,1,3,중국어듣기연습1,17,2
2019,1,3,중국어듣기연습1,18,3
2019,1,3,중국어듣기연습1,19,2
2019,1,3,중국어듣기연습1,20,4
2019,1,3,중국어듣기연습1,21,4
2019,1,3,중국어듣기연습1,22,1
2019,1,3,중국어듣기연습1,23,1
2019,1,3,중국어듣기연습1,24,2
2019,1,3,중국어듣기연습1,25,3
2019,1,3,프랑스어회화1,1,2
2019,1,3,프랑스어회화1,2,4
2019,1,3,프랑스어회화1,3,1
2019,1,3,프랑스어회화1,4,1
2019,1,3,프랑스어회화1,5,2
2019,1,3,프랑스어회화1,6,2
2019,1,3,프랑스어회화1,7,4
2019,1,3,프랑스어회화1,8,2
2019,1,3,프랑스어회화1,9,4
2019,1,3,프랑스어회화1,10,4
2019,1,3,프랑스어회화1,11,3
2019,1,3,프랑스어회화1,12,1
2019,1,3,프랑스어회화1,13,1
2019,1,3,프랑스어회화1,14,2
2019,1,3,프랑스어회화1,15,4
2019,1,3,프랑스어회화1,16,2
2019,1,3,프랑스어회화1,17,1
2019,1,3,프랑스어회화1,18,2
2019,1,3,프랑스어회화1,19,3
2019,1,3,프랑스어회화1,20,4
2019,1,3,프랑스어회화1,21,1
2019,1,3,프랑스어회화1,22,3
2019,1,3,프랑스어회화1,23,2
2019,1,3,프랑스어회화1,24,4
2019,1,3,프랑스어회화1,25,1
2019,1,3,프랑스어회화1,26,3
2019,1,3,프랑스어회화1,27,4
2019,1,3,프랑스어회화1,28,2
2019,1,3,프랑스어회화1,29,2
2019,1,3,프랑스어회화1,30,4
2019,1,3,프랑스어회화1,31,4
2019,1,3,프랑스어회화1,32,4
2019,1,3,프랑스어회화1,33,2
2019,1,3,프랑스어회화1,34,1
2019,1,3,프랑스어회화1,35,3
2019,1,3,프랑스어문장연습,1,1
2019,1,3,프랑스어문장연습,2,3
2019,1,3,프랑스어문장연습,3,3
2019,1,3,프랑스어문장연습,4,2
2019,1,3,프랑스어문장연습,5,3
2019,1,3,프랑스어문장연습,6,2
2019,1,3,프랑스어문장연습,7,1
2019,1,3,프랑스어문장연습,8,2
2019,1,3,프랑스어문장연습,9,4
2019,1,3,프랑스어문장연습,10,2
2019,1,3,프랑스어문장연습,11,4
2019,1,3,프랑스어문장연습,12,1
2019,1,3,프랑스어문장연습,13,4
2019,1,3,프랑스어문장연습,14,2
2019,1,3,프랑스어문장연습,15,1
2019,1,3,프랑스어문장연습,16,4
2019,1,3,프랑스어문장연습,17,1
2019,1,3,프랑스어문장연습,18,1
2019,1,3,프랑스어문장연습,19,2
2019,1,3,프랑스어문장연습,20,2
2019,1,3,프랑스어문장연습,21,1
2019,1,3,프랑스어문장연습,22,2
2019,1,3,프랑스어문장연습,23,4
2019,1,3,프랑스어문장연습,24,2
2019,1,3,프랑스어문장연습,25,3
2019,1,3,프랑스어문장연습,26,1
2019,1,3,프랑스어문장연습,27,4
2019,1,3,프랑스어문장연습,28,3
2019,1,3,프랑스어문장연습,29,1
2019,1,3,프랑스어문장연습,30,4
2019,1,3,프랑스어문장연습,31,2
2019,1,3,프랑스어문장연습,32,1
2019,1,3,프랑스어문장연습,33,3
2019,1,3,프랑스어문장연습,34,2
2019,1,3,프랑스어문장연습,35,4
2019,1,3,프랑스시,1,2
2019,1,3,프랑스시,2,1
2019,1,3,프랑스시,3,3
2019,1,3,프랑스시,4,2
2019,1,3,프랑스시,5,2
2019,1,3,프랑스시,6,3
2019,1,3,프랑스시,7,4
2019,1,3,프랑스시,8,3
2019,1,3,프랑스시,9,4
2019,1,3,프랑스시,10,2
2019,1,3,프랑스시,11,4
2019,1,3,프랑스시,12,1
2019,1,3,프랑스시,13,3
2019,1,3,프랑스시,14,3
2019,1,3,프랑스시,15,2
2019,1,3,프랑스시,16,2
2019,1,3,프랑스시,17,2
2019,1,3,프랑스시,18,1
2019,1,3,프랑스시,19,4
2019,1,3,프랑스시,20,4
2019,1,3,프랑스시,21,2
2019,1,3,프랑스시,22,3
2019,1,3,프랑스시,23,2
2019,1,3,프랑스시,24,2
2019,1,3,프랑스시,25,4
2019,1,3,프랑스시,26,3
2019,1,3,프랑스시,27,4
2019,1,3,프랑스시,28,3
2019,1,3,프랑스시,29,1
2019,1,3,프랑스시,30,3
2019,1,3,프랑스시,31,4
2019,1,3,프랑스시,32,2
2019,1,3,프랑스시,33,1
2019,1,3,프랑스시,34,3
2019,1,3,프랑스시,35,3
2019,1,3,프랑스문화읽기,1,1
2019,1,3,프랑스문화읽기,2,3
2019,1,3,프랑스문화읽기,3,4
2019,1,3,프랑스문화읽기,4,2
2019,1,3,프랑스문화읽기,5,1
2019,1,3,프랑스문화읽기,6,4
2019,1,3,프랑스문화읽기,7,3
2019,1,3,프랑스문화읽기,8,2
2019,1,3,프랑스문화읽기,9,4
2019,1,3,프랑스문화읽기,10,1
2019,1,3,프랑스문화읽기,11,4
2019,1,3,프랑스문화읽기,12,2
2019,1,3,프랑스문화읽기,13,4
2019,1,3,프랑스문화읽기,14,4
2019,1,3,프랑스문화읽기,15,2
2019,1,3,프랑스문화읽기,16,3
2019,1,3,프랑스문화읽기,17,2
2019,1,3,프랑스문화읽기,18,1
2019,1,3,프랑스문화읽기,19,2
2019,1,3,프랑스문화읽기,20,4
2019,1,3,프랑스문화읽기,21,2
2019,1,3,프랑스문화읽기,22,2
2019,1,3,프랑스문화읽기,23,3
2019,1,3,프랑스문화읽기,24,3
2019,1,3,프랑스문화읽기,25,1
2019,1,3,프랑스문화읽기,26,4
2019,1,3,프랑스문화읽기,27,2
2019,1,3,프랑스문화읽기,28,1
2019,1,3,프랑스문화읽기,29,3
2019,1,3,프랑스문화읽기,30,3
2019,1,3,프랑스문화읽기,31,1
2019,1,3,프랑스문화읽기,32,4
2019,1,3,프랑스문화읽기,33,3
2019,1,3,프랑스문화읽기,34,1
2019,1,3,프랑스문화읽기,35,1
2019,1,3,프랑스문학산책,1,4
2019,1,3,프랑스문학산책,2,1
2019,1,3,프랑스문학산책,3,4
2019,1,3,프랑스문학산책,4,4
2019,1,3,프랑스문학산책,5,1
2019,1,3,프랑스문학산책,6,3
2019,1,3,프랑스문학산책,7,1
2019,1,3,프랑스문학산책,8,4
2019,1,3,프랑스문학산책,9,4
2019,1,3,프랑스문학산책,10,2
2019,1,3,프랑스문학산책,11,2
2019,1,3,프랑스문학산책,12,4
2019,1,3,프랑스문학산책,13,4
2019,1,3,프랑스문학산책,14,1
2019,1,3,프랑스문학산책,15,1
2019,1,3,프랑스문학산책,16,4
2019,1,3,프랑스문학산책,17,4
2019,1,3,프랑스문학산책,18,2
2019,1,3,프랑스문학산책,19,2
2019,1,3,프랑스문학산책,20,2
2019,1,3,프랑스문학산책,21,1
2019,1,3,프랑스문학산책,22,1
2019,1,3,프랑스문학산책,23,3
2019,1,3,프랑스문학산책,24,2
2019,1,3,프랑스문학산책,25,2
2019,1,3,프랑스문학산책,26,2
2019,1,3,프랑스문학산책,27,4
2019,1,3,프랑스문학산책,28,1
2019,1,3,프랑스문학산책,29,4
2019,1,3,프랑스문학산책,30,4
2019,1,3,프랑스문학산책,31,3
2019,1,3,프랑스문학산책,32,4
2019,1,3,프랑스문학산책,33,4
2019,1,3,프랑스문학산책,34,2
2019,1,3,프랑스문학산책,35,2
2019,1,3,현대일본사회론,1,2
2019,1,3,현대일본사회론,2,1
2019,1,3,현대일본사회론,3,2
2019,1,3,현대일본사회론,4,4
2019,1,3,현대일본사회론,5,1
2019,1,3,현대일본사회론,6,4
2019,1,3,현대일본사회론,7,3
2019,1,3,현대일본사회론,8,3
2019,1,3,현대일본사회론,9,2
2019,1,3,현대일본사회론,10,1
2019,1,3,현대일본사회론,11,3
2019,1,3,현대일본사회론,12,1
2019,1,3,현대일본사회론,13,4
2019,1,3,현대일본사회론,14,2
2019,1,3,현대일본사회론,15,1
2019,1,3,현대일본사회론,16,4
2019,1,3,현대일본사회론,17,4
2019,1,3,현대일본사회론,18,4
2019,1,3,현대일본사회론,19,2
2019,1,3,현대일본사회론,20,2
2019,1,3,현대일본사회론,21,1
2019,1,3,현대일본사회론,22,1
2019,1,3,현대일본사회론,23,1
2019,1,3,현대일본사회론,24,3
2019,1,3,현대일본사회론,25,2
2019,1,3,현대일본사회론,26,1
2019,1,3,현대일본사회론,27,4
2019,1,3,현대일본사회론,28,1
2019,1,3,현대일본사회론,29,3
2019,1,3,현대일본사회론,30,4
2019,1,3,현대일본사회론,31,2
2019,1,3,현대일본사회론,32,2
2019,1,3,현대일본사회론,33,3
2019,1,3,현대일본사회론,34,4
2019,1,3,현대일본사회론,35,3
2019,1,3,중급일본어활용1,1,3
2019,1,3,중급일본어활용1,2,1
2019,1,3,중급일본어활용1,3,4
2019,1,3,중급일본어활용1,4,2
2019,1,3,중급일본어활용1,5,1
2019,1,3,중급일본어활용1,6,3
2019,1,3,중급일본어활용1,7,1
2019,1,3,중급일본어활용1,8,2
2019,1,3,중급일본어활용1,9,4
2019,1,3,중급일본어활용1,10,2
2019,1,3,중급일본어활용1,11,3
2019,1,3,중급일본어활용1,12,1
2019,1,3,중급일본어활용1,13,2
2019,1,3,중급일본어활용1,14,4
2019,1,3,중급일본어활용1,15,3
2019,1,3,중급일본어활용1,16,1
2019,1,3,중급일본어활용1,17,4
2019,1,3,중급일본어활용1,18,2
2019,1,3,중급일본어활용1,19,3
2019,1,3,중급일본어활용1,20,4
2019,1,3,중급일본어활용1,21,2
2019,1,3,중급일본어활용1,22,1
2019,1,3,중급일본어활용1,23,4
2019,1,3,중급일본어활용1,24,2
2019,1,3,중급일본어활용1,25,3
2019,1,3,중급일본어활용1,26,4
2019,1,3,중급일본어활용1,27,2
2019,1,3,중급일본어활용1,28,1
2019,1,3,중급일본어활용1,29,3
2019,1,3,중급일본어활용1,30,4
2019,1,3,중급일본어활용1,31,2
2019,1,3,중급일본어활용1,32,3
2019,1,3,중급일본어활용1,33,1
2019,1,3,중급일본어활용1,34,4
2019,1,3,중급일본어활용1,35,2
2019,1,3,일본의소설,1,4
2019,1,3,일본의소설,2,4
2019,1,3,일본의소설,3,2
2019,1,3,일본의소설,4,2
2019,1,3,일본의소설,5,3
2019,1,3,일본의소설,6,3
2019,1,3,일본의소설,7,4
2019,1,3,일본의소설,8,1
2019,1,3,일본의소설,9,1
2019,1,3,일본의소설,10,2
2019,1,3,일본의소설,11,4
2019,1,3,일본의소설,12,3
2019,1,3,일본의소설,13,2
2019,1,3,일본의소설,14,3
2019,1,3,일본의소설,15,2
2019,1,3,일본의소설,16,2
2019,1,3,일본의소설,17,3
2019,1,3,일본의소설,18,2
2019,1,3,일본의소설,19,4
2019,1,3,일본의소설,20,1
2019,1,3,일본의소설,21,4
2019,1,3,일본의소설,22,2
2019,1,3,일본의소설,23,1
2019,1,3,일본의소설,24,4
2019,1,3,일본의소설,25,2
2019,1,3,일본의소설,26,1
2019,1,3,일본의소설,27,2
2019,1,3,일본의소설,28,1
2019,1,3,일본의소설,29,2
2019,1,3,일본의소설,30,2
2019,1,3,일본의소설,31,3
2019,1,3,일본의소설,32,3
2019,1,3,일본의소설,33,1
2019,1,3,일본의소설,34,1
2019,1,3,일본의소설,35,4
2019,1,3,일본전통문화론,1,2
2019,1,3,일본전통문화론,2,4
2019,1,3,일본전통문화론,3,"1,2,3,4"
2019,1,3,일본전통문화론,4,2
2019,1,3,일본전통문화론,5,1
2019,1,3,일본전통문화론,6,3
2019,1,3,일본전통문화론,7,2
2019,1,3,일본전통문화론,8,3
2019,1,3,일본전통문화론,9,2
2019,1,3,일본전통문화론,10,3
2019,1,3,일본전통문화론,11,3
2019,1,3,일본전통문화론,12,2
2019,1,3,일본전통문화론,13,4
2019,1,3,일본전통문화론,14,3
2019,1,3,일본전통문화론,15,4
2019,1,3,일본전통문화론,16,3
2019,1,3,일본전통문화론,17,2
2019,1,3,일본전통문화론,18,4
2019,1,3,일본전통문화론,19,2
2019,1,3,일본전통문화론,20,4
2019,1,3,일본전통문화론,21,1
2019,1,3,일본전통문화론,22,1
2019,1,3,일본전통문화론,23,3
2019,1,3,일본전통문화론,24,3
2019,1,3,일본전통문화론,25,4
2019,1,3,근현대일본정치사,1,4
2019,1,3,근현대일본정치사,2,2
2019,1,3,근현대일본정치사,3,3
2019,1,3,근현대일본정치사,4,3
2019,1,3,근현대일본정치사,5,4
2019,1,3,근현대일본정치사,6,3
2019,1,3,근현대일본정치사,7,1
2019,1,3,근현대일본정치사,8,4
2019,1,3,근현대일본정치사,9,1
2019,1,3,근현대일본정치사,10,3
2019,1,3,근현대일본정치사,11,4
2019,1,3,근현대일본정치사,12,4
2019,1,3,근현대일본정치사,13,1
2019,1,3,근현대일본정치사,14,3
2019,1,3,근현대일본정치사,15,"2,3"
2019,1,3,근현대일본정치사,16,2
2019,1,3,근현대일본정치사,17,1
2019,1,3,근현대일본정치사,18,2
2019,1,3,근현대일본정치사,19,1
2019,1,3,근현대일본정치사,20,2
2019,1,3,근현대일본정치사,21,4
2019,1,3,근현대일본정치사,22,1
2019,1,3,근현대일본정치사,23,"1,2,3,4"
2019,1,3,근현대일본정치사,24,4
2019,1,3,근현대일본정치사,25,1
2019,1,3,근현대일본정치사,26,2
2019,1,3,근현대일본정치사,27,2
2019,1,3,근현대일본정치사,28,3
2019,1,3,근현대일본정치사,29,2
2019,1,3,근현대일본정치사,30,3
2019,1,3,근현대일본정치사,31,3
2019,1,3,근현대일본정치사,32,1
2019,1,3,근현대일본정치사,33,3
2019,1,3,근현대일본정치사,34,2
2019,1,3,근현대일본정치사,35,4
2019,1,3,법사상사,1,4
2019,1,3,법사상사,2,3
2019,1,3,법사상사,3,2
2019,1,3,법사상사,4,2
2019,1,3,법사상사,5,3
2019,1,3,법사상사,6,1
2019,1,3,법사상사,7,1
2019,1,3,법사상사,8,1
2019,1,3,법사상사,9,2
2019,1,3,법사상사,10,2
2019,1,3,법사상사,11,1
2019,1,3,법사상사,12,1
2019,1,3,법사상사,13,4
2019,1,3,법사상사,14,3
2019,1,3,법사상사,15,3
2019,1,3,법사상사,16,1
2019,1,3,법사상사,17,4
2019,1,3,법사상사,18,4
2019,1,3,법사상사,19,3
2019,1,3,법사상사,20,2
2019,1,3,법사상사,21,4
2019,1,3,법사상사,22,1
2019,1,3,법사상사,23,1
2019,1,3,법사상사,24,1
2019,1,3,법사상사,25,2
2019,1,3,법사상사,26,4
2019,1,3,법사상사,27,3
2019,1,3,법사상사,28,3
2019,1,3,법사상사,29,2
2019,1,3,법사상사,30,3
2019,1,3,법사상사,31,1
2019,1,3,법사상사,32,4
2019,1,3,법사상사,33,1
2019,1,3,법사상사,34,3
2019,1,3,법사상사,35,4
2019,1,3,지적재산권법,1,2
2019,1,3,지적재산권법,2,2
2019,1,3,지적재산권법,3,4
2019,1,3,지적재산권법,4,3
2019,1,3,지적재산권법,5,4
2019,1,3,지적재산권법,6,3
2019,1,3,지적재산권법,7,2
2019,1,3,지적재산권법,8,3
2019,1,3,지적재산권법,9,3
2019,1,3,지적재산권법,10,2
2019,1,3,지적재산권법,11,1
2019,1,3,지적재산권법,12,2
2019,1,3,지적재산권법,13,4
2019,1,3,지적재산권법,14,1
2019,1,3,지적재산권법,15,4
2019,1,3,지적재산권법,16,3
2019,1,3,지적재산권법,17,1
2019,1,3,지적재산권법,18,3
2019,1,3,지적재산권법,19,2
2019,1,3,지적재산권법,20,2
2019,1,3,지적재산권법,21,1
2019,1,3,지적재산권법,22,4
2019,1,3,지적재산권법,23,3
2019,1,3,지적재산권법,24,2
2019,1,3,지적재산권법,25,4
2019,1,3,공정거래법,1,3
2019,1,3,공정거래법,2,2
2019,1,3,공정거래법,3,2
2019,1,3,공정거래법,4,1
2019,1,3,공정거래법,5,2
2019,1,3,공정거래법,6,1
2019,1,3,공정거래법,7,1
2019,1,3,공정거래법,8,3
2019,1,3,공정거래법,9,4
2019,1,3,공정거래법,10,3
2019,1,3,공정거래법,11,4
2019,1,3,공정거래법,12,3
2019,1,3,공정거래법,13,2
2019,1,3,공정거래법,14,1
2019,1,3,공정거래법,15,2
2019,1,3,공정거래법,16,3
2019,1,3,공정거래법,17,4
2019,1,3,공정거래법,18,3
2019,1,3,공정거래법,19,2
2019,1,3,공정거래법,20,3
2019,1,3,공정거래법,21,4
2019,1,3,공정거래법,22,3
2019,1,3,공정거래법,23,2
2019,1,3,공정거래법,24,1
2019,1,3,공정거래법,25,2
2019,1,3,공정거래법,26,3
2019,1,3,공정거래법,27,4
2019,1,3,공정거래법,28,3
2019,1,3,공정거래법,29,2
2019,1,3,공정거래법,30,1
2019,1,3,공정거래법,31,2
2019,1,3,공정거래법,32,3
2019,1,3,공정거래법,33,4
2019,1,3,공정거래법,34,3
2019,1,3,공정거래법,35,2
2019,1,3,일반행정법,1,2
2019,1,3,일반행정법,2,4
2019,1,3,일반행정법,3,1
2019,1,3,일반행정법,4,3
2019,1,3,일반행정법,5,4
2019,1,3,일반행정법,6,2
2019,1,3,일반행정법,7,3
2019,1,3,일반행정법,8,1
2019,1,3,일반행정법,9,4
2019,1,3,일반행정법,10,3
2019,1,3,일반행정법,11,2
2019,1,3,일반행정법,12,4
2019,1,3,일반행정법,13,2
2019,1,3,일반행정법,14,1
2019,1,3,일반행정법,15,4
2019,1,3,일반행정법,16,3
2019,1,3,일반행정법,17,3
2019,1,3,일반행정법,18,4
2019,1,3,일반행정법,19,2
2019,1,3,일반행정법,20,3
2019,1,3,일반행정법,21,3
2019,1,3,일반행정법,22,"1,2,3,4"
2019,1,3,일반행정법,23,1
2019,1,3,일반행정법,24,2
2019,1,3,일반행정법,25,1
2019,1,3,비교법,1,3
2019,1,3,비교법,2,2
2019,1,3,비교법,3,4
2019,1,3,비교법,4,2
2019,1,3,비교법,5,3
2019,1,3,비교법,6,1
2019,1,3,비교법,7,1
2019,1,3,비교법,8,4
2019,1,3,비교법,9,3
2019,1,3,비교법,10,1
2019,1,3,비교법,11,4
2019,1,3,비교법,12,2
2019,1,3,비교법,13,1
2019,1,3,비교법,14,3
2019,1,3,비교법,15,4
2019,1,3,비교법,16,2
2019,1,3,비교법,17,2
2019,1,3,비교법,18,1
2019,1,3,비교법,19,3
2019,1,3,비교법,20,2
2019,1,3,비교법,21,4
2019,1,3,비교법,22,3
2019,1,3,비교법,23,2
2019,1,3,비교법,24,1
2019,1,3,비교법,25,4
2019,1,3,비교법,26,2
2019,1,3,비교법,27,3
2019,1,3,비교법,28,3
2019,1,3,비교법,29,1
2019,1,3,비교법,30,4
2019,1,3,비교법,31,4
2019,1,3,비교법,32,3
2019,1,3,비교법,33,1
2019,1,3,비교법,34,2
2019,1,3,비교법,35,3
2019,1,3,국제인권법,1,2
2019,1,3,국제인권법,2,2
2019,1,3,국제인권법,3,1
2019,1,3,국제인권법,4,2
2019,1,3,국제인권법,5,4
2019,1,3,국제인권법,6,1
2019,1,3,국제인권법,7,2
2019,1,3,국제인권법,8,1
2019,1,3,국제인권법,9,1
2019,1,3,국제인권법,10,3
2019,1,3,국제인권법,11,4
2019,1,3,국제인권법,12,2
2019,1,3,국제인권법,13,1
2019,1,3,국제인권법,14,4
2019,1,3,국제인권법,15,3
2019,1,3,국제인권법,16,2
2019,1,3,국제인권법,17,3
2019,1,3,국제인권법,18,4
2019,1,3,국제인권법,19,2
2019,1,3,국제인권법,20,4
2019,1,3,국제인권법,21,2
2019,1,3,국제인권법,22,4
2019,1,3,국제인권법,23,2
2019,1,3,국제인권법,24,4
2019,1,3,국제인권법,25,3
2019,1,3,성과관리론,1,4
2019,1,3,성과관리론,2,2
2019,1,3,성과관리론,3,2
2019,1,3,성과관리론,4,4
2019,1,3,성과관리론,5,3
2019,1,3,성과관리론,6,2
2019,1,3,성과관리론,7,2
2019,1,3,성과관리론,8,3
2019,1,3,성과관리론,9,3
2019,1,3,성과관리론,10,4
2019,1,3,성과관리론,11,"1,2,3,4"
2019,1,3,성과관리론,12,4
2019,1,3,성과관리론,13,2
2019,1,3,성과관리론,14,3
2019,1,3,성과관리론,15,2
2019,1,3,성과관리론,16,4
2019,1,3,성과관리론,17,4
2019,1,3,성과관리론,18,2
2019,1,3,성과관리론,19,1
2019,1,3,성과관리론,20,3
2019,1,3,성과관리론,21,4
2019,1,3,성과관리론,22,2
2019,1,3,성과관리론,23,4
2019,1,3,성과관리론,24,2
2019,1,3,성과관리론,25,3
2019,1,3,공기업론,1,2
2019,1,3,공기업론,2,2
2019,1,3,공기업론,3,4
2019,1,3,공기업론,4,4
2019,1,3,공기업론,5,1
2019,1,3,공기업론,6,3
2019,1,3,공기업론,7,2
2019,1,3,공기업론,8,4
2019,1,3,공기업론,9,3
2019,1,3,공기업론,10,1
2019,1,3,공기업론,11,4
2019,1,3,공기업론,12,2
2019,1,3,공기업론,13,4
2019,1,3,공기업론,14,1
2019,1,3,공기업론,15,2
2019,1,3,공기업론,16,3
2019,1,3,공기업론,17,4
2019,1,3,공기업론,18,3
2019,1,3,공기업론,19,3
2019,1,3,공기업론,20,2
2019,1,3,공기업론,21,4
2019,1,3,공기업론,22,4
2019,1,3,공기업론,23,3
2019,1,3,공기업론,24,3
2019,1,3,공기업론,25,3
2019,1,3,비교행정론,1,1
2019,1,3,비교행정론,2,1
2019,1,3,비교행정론,3,4
2019,1,3,비교행정론,4,2
2019,1,3,비교행정론,5,3
2019,1,3,비교행정론,6,2
2019,1,3,비교행정론,7,1
2019,1,3,비교행정론,8,4
2019,1,3,비교행정론,9,2
2019,1,3,비교행정론,10,3
2019,1,3,비교행정론,11,1
2019,1,3,비교행정론,12,2
2019,1,3,비교행정론,13,1
2019,1,3,비교행정론,14,1
2019,1,3,비교행정론,15,3
2019,1,3,비교행정론,16,2
2019,1,3,비교행정론,17,1
2019,1,3,비교행정론,18,1
2019,1,3,비교행정론,19,3
2019,1,3,비교행정론,20,1
2019,1,3,비교행정론,21,4
2019,1,3,비교행정론,22,2
2019,1,3,비교행정론,23,1
2019,1,3,비교행정론,24,3
2019,1,3,비교행정론,25,4
2019,1,3,행정계량분석,1,4
2019,1,3,행정계량분석,2,1
2019,1,3,행정계량분석,3,3
2019,1,3,행정계량분석,4,2
2019,1,3,행정계량분석,5,1
2019,1,3,행정계량분석,6,3
2019,1,3,행정계량분석,7,4
2019,1,3,행정계량분석,8,2
2019,1,3,행정계량분석,9,2
2019,1,3,행정계량분석,10,1
2019,1,3,행정계량분석,11,3
2019,1,3,행정계량분석,12,1
2019,1,3,행정계량분석,13,2
2019,1,3,행정계량분석,14,4
2019,1,3,행정계량분석,15,3
2019,1,3,행정계량분석,16,4
2019,1,3,행정계량분석,17,2
2019,1,3,행정계량분석,18,3
2019,1,3,행정계량분석,19,1
2019,1,3,행정계량분석,20,2
2019,1,3,행정계량분석,21,1
2019,1,3,행정계량분석,22,4
2019,1,3,행정계량분석,23,3
2019,1,3,행정계량분석,24,2
2019,1,3,행정계량분석,25,3
2019,1,3,지방자치행정론,1,4
2019,1,3,지방자치행정론,2,2
2019,1,3,지방자치행정론,3,1
2019,1,3,지방자치행정론,4,3
2019,1,3,지방자치행정론,5,1
2019,1,3,지방자치행정론,6,4
2019,1,3,지방자치행정론,7,3
2019,1,3,지방자치행정론,8,2
2019,1,3,지방자치행정론,9,3
2019,1,3,지방자치행정론,10,2
2019,1,3,지방자치행정론,11,2
2019,1,3,지방자치행정론,12,4
2019,1,3,지방자치행정론,13,3
2019,1,3,지방자치행정론,14,4
2019,1,3,지방자치행정론,15,3
2019,1,3,지방자치행정론,16,3
2019,1,3,지방자치행정론,17,4
2019,1,3,지방자치행정론,18,2
2019,1,3,지방자치행정론,19,2
2019,1,3,지방자치행정론,20,4
2019,1,3,지방자치행정론,21,4
2019,1,3,지방자치행정론,22,2
2019,1,3,지방자치행정론,23,3
2019,1,3,지방자치행정론,24,4
2019,1,3,지방자치행정론,25,4
2019,1,3,기술혁신의경제학,1,4
2019,1,3,기술혁신의경제학,2,4
2019,1,3,기술혁신의경제학,3,3
2019,1,3,기술혁신의경제학,4,2
2019,1,3,기술혁신의경제학,5,3
2019,1,3,기술혁신의경제학,6,3
2019,1,3,기술혁신의경제학,7,3
2019,1,3,기술혁신의경제학,8,3
2019,1,3,기술혁신의경제학,9,1
2019,1,3,기술혁신의경제학,10,4
2019,1,3,기술혁신의경제학,11,2
2019,1,3,기술혁신의경제학,12,2
2019,1,3,기술혁신의경제학,13,2
2019,1,3,기술혁신의경제학,14,2
2019,1,3,기술혁신의경제학,15,3
2019,1,3,기술혁신의경제학,16,3
2019,1,3,기술혁신의경제학,17,4
2019,1,3,기술혁신의경제학,18,2
2019,1,3,기술혁신의경제학,19,3
2019,1,3,기술혁신의경제학,20,2
2019,1,3,기술혁신의경제학,21,3
2019,1,3,기술혁신의경제학,22,2
2019,1,3,기술혁신의경제학,23,1
2019,1,3,기술혁신의경제학,24,1
2019,1,3,기술혁신의경제학,25,3
2019,1,3,금융시장론,1,1
2019,1,3,금융시장론,2,2
2019,1,3,금융시장론,3,1
2019,1,3,금융시장론,4,4
2019,1,3,금융시장론,5,2
2019,1,3,금융시장론,6,3
2019,1,3,금융시장론,7,3
2019,1,3,금융시장론,8,3
2019,1,3,금융시장론,9,3
2019,1,3,금융시장론,10,2
2019,1,3,금융시장론,11,3
2019,1,3,금융시장론,12,3
2019,1,3,금융시장론,13,4
2019,1,3,금융시장론,14,2
2019,1,3,금융시장론,15,3
2019,1,3,금융시장론,16,2
2019,1,3,금융시장론,17,2
2019,1,3,금융시장론,18,2
2019,1,3,금융시장론,19,4
2019,1,3,금융시장론,20,2
2019,1,3,금융시장론,21,1
2019,1,3,금융시장론,22,2
2019,1,3,금융시장론,23,3
2019,1,3,금융시장론,24,2
2019,1,3,금융시장론,25,4
2019,1,3,기업경제학,1,2
2019,1,3,기업경제학,2,1
2019,1,3,기업경제학,3,3
2019,1,3,기업경제학,4,2
2019,1,3,기업경제학,5,4
2019,1,3,기업경제학,6,4
2019,1,3,기업경제학,7,1
2019,1,3,기업경제학,8,1
2019,1,3,기업경제학,9,4
2019,1,3,기업경제학,10,2
2019,1,3,기업경제학,11,3
2019,1,3,기업경제학,12,4
2019,1,3,기업경제학,13,3
2019,1,3,기업경제학,14,1
2019,1,3,기업경제학,15,1
2019,1,3,기업경제학,16,2
2019,1,3,기업경제학,17,3
2019,1,3,기업경제학,18,3
2019,1,3,기업경제학,19,2
2019,1,3,기업경제학,20,2
2019,1,3,기업경제학,21,1
2019,1,3,기업경제학,22,3
2019,1,3,기업경제학,23,2
2019,1,3,기업경제학,24,2
2019,1,3,기업경제학,25,4
2019,1,3,한국산업의이해,1,4
2019,1,3,한국산업의이해,2,2
2019,1,3,한국산업의이해,3,2
2019,1,3,한국산업의이해,4,1
2019,1,3,한국산업의이해,5,3
2019,1,3,한국산업의이해,6,4
2019,1,3,한국산업의이해,7,2
2019,1,3,한국산업의이해,8,3
2019,1,3,한국산업의이해,9,1
2019,1,3,한국산업의이해,10,3
2019,1,3,한국산업의이해,11,2
2019,1,3,한국산업의이해,12,4
2019,1,3,한국산업의이해,13,1
2019,1,3,한국산업의이해,14,4
2019,1,3,한국산업의이해,15,4
2019,1,3,한국산업의이해,16,1
2019,1,3,한국산업의이해,17,4
2019,1,3,한국산업의이해,18,2
2019,1,3,한국산업의이해,19,3
2019,1,3,한국산업의이해,20,4
2019,1,3,한국산업의이해,21,1
2019,1,3,한국산업의이해,22,2
2019,1,3,한국산업의이해,23,3
2019,1,3,한국산업의이해,24,2
2019,1,3,한국산업의이해,25,4
2019,1,3,재정학,1,4
2019,1,3,재정학,2,3
2019,1,3,재정학,3,2
2019,1,3,재정학,4,4
2019,1,3,재정학,5,1
2019,1,3,재정학,6,1
2019,1,3,재정학,7,1
2019,1,3,재정학,8,3
2019,1,3,재정학,9,4
2019,1,3,재정학,10,3
2019,1,3,재정학,11,2
2019,1,3,재정학,12,1
2019,1,3,재정학,13,3
2019,1,3,재정학,14,4
2019,1,3,재정학,15,3
2019,1,3,재정학,16,4
2019,1,3,재정학,17,2
2019,1,3,재정학,18,3
2019,1,3,재정학,19,3
2019,1,3,재정학,20,4
2019,1,3,재정학,21,3
2019,1,3,재정학,22,4
2019,1,3,재정학,23,4
2019,1,3,재정학,24,3
2019,1,3,재정학,25,3
2019,1,3,재정학,26,1
2019,1,3,재정학,27,4
2019,1,3,재정학,28,3
2019,1,3,재정학,29,3
2019,1,3,재정학,30,3
2019,1,3,재정학,31,1
2019,1,3,재정학,32,4
2019,1,3,재정학,33,3
2019,1,3,재정학,34,2
2019,1,3,재정학,35,3
2019,1,3,성장과복지의경제학,1,4
2019,1,3,성장과복지의경제학,2,2
2019,1,3,성장과복지의경제학,3,1
2019,1,3,성장과복지의경제학,4,3
2019,1,3,성장과복지의경제학,5,1
2019,1,3,성장과복지의경제학,6,4
2019,1,3,성장과복지의경제학,7,2
2019,1,3,성장과복지의경제학,8,2
2019,1,3,성장과복지의경제학,9,4
2019,1,3,성장과복지의경제학,10,3
2019,1,3,성장과복지의경제학,11,2
2019,1,3,성장과복지의경제학,12,1
2019,1,3,성장과복지의경제학,13,2
2019,1,3,성장과복지의경제학,14,2
2019,1,3,성장과복지의경제학,15,4
2019,1,3,성장과복지의경제학,16,1
2019,1,3,성장과복지의경제학,17,1
2019,1,3,성장과복지의경제학,18,3
2019,1,3,성장과복지의경제학,19,4
2019,1,3,성장과복지의경제학,20,1
2019,1,3,성장과복지의경제학,21,3
2019,1,3,성장과복지의경제학,22,2
2019,1,3,성장과복지의경제학,23,3
2019,1,3,성장과복지의경제학,24,4
2019,1,3,성장과복지의경제학,25,3
2019,1,3,영문정보및서식의이해,1,2
2019,1,3,영문정보및서식의이해,2,4
2019,1,3,영문정보및서식의이해,3,4
2019,1,3,영문정보및서식의이해,4,3
2019,1,3,영문정보및서식의이해,5,3
2019,1,3,영문정보및서식의이해,6,2
2019,1,3,영문정보및서식의이해,7,3
2019,1,3,영문정보및서식의이해,8,2
2019,1,3,영문정보및서식의이해,9,4
2019,1,3,영문정보및서식의이해,10,4
2019,1,3,영문정보및서식의이해,11,1
2019,1,3,영문정보및서식의이해,12,1
2019,1,3,영문정보및서식의이해,13,4
2019,1,3,영문정보및서식의이해,14,4
2019,1,3,영문정보및서식의이해,15,1
2019,1,3,영문정보및서식의이해,16,4
2019,1,3,영문정보및서식의이해,17,2
2019,1,3,영문정보및서식의이해,18,4
2019,1,3,영문정보및서식의이해,19,2
2019,1,3,영문정보및서식의이해,20,3
2019,1,3,영문정보및서식의이해,21,4
2019,1,3,영문정보및서식의이해,22,4
2019,1,3,영문정보및서식의이해,23,3
2019,1,3,영문정보및서식의이해,24,2
2019,1,3,영문정보및서식의이해,25,3
2019,1,3,영문정보및서식의이해,26,1
2019,1,3,영문정보및서식의이해,27,2
2019,1,3,영문정보및서식의이해,28,4
2019,1,3,영문정보및서식의이해,29,2
2019,1,3,영문정보및서식의이해,30,3
2019,1,3,영문정보및서식의이해,31,4
2019,1,3,영문정보및서식의이해,32,3
2019,1,3,영문정보및서식의이해,33,1
2019,1,3,영문정보및서식의이해,34,3
2019,1,3,영문정보및서식의이해,35,1
2019,1,3,소비자행동론,1,1
2019,1,3,소비자행동론,2,2
2019,1,3,소비자행동론,3,3
2019,1,3,소비자행동론,4,1
2019,1,3,소비자행동론,5,4
2019,1,3,소비자행동론,6,2
2019,1,3,소비자행동론,7,2
2019,1,3,소비자행동론,8,1
2019,1,3,소비자행동론,9,2
2019,1,3,소비자행동론,10,4
2019,1,3,소비자행동론,11,3
2019,1,3,소비자행동론,12,1
2019,1,3,소비자행동론,13,2
2019,1,3,소비자행동론,14,1
2019,1,3,소비자행동론,15,4
2019,1,3,소비자행동론,16,2
2019,1,3,소비자행동론,17,2
2019,1,3,소비자행동론,18,1
2019,1,3,소비자행동론,19,1
2019,1,3,소비자행동론,20,4
2019,1,3,소비자행동론,21,2
2019,1,3,소비자행동론,22,3
2019,1,3,소비자행동론,23,3
2019,1,3,소비자행동론,24,3
2019,1,3,소비자행동론,25,1
2019,1,3,소비자행동론,26,4
2019,1,3,소비자행동론,27,2
2019,1,3,소비자행동론,28,3
2019,1,3,소비자행동론,29,1
2019,1,3,소비자행동론,30,4
2019,1,3,소비자행동론,31,1
2019,1,3,소비자행동론,32,4
2019,1,3,소비자행동론,33,3
2019,1,3,소비자행동론,34,2
2019,1,3,소비자행동론,35,1
2019,1,3,e-비즈니스,1,4
2019,1,3,e-비즈니스,2,1
2019,1,3,e-비즈니스,3,2
2019,1,3,e-비즈니스,4,3
2019,1,3,e-비즈니스,5,3
2019,1,3,e-비즈니스,6,1
2019,1,3,e-비즈니스,7,3
2019,1,3,e-비즈니스,8,1
2019,1,3,e-비즈니스,9,3
2019,1,3,e-비즈니스,10,2
2019,1,3,e-비즈니스,11,2
2019,1,3,e-비즈니스,12,4
2019,1,3,e-비즈니스,13,4
2019,1,3,e-비즈니스,14,1
2019,1,3,e-비즈니스,15,3
2019,1,3,e-비즈니스,16,2
2019,1,3,e-비즈니스,17,3
2019,1,3,e-비즈니스,18,2
2019,1,3,e-비즈니스,19,4
2019,1,3,e-비즈니스,20,3
2019,1,3,e-비즈니스,21,1
2019,1,3,e-비즈니스,22,2
2019,1,3,e-비즈니스,23,3
2019,1,3,e-비즈니스,24,4
2019,1,3,e-비즈니스,25,2
2019,1,3,e-비즈니스,26,2
2019,1,3,e-비즈니스,27,1
2019,1,3,e-비즈니스,28,3
2019,1,3,e-비즈니스,29,2
2019,1,3,e-비즈니스,30,1
2019,1,3,e-비즈니스,31,4
2019,1,3,e-비즈니스,32,3
2019,1,3,e-비즈니스,33,2
2019,1,3,e-비즈니스,34,1
2019,1,3,e-비즈니스,35,1
2019,1,3,전략적인적자원개발론,1,4
2019,1,3,전략적인적자원개발론,2,4
2019,1,3,전략적인적자원개발론,3,3
2019,1,3,전략적인적자원개발론,4,4
2019,1,3,전략적인적자원개발론,5,1
2019,1,3,전략적인적자원개발론,6,2
2019,1,3,전략적인적자원개발론,7,2
2019,1,3,전략적인적자원개발론,8,3
2019,1,3,전략적인적자원개발론,9,2
2019,1,3,전략적인적자원개발론,10,2
2019,1,3,전략적인적자원개발론,11,2
2019,1,3,전략적인적자원개발론,12,4
2019,1,3,전략적인적자원개발론,13,4
2019,1,3,전략적인적자원개발론,14,1
2019,1,3,전략적인적자원개발론,15,2
2019,1,3,전략적인적자원개발론,16,2
2019,1,3,전략적인적자원개발론,17,4
2019,1,3,전략적인적자원개발론,18,4
2019,1,3,전략적인적자원개발론,19,1
2019,1,3,전략적인적자원개발론,20,1
2019,1,3,전략적인적자원개발론,21,2
2019,1,3,전략적인적자원개발론,22,1
2019,1,3,전략적인적자원개발론,23,3
2019,1,3,전략적인적자원개발론,24,3
2019,1,3,전략적인적자원개발론,25,2
2019,1,3,전략적인적자원개발론,26,4
2019,1,3,전략적인적자원개발론,27,4
2019,1,3,전략적인적자원개발론,28,1
2019,1,3,전략적인적자원개발론,29,4
2019,1,3,전략적인적자원개발론,30,4
2019,1,3,전략적인적자원개발론,31,2
2019,1,3,전략적인적자원개발론,32,1
2019,1,3,전략적인적자원개발론,33,1
2019,1,3,전략적인적자원개발론,34,4
2019,1,3,전략적인적자원개발론,35,2
2019,1,3,중급재무회계,1,4
2019,1,3,중급재무회계,2,2
2019,1,3,중급재무회계,3,1
2019,1,3,중급재무회계,4,2
2019,1,3,중급재무회계,5,1
2019,1,3,중급재무회계,6,4
2019,1,3,중급재무회계,7,4
2019,1,3,중급재무회계,8,3
2019,1,3,중급재무회계,9,1
2019,1,3,중급재무회계,10,4
2019,1,3,중급재무회계,11,1
2019,1,3,중급재무회계,12,1
2019,1,3,중급재무회계,13,4
2019,1,3,중급재무회계,14,2
2019,1,3,중급재무회계,15,4
2019,1,3,중급재무회계,16,2
2019,1,3,중급재무회계,17,3
2019,1,3,중급재무회계,18,3
2019,1,3,중급재무회계,19,3
2019,1,3,중급재무회계,20,2
2019,1,3,중급재무회계,21,2
2019,1,3,중급재무회계,22,1
2019,1,3,중급재무회계,23,1
2019,1,3,중급재무회계,24,4
2019,1,3,중급재무회계,25,4
2019,1,3,중급재무회계,26,4
2019,1,3,중급재무회계,27,4
2019,1,3,중급재무회계,28,4
2019,1,3,중급재무회계,29,1
2019,1,3,중급재무회계,30,1
2019,1,3,중급재무회계,31,4
2019,1,3,중급재무회계,32,1
2019,1,3,중급재무회계,33,3
2019,1,3,중급재무회계,34,4
2019,1,3,중급재무회계,35,2
2019,1,3,재무관리,1,1
2019,1,3,재무관리,2,3
2019,1,3,재무관리,3,4
2019,1,3,재무관리,4,2
2019,1,3,재무관리,5,2
2019,1,3,재무관리,6,3
2019,1,3,재무관리,7,2
2019,1,3,재무관리,8,3
2019,1,3,재무관리,9,3
2019,1,3,재무관리,10,4
2019,1,3,재무관리,11,2
2019,1,3,재무관리,12,1
2019,1,3,재무관리,13,3
2019,1,3,재무관리,14,2
2019,1,3,재무관리,15,2
2019,1,3,재무관리,16,2
2019,1,3,재무관리,17,4
2019,1,3,재무관리,18,4
2019,1,3,재무관리,19,4
2019,1,3,재무관리,20,1
2019,1,3,재무관리,21,1
2019,1,3,재무관리,22,3
2019,1,3,재무관리,23,3
2019,1,3,재무관리,24,1
2019,1,3,재무관리,25,2
2019,1,3,국제마케팅,1,4
2019,1,3,국제마케팅,2,2
2019,1,3,국제마케팅,3,4
2019,1,3,국제마케팅,4,3
2019,1,3,국제마케팅,5,4
2019,1,3,국제마케팅,6,3
2019,1,3,국제마케팅,7,1
2019,1,3,국제마케팅,8,2
2019,1,3,국제마케팅,9,4
2019,1,3,국제마케팅,10,2
2019,1,3,국제마케팅,11,1
2019,1,3,국제마케팅,12,2
2019,1,3,국제마케팅,13,3
2019,1,3,국제마케팅,14,3
2019,1,3,국제마케팅,15,2
2019,1,3,국제마케팅,16,1
2019,1,3,국제마케팅,17,4
2019,1,3,국제마케팅,18,2
2019,1,3,국제마케팅,19,3
2019,1,3,국제마케팅,20,4
2019,1,3,국제마케팅,21,2
2019,1,3,국제마케팅,22,2
2019,1,3,국제마케팅,23,2
2019,1,3,국제마케팅,24,3
2019,1,3,국제마케팅,25,4
2019,1,3,국제경영학,1,3
2019,1,3,국제경영학,2,1
2019,1,3,국제경영학,3,2
2019,1,3,국제경영학,4,4
2019,1,3,국제경영학,5,2
2019,1,3,국제경영학,6,4
2019,1,3,국제경영학,7,2
2019,1,3,국제경영학,8,1
2019,1,3,국제경영학,9,3
2019,1,3,국제경영학,10,3
2019,1,3,국제경영학,11,1
2019,1,3,국제경영학,12,2
2019,1,3,국제경영학,13,2
2019,1,3,국제경영학,14,4
2019,1,3,국제경영학,15,3
2019,1,3,국제경영학,16,3
2019,1,3,국제경영학,17,1
2019,1,3,국제경영학,18,2
2019,1,3,국제경영학,19,4
2019,1,3,국제경영학,20,2
2019,1,3,국제경영학,21,1
2019,1,3,국제경영학,22,3
2019,1,3,국제경영학,23,2
2019,1,3,국제경영학,24,1
2019,1,3,국제경영학,25,4
2019,1,3,무역실무,1,3
2019,1,3,무역실무,2,1
2019,1,3,무역실무,3,3
2019,1,3,무역실무,4,4
2019,1,3,무역실무,5,4
2019,1,3,무역실무,6,2
2019,1,3,무역실무,7,3
2019,1,3,무역실무,8,1
2019,1,3,무역실무,9,2
2019,1,3,무역실무,10,2
2019,1,3,무역실무,11,4
2019,1,3,무역실무,12,4
2019,1,3,무역실무,13,4
2019,1,3,무역실무,14,1
2019,1,3,무역실무,15,3
2019,1,3,무역실무,16,2
2019,1,3,무역실무,17,2
2019,1,3,무역실무,18,4
2019,1,3,무역실무,19,1
2019,1,3,무역실무,20,3
2019,1,3,무역실무,21,2
2019,1,3,무역실무,22,1
2019,1,3,무역실무,23,2
2019,1,3,무역실무,24,3
2019,1,3,무역실무,25,4
2019,1,3,국제무역론,1,4
2019,1,3,국제무역론,2,3
2019,1,3,국제무역론,3,3
2019,1,3,국제무역론,4,2
2019,1,3,국제무역론,5,4
2019,1,3,국제무역론,6,3
2019,1,3,국제무역론,7,1
2019,1,3,국제무역론,8,4
2019,1,3,국제무역론,9,2
2019,1,3,국제무역론,10,1
2019,1,3,국제무역론,11,3
2019,1,3,국제무역론,12,4
2019,1,3,국제무역론,13,2
2019,1,3,국제무역론,14,2
2019,1,3,국제무역론,15,4
2019,1,3,국제무역론,16,4
2019,1,3,국제무역론,17,1
2019,1,3,국제무역론,18,2
2019,1,3,국제무역론,19,1
2019,1,3,국제무역론,20,1
2019,1,3,국제무역론,21,3
2019,1,3,국제무역론,22,3
2019,1,3,국제무역론,23,4
2019,1,3,국제무역론,24,1
2019,1,3,국제무역론,25,4
2019,1,3,국제무역론,26,4
2019,1,3,국제무역론,27,1
2019,1,3,국제무역론,28,3
2019,1,3,국제무역론,29,1
2019,1,3,국제무역론,30,1
2019,1,3,국제무역론,31,2
2019,1,3,국제무역론,32,2
2019,1,3,국제무역론,33,3
2019,1,3,국제무역론,34,2
2019,1,3,국제무역론,35,1
2019,1,3,현대광고와카피전략,1,2
2019,1,3,현대광고와카피전략,2,3
2019,1,3,현대광고와카피전략,3,1
2019,1,3,현대광고와카피전략,4,3
2019,1,3,현대광고와카피전략,5,3
2019,1,3,현대광고와카피전략,6,4
2019,1,3,현대광고와카피전략,7,1
2019,1,3,현대광고와카피전략,8,1
2019,1,3,현대광고와카피전략,9,4
2019,1,3,현대광고와카피전략,10,2
2019,1,3,현대광고와카피전략,11,4
2019,1,3,현대광고와카피전략,12,4
2019,1,3,현대광고와카피전략,13,2
2019,1,3,현대광고와카피전략,14,1
2019,1,3,현대광고와카피전략,15,3
2019,1,3,현대광고와카피전략,16,3
2019,1,3,현대광고와카피전략,17,4
2019,1,3,현대광고와카피전략,18,2
2019,1,3,현대광고와카피전략,19,3
2019,1,3,현대광고와카피전략,20,1
2019,1,3,현대광고와카피전략,21,2
2019,1,3,현대광고와카피전략,22,3
2019,1,3,현대광고와카피전략,23,3
2019,1,3,현대광고와카피전략,24,2
2019,1,3,현대광고와카피전략,25,1
2019,1,3,현대광고와카피전략,26,4
2019,1,3,현대광고와카피전략,27,4
2019,1,3,현대광고와카피전략,28,1
2019,1,3,현대광고와카피전략,29,2
2019,1,3,현대광고와카피전략,30,4
2019,1,3,현대광고와카피전략,31,2
2019,1,3,현대광고와카피전략,32,4
2019,1,3,현대광고와카피전략,33,3
2019,1,3,현대광고와카피전략,34,4
2019,1,3,현대광고와카피전략,35,2
2019,1,3,그래픽커뮤니케이션,1,2
2019,1,3,그래픽커뮤니케이션,2,3
2019,1,3,그래픽커뮤니케이션,3,2
2019,1,3,그래픽커뮤니케이션,4,4
2019,1,3,그래픽커뮤니케이션,5,2
2019,1,3,그래픽커뮤니케이션,6,1
2019,1,3,그래픽커뮤니케이션,7,1
2019,1,3,그래픽커뮤니케이션,8,2
2019,1,3,그래픽커뮤니케이션,9,4
2019,1,3,그래픽커뮤니케이션,10,4
2019,1,3,그래픽커뮤니케이션,11,3
2019,1,3,그래픽커뮤니케이션,12,4
2019,1,3,그래픽커뮤니케이션,13,"3,4"
2019,1,3,그래픽커뮤니케이션,14,4
2019,1,3,그래픽커뮤니케이션,15,4
2019,1,3,그래픽커뮤니케이션,16,2
2019,1,3,그래픽커뮤니케이션,17,2
2019,1,3,그래픽커뮤니케이션,18,2
2019,1,3,그래픽커뮤니케이션,19,2
2019,1,3,그래픽커뮤니케이션,20,4
2019,1,3,그래픽커뮤니케이션,21,3
2019,1,3,그래픽커뮤니케이션,22,1
2019,1,3,그래픽커뮤니케이션,23,2
2019,1,3,그래픽커뮤니케이션,24,4
2019,1,3,그래픽커뮤니케이션,25,"3,4"
2019,1,3,그래픽커뮤니케이션,26,2
2019,1,3,그래픽커뮤니케이션,27,1
2019,1,3,그래픽커뮤니케이션,28,1
2019,1,3,그래픽커뮤니케이션,29,4
2019,1,3,그래픽커뮤니케이션,30,3
2019,1,3,그래픽커뮤니케이션,31,3
2019,1,3,그래픽커뮤니케이션,32,4
2019,1,3,그래픽커뮤니케이션,33,4
2019,1,3,그래픽커뮤니케이션,34,4
2019,1,3,그래픽커뮤니케이션,35,4
2019,1,3,미디어와스토리텔링,1,4
2019,1,3,미디어와스토리텔링,2,1
2019,1,3,미디어와스토리텔링,3,4
2019,1,3,미디어와스토리텔링,4,1
2019,1,3,미디어와스토리텔링,5,2
2019,1,3,미디어와스토리텔링,6,2
2019,1,3,미디어와스토리텔링,7,"2,4"
2019,1,3,미디어와스토리텔링,8,4
2019,1,3,미디어와스토리텔링,9,4
2019,1,3,미디어와스토리텔링,10,4
2019,1,3,미디어와스토리텔링,11,2
2019,1,3,미디어와스토리텔링,12,4
2019,1,3,미디어와스토리텔링,13,2
2019,1,3,미디어와스토리텔링,14,2
2019,1,3,미디어와스토리텔링,15,2
2019,1,3,미디어와스토리텔링,16,2
2019,1,3,미디어와스토리텔링,17,2
2019,1,3,미디어와스토리텔링,18,3
2019,1,3,미디어와스토리텔링,19,1
2019,1,3,미디어와스토리텔링,20,2
2019,1,3,미디어와스토리텔링,21,4
2019,1,3,미디어와스토리텔링,22,2
2019,1,3,미디어와스토리텔링,23,2
2019,1,3,미디어와스토리텔링,24,4
2019,1,3,미디어와스토리텔링,25,1
2019,1,3,미디어와스토리텔링,26,2
2019,1,3,미디어와스토리텔링,27,4
2019,1,3,미디어와스토리텔링,28,3
2019,1,3,미디어와스토리텔링,29,2
2019,1,3,미디어와스토리텔링,30,3
2019,1,3,미디어와스토리텔링,31,2
2019,1,3,미디어와스토리텔링,32,2
2019,1,3,미디어와스토리텔링,33,3
2019,1,3,미디어와스토리텔링,34,2
2019,1,3,미디어와스토리텔링,35,3
2019,1,3,뉴미디어론,1,1
2019,1,3,뉴미디어론,2,4
2019,1,3,뉴미디어론,3,3
2019,1,3,뉴미디어론,4,2
2019,1,3,뉴미디어론,5,4
2019,1,3,뉴미디어론,6,2
2019,1,3,뉴미디어론,7,1
2019,1,3,뉴미디어론,8,3
2019,1,3,뉴미디어론,9,1
2019,1,3,뉴미디어론,10,4
2019,1,3,뉴미디어론,11,3
2019,1,3,뉴미디어론,12,2
2019,1,3,뉴미디어론,13,1
2019,1,3,뉴미디어론,14,2
2019,1,3,뉴미디어론,15,3
2019,1,3,뉴미디어론,16,4
2019,1,3,뉴미디어론,17,3
2019,1,3,뉴미디어론,18,1
2019,1,3,뉴미디어론,19,1
2019,1,3,뉴미디어론,20,2
2019,1,3,뉴미디어론,21,4
2019,1,3,뉴미디어론,22,2
2019,1,3,뉴미디어론,23,4
2019,1,3,뉴미디어론,24,3
2019,1,3,뉴미디어론,25,4
2019,1,3,뉴미디어론,26,1
2019,1,3,뉴미디어론,27,4
2019,1,3,뉴미디어론,28,3
2019,1,3,뉴미디어론,29,2
2019,1,3,뉴미디어론,30,3
2019,1,3,뉴미디어론,31,2
2019,1,3,뉴미디어론,32,4
2019,1,3,뉴미디어론,33,4
2019,1,3,뉴미디어론,34,1
2019,1,3,뉴미디어론,35,4
2019,1,3,영상제작입문,1,1
2019,1,3,영상제작입문,2,3
2019,1,3,영상제작입문,3,4
2019,1,3,영상제작입문,4,3
2019,1,3,영상제작입문,5,4
2019,1,3,영상제작입문,6,2
2019,1,3,영상제작입문,7,1
2019,1,3,영상제작입문,8,4
2019,1,3,영상제작입문,9,4
2019,1,3,영상제작입문,10,3
2019,1,3,영상제작입문,11,2
2019,1,3,영상제작입문,12,3
2019,1,3,영상제작입문,13,1
2019,1,3,영상제작입문,14,2
2019,1,3,영상제작입문,15,4
2019,1,3,영상제작입문,16,3
2019,1,3,영상제작입문,17,3
2019,1,3,영상제작입문,18,1
2019,1,3,영상제작입문,19,2
2019,1,3,영상제작입문,20,4
2019,1,3,영상제작입문,21,3
2019,1,3,영상제작입문,22,4
2019,1,3,영상제작입문,23,4
2019,1,3,영상제작입문,24,3
2019,1,3,영상제작입문,25,4
2019,1,3,영상제작입문,26,1
2019,1,3,영상제작입문,27,1
2019,1,3,영상제작입문,28,4
2019,1,3,영상제작입문,29,2
2019,1,3,영상제작입문,30,4
2019,1,3,영상제작입문,31,1
2019,1,3,영상제작입문,32,4
2019,1,3,영상제작입문,33,1
2019,1,3,영상제작입문,34,3
2019,1,3,영상제작입문,35,4
2019,1,3,자연자원의이해,1,2
2019,1,3,자연자원의이해,2,4
2019,1,3,자연자원의이해,3,2
2019,1,3,자연자원의이해,4,2
2019,1,3,자연자원의이해,5,3
2019,1,3,자연자원의이해,6,2
2019,1,3,자연자원의이해,7,4
2019,1,3,자연자원의이해,8,3
2019,1,3,자연자원의이해,9,1
2019,1,3,자연자원의이해,10,4
2019,1,3,자연자원의이해,11,1
2019,1,3,자연자원의이해,12,2
2019,1,3,자연자원의이해,13,1
2019,1,3,자연자원의이해,14,4
2019,1,3,자연자원의이해,15,4
2019,1,3,자연자원의이해,16,3
2019,1,3,자연자원의이해,17,1
2019,1,3,자연자원의이해,18,3
2019,1,3,자연자원의이해,19,2
2019,1,3,자연자원의이해,20,1
2019,1,3,자연자원의이해,21,"1,3"
2019,1,3,자연자원의이해,22,1
2019,1,3,자연자원의이해,23,2
2019,1,3,자연자원의이해,24,1
2019,1,3,자연자원의이해,25,4
2019,1,3,자연자원의이해,26,1
2019,1,3,자연자원의이해,27,2
2019,1,3,자연자원의이해,28,3
2019,1,3,자연자원의이해,29,4
2019,1,3,자연자원의이해,30,3
2019,1,3,자연자원의이해,31,4
2019,1,3,자연자원의이해,32,2
2019,1,3,자연자원의이해,33,1
2019,1,3,자연자원의이해,34,4
2019,1,3,자연자원의이해,35,3
2019,1,3,관광개발론,1,3
2019,1,3,관광개발론,2,1
2019,1,3,관광개발론,3,1
2019,1,3,관광개발론,4,2
2019,1,3,관광개발론,5,1
2019,1,3,관광개발론,6,4
2019,1,3,관광개발론,7,3
2019,1,3,관광개발론,8,4
2019,1,3,관광개발론,9,2
2019,1,3,관광개발론,10,4
2019,1,3,관광개발론,11,2
2019,1,3,관광개발론,12,3
2019,1,3,관광개발론,13,1
2019,1,3,관광개발론,14,2
2019,1,3,관광개발론,15,3
2019,1,3,관광개발론,16,4
2019,1,3,관광개발론,17,2
2019,1,3,관광개발론,18,1
2019,1,3,관광개발론,19,4
2019,1,3,관광개발론,20,3
2019,1,3,관광개발론,21,4
2019,1,3,관광개발론,22,3
2019,1,3,관광개발론,23,1
2019,1,3,관광개발론,24,2
2019,1,3,관광개발론,25,4
2019,1,3,관광개발론,26,2
2019,1,3,관광개발론,27,2
2019,1,3,관광개발론,28,3
2019,1,3,관광개발론,29,4
2019,1,3,관광개발론,30,1
2019,1,3,관광개발론,31,4
2019,1,3,관광개발론,32,3
2019,1,3,관광개발론,33,1
2019,1,3,관광개발론,34,3
2019,1,3,관광개발론,35,2
2019,1,3,관광행동론,1,1
2019,1,3,관광행동론,2,1
2019,1,3,관광행동론,3,2
2019,1,3,관광행동론,4,3
2019,1,3,관광행동론,5,2
2019,1,3,관광행동론,6,4
2019,1,3,관광행동론,7,4
2019,1,3,관광행동론,8,1
2019,1,3,관광행동론,9,3
2019,1,3,관광행동론,10,2
2019,1,3,관광행동론,11,2
2019,1,3,관광행동론,12,3
2019,1,3,관광행동론,13,3
2019,1,3,관광행동론,14,4
2019,1,3,관광행동론,15,3
2019,1,3,관광행동론,16,2
2019,1,3,관광행동론,17,1
2019,1,3,관광행동론,18,4
2019,1,3,관광행동론,19,3
2019,1,3,관광행동론,20,4
2019,1,3,관광행동론,21,1
2019,1,3,관광행동론,22,2
2019,1,3,관광행동론,23,3
2019,1,3,관광행동론,24,1
2019,1,3,관광행동론,25,4
2019,1,3,관광행동론,26,2
2019,1,3,관광행동론,27,2
2019,1,3,관광행동론,28,1
2019,1,3,관광행동론,29,4
2019,1,3,관광행동론,30,3
2019,1,3,관광행동론,31,4
2019,1,3,관광행동론,32,3
2019,1,3,관광행동론,33,2
2019,1,3,관광행동론,34,4
2019,1,3,관광행동론,35,1
2019,1,3,세계의음식·음식의세계,1,2
2019,1,3,세계의음식·음식의세계,2,2
2019,1,3,세계의음식·음식의세계,3,4
2019,1,3,세계의음식·음식의세계,4,3
2019,1,3,세계의음식·음식의세계,5,3
2019,1,3,세계의음식·음식의세계,6,1
2019,1,3,세계의음식·음식의세계,7,2
2019,1,3,세계의음식·음식의세계,8,4
2019,1,3,세계의음식·음식의세계,9,2
2019,1,3,세계의음식·음식의세계,10,4
2019,1,3,세계의음식·음식의세계,11,2
2019,1,3,세계의음식·음식의세계,12,1
2019,1,3,세계의음식·음식의세계,13,4
2019,1,3,세계의음식·음식의세계,14,4
2019,1,3,세계의음식·음식의세계,15,1
2019,1,3,세계의음식·음식의세계,16,3
2019,1,3,세계의음식·음식의세계,17,2
2019,1,3,세계의음식·음식의세계,18,2
2019,1,3,세계의음식·음식의세계,19,1
2019,1,3,세계의음식·음식의세계,20,1
2019,1,3,세계의음식·음식의세계,21,1
2019,1,3,세계의음식·음식의세계,22,3
2019,1,3,세계의음식·음식의세계,23,3
2019,1,3,세계의음식·음식의세계,24,4
2019,1,3,세계의음식·음식의세계,25,3
2019,1,3,세계의음식·음식의세계,26,1
2019,1,3,세계의음식·음식의세계,27,3
2019,1,3,세계의음식·음식의세계,28,3
2019,1,3,세계의음식·음식의세계,29,2
2019,1,3,세계의음식·음식의세계,30,3
2019,1,3,세계의음식·음식의세계,31,4
2019,1,3,세계의음식·음식의세계,32,4
2019,1,3,세계의음식·음식의세계,33,1
2019,1,3,세계의음식·음식의세계,34,1
2019,1,3,세계의음식·음식의세계,35,2
2019,1,3,축제·이벤트관광,1,2
2019,1,3,축제·이벤트관광,2,3
2019,1,3,축제·이벤트관광,3,4
2019,1,3,축제·이벤트관광,4,2
2019,1,3,축제·이벤트관광,5,1
2019,1,3,축제·이벤트관광,6,3
2019,1,3,축제·이벤트관광,7,3
2019,1,3,축제·이벤트관광,8,4
2019,1,3,축제·이벤트관광,9,4
2019,1,3,축제·이벤트관광,10,2
2019,1,3,축제·이벤트관광,11,1
2019,1,3,축제·이벤트관광,12,1
2019,1,3,축제·이벤트관광,13,3
2019,1,3,축제·이벤트관광,14,4
2019,1,3,축제·이벤트관광,15,3
2019,1,3,축제·이벤트관광,16,2
2019,1,3,축제·이벤트관광,17,2
2019,1,3,축제·이벤트관광,18,1
2019,1,3,축제·이벤트관광,19,1
2019,1,3,축제·이벤트관광,20,3
2019,1,3,축제·이벤트관광,21,4
2019,1,3,축제·이벤트관광,22,2
2019,1,3,축제·이벤트관광,23,2
2019,1,3,축제·이벤트관광,24,3
2019,1,3,축제·이벤트관광,25,1
2019,1,3,축제·이벤트관광,26,3
2019,1,3,축제·이벤트관광,27,2
2019,1,3,축제·이벤트관광,28,2
2019,1,3,축제·이벤트관광,29,1
2019,1,3,축제·이벤트관광,30,4
2019,1,3,축제·이벤트관광,31,3
2019,1,3,축제·이벤트관광,32,4
2019,1,3,축제·이벤트관광,33,1
2019,1,3,축제·이벤트관광,34,2
2019,1,3,축제·이벤트관광,35,4
2019,1,3,여행영어2,1,3
2019,1,3,여행영어2,2,2
2019,1,3,여행영어2,3,2
2019,1,3,여행영어2,4,4
2019,1,3,여행영어2,5,4
2019,1,3,여행영어2,6,3
2019,1,3,여행영어2,7,4
2019,1,3,여행영어2,8,4
2019,1,3,여행영어2,9,1
2019,1,3,여행영어2,10,3
2019,1,3,여행영어2,11,1
2019,1,3,여행영어2,12,4
2019,1,3,여행영어2,13,2
2019,1,3,여행영어2,14,3
2019,1,3,여행영어2,15,1
2019,1,3,여행영어2,16,3
2019,1,3,여행영어2,17,4
2019,1,3,여행영어2,18,1
2019,1,3,여행영어2,19,3
2019,1,3,여행영어2,20,3
2019,1,3,여행영어2,21,3
2019,1,3,여행영어2,22,4
2019,1,3,여행영어2,23,1
2019,1,3,여행영어2,24,1
2019,1,3,여행영어2,25,3
2019,1,3,사회복지개론,1,3
2019,1,3,사회복지개론,2,4
2019,1,3,사회복지개론,3,2
2019,1,3,사회복지개론,4,4
2019,1,3,사회복지개론,5,2
2019,1,3,사회복지개론,6,1
2019,1,3,사회복지개론,7,1
2019,1,3,사회복지개론,8,2
2019,1,3,사회복지개론,9,3
2019,1,3,사회복지개론,10,1
2019,1,3,사회복지개론,11,1
2019,1,3,사회복지개론,12,4
2019,1,3,사회복지개론,13,4
2019,1,3,사회복지개론,14,1
2019,1,3,사회복지개론,15,1
2019,1,3,사회복지개론,16,1
2019,1,3,사회복지개론,17,3
2019,1,3,사회복지개론,18,1
2019,1,3,사회복지개론,19,4
2019,1,3,사회복지개론,20,1
2019,1,3,사회복지개론,21,1
2019,1,3,사회복지개론,22,2
2019,1,3,사회복지개론,23,2
2019,1,3,사회복지개론,24,3
2019,1,3,사회복지개론,25,2
2019,1,3,사회복지개론,26,3
2019,1,3,사회복지개론,27,1
2019,1,3,사회복지개론,28,4
2019,1,3,사회복지개론,29,2
2019,1,3,사회복지개론,30,1
2019,1,3,사회복지개론,31,4
2019,1,3,사회복지개론,32,3
2019,1,3,사회복지개론,33,3
2019,1,3,사회복지개론,34,4
2019,1,3,사회복지개론,35,4
2019,1,3,사회복지법제,1,2
2019,1,3,사회복지법제,2,3
2019,1,3,사회복지법제,3,4
2019,1,3,사회복지법제,4,2
2019,1,3,사회복지법제,5,2
2019,1,3,사회복지법제,6,3
2019,1,3,사회복지법제,7,4
2019,1,3,사회복지법제,8,1
2019,1,3,사회복지법제,9,3
2019,1,3,사회복지법제,10,4
2019,1,3,사회복지법제,11,2
2019,1,3,사회복지법제,12,4
2019,1,3,사회복지법제,13,3
2019,1,3,사회복지법제,14,2
2019,1,3,사회복지법제,15,3
2019,1,3,사회복지법제,16,1
2019,1,3,사회복지법제,17,4
2019,1,3,사회복지법제,18,3
2019,1,3,사회복지법제,19,3
2019,1,3,사회복지법제,20,1
2019,1,3,사회복지법제,21,3
2019,1,3,사회복지법제,22,2
2019,1,3,사회복지법제,23,1
2019,1,3,사회복지법제,24,2
2019,1,3,사회복지법제,25,4
2019,1,3,사회복지법제,26,3
2019,1,3,사회복지법제,27,2
2019,1,3,사회복지법제,28,4
2019,1,3,사회복지법제,29,3
2019,1,3,사회복지법제,30,2
2019,1,3,사회복지법제,31,3
2019,1,3,사회복지법제,32,"1,2,3,4"
2019,1,3,사회복지법제,33,2
2019,1,3,사회복지법제,34,3
2019,1,3,사회복지법제,35,1
2019,1,3,사회복지발달사,1,2
2019,1,3,사회복지발달사,2,4
2019,1,3,사회복지발달사,3,2
2019,1,3,사회복지발달사,4,3
2019,1,3,사회복지발달사,5,1
2019,1,3,사회복지발달사,6,3
2019,1,3,사회복지발달사,7,2
2019,1,3,사회복지발달사,8,1
2019,1,3,사회복지발달사,9,1
2019,1,3,사회복지발달사,10,2
2019,1,3,사회복지발달사,11,1
2019,1,3,사회복지발달사,12,2
2019,1,3,사회복지발달사,13,4
2019,1,3,사회복지발달사,14,1
2019,1,3,사회복지발달사,15,2
2019,1,3,사회복지발달사,16,2
2019,1,3,사회복지발달사,17,1
2019,1,3,사회복지발달사,18,1
2019,1,3,사회복지발달사,19,3
2019,1,3,사회복지발달사,20,1
2019,1,3,사회복지발달사,21,4
2019,1,3,사회복지발달사,22,4
2019,1,3,사회복지발달사,23,2
2019,1,3,사회복지발달사,24,1
2019,1,3,사회복지발달사,25,3
2019,1,3,사회복지발달사,26,1
2019,1,3,사회복지발달사,27,1
2019,1,3,사회복지발달사,28,1
2019,1,3,사회복지발달사,29,4
2019,1,3,사회복지발달사,30,2
2019,1,3,사회복지발달사,31,3
2019,1,3,사회복지발달사,32,2
2019,1,3,사회복지발달사,33,2
2019,1,3,사회복지발달사,34,1
2019,1,3,사회복지발달사,35,3
2019,1,3,장애인복지론,1,3
2019,1,3,장애인복지론,2,1
2019,1,3,장애인복지론,3,2
2019,1,3,장애인복지론,4,4
2019,1,3,장애인복지론,5,4
2019,1,3,장애인복지론,6,1
2019,1,3,장애인복지론,7,3
2019,1,3,장애인복지론,8,3
2019,1,3,장애인복지론,9,2
2019,1,3,장애인복지론,10,3
2019,1,3,장애인복지론,11,4
2019,1,3,장애인복지론,12,2
2019,1,3,장애인복지론,13,1
2019,1,3,장애인복지론,14,3
2019,1,3,장애인복지론,15,2
2019,1,3,장애인복지론,16,4
2019,1,3,장애인복지론,17,3
2019,1,3,장애인복지론,18,2
2019,1,3,장애인복지론,19,4
2019,1,3,장애인복지론,20,4
2019,1,3,장애인복지론,21,3
2019,1,3,장애인복지론,22,4
2019,1,3,장애인복지론,23,2
2019,1,3,장애인복지론,24,2
2019,1,3,장애인복지론,25,3
2019,1,3,장애인복지론,26,1
2019,1,3,장애인복지론,27,2
2019,1,3,장애인복지론,28,4
2019,1,3,장애인복지론,29,1
2019,1,3,장애인복지론,30,2
2019,1,3,장애인복지론,31,2
2019,1,3,장애인복지론,32,4
2019,1,3,장애인복지론,33,1
2019,1,3,장애인복지론,34,3
2019,1,3,장애인복지론,35,2
2019,1,3,프로그램개발과평가,1,4
2019,1,3,프로그램개발과평가,2,3
2019,1,3,프로그램개발과평가,3,4
2019,1,3,프로그램개발과평가,4,2
2019,1,3,프로그램개발과평가,5,1
2019,1,3,프로그램개발과평가,6,1
2019,1,3,프로그램개발과평가,7,2
2019,1,3,프로그램개발과평가,8,3
2019,1,3,프로그램개발과평가,9,3
2019,1,3,프로그램개발과평가,10,4
2019,1,3,프로그램개발과평가,11,3
2019,1,3,프로그램개발과평가,12,2
2019,1,3,프로그램개발과평가,13,1
2019,1,3,프로그램개발과평가,14,"1,2,3,4"
2019,1,3,프로그램개발과평가,15,3
2019,1,3,프로그램개발과평가,16,3
2019,1,3,프로그램개발과평가,17,2
2019,1,3,프로그램개발과평가,18,2
2019,1,3,프로그램개발과평가,19,4
2019,1,3,프로그램개발과평가,20,1
2019,1,3,프로그램개발과평가,21,4
2019,1,3,프로그램개발과평가,22,2
2019,1,3,프로그램개발과평가,23,2
2019,1,3,프로그램개발과평가,24,3
2019,1,3,프로그램개발과평가,25,"2,4"
2019,1,3,프로그램개발과평가,26,4
2019,1,3,프로그램개발과평가,27,3
2019,1,3,프로그램개발과평가,28,3
2019,1,3,프로그램개발과평가,29,4
2019,1,3,프로그램개발과평가,30,"1,2,3,4"
2019,1,3,프로그램개발과평가,31,1
2019,1,3,프로그램개발과평가,32,4
2019,1,3,프로그램개발과평가,33,2
2019,1,3,프로그램개발과평가,34,1
2019,1,3,프로그램개발과평가,35,2
2019,1,3,식물의학,1,3
2019,1,3,식물의학,2,2
2019,1,3,식물의학,3,1
2019,1,3,식물의학,4,3
2019,1,3,식물의학,5,4
2019,1,3,식물의학,6,3
2019,1,3,식물의학,7,"2,4"
2019,1,3,식물의학,8,4
2019,1,3,식물의학,9,4
2019,1,3,식물의학,10,2
2019,1,3,식물의학,11,1
2019,1,3,식물의학,12,4
2019,1,3,식물의학,13,3
2019,1,3,식물의학,14,2
2019,1,3,식물의학,15,1
2019,1,3,식물의학,16,3
2019,1,3,식물의학,17,4
2019,1,3,식물의학,18,1
2019,1,3,식물의학,19,2
2019,1,3,식물의학,20,2
2019,1,3,식물의학,21,2
2019,1,3,식물의학,22,4
2019,1,3,식물의학,23,1
2019,1,3,식물의학,24,3
2019,1,3,식물의학,25,2
2019,1,3,식물의학,26,4
2019,1,3,식물의학,27,3
2019,1,3,식물의학,28,2
2019,1,3,식물의학,29,1
2019,1,3,식물의학,30,1
2019,1,3,식물의학,31,2
2019,1,3,식물의학,32,3
2019,1,3,식물의학,33,4
2019,1,3,식물의학,34,2
2019,1,3,식물의학,35,4
2019,1,3,농축산환경학,1,2
2019,1,3,농축산환경학,2,3
2019,1,3,농축산환경학,3,2
2019,1,3,농축산환경학,4,4
2019,1,3,농축산환경학,5,1
2019,1,3,농축산환경학,6,3
2019,1,3,농축산환경학,7,1
2019,1,3,농축산환경학,8,3
2019,1,3,농축산환경학,9,4
2019,1,3,농축산환경학,10,1
2019,1,3,농축산환경학,11,2
2019,1,3,농축산환경학,12,1
2019,1,3,농축산환경학,13,3
2019,1,3,농축산환경학,14,3
2019,1,3,농축산환경학,15,1
2019,1,3,농축산환경학,16,4
2019,1,3,농축산환경학,17,4
2019,1,3,농축산환경학,18,2
2019,1,3,농축산환경학,19,3
2019,1,3,농축산환경학,20,3
2019,1,3,농축산환경학,21,2
2019,1,3,농축산환경학,22,4
2019,1,3,농축산환경학,23,4
2019,1,3,농축산환경학,24,3
2019,1,3,농축산환경학,25,1
2019,1,3,농축산환경학,26,3
2019,1,3,농축산환경학,27,4
2019,1,3,농축산환경학,28,1
2019,1,3,농축산환경학,29,3
2019,1,3,농축산환경학,30,1
2019,1,3,농축산환경학,31,2
2019,1,3,농축산환경학,32,3
2019,1,3,농축산환경학,33,2
2019,1,3,농축산환경학,34,2
2019,1,3,농축산환경학,35,4
2019,1,3,원예작물학1,1,4
2019,1,3,원예작물학1,2,1
2019,1,3,원예작물학1,3,2
2019,1,3,원예작물학1,4,1
2019,1,3,원예작물학1,5,4
2019,1,3,원예작물학1,6,3
2019,1,3,원예작물학1,7,4
2019,1,3,원예작물학1,8,3
2019,1,3,원예작물학1,9,1
2019,1,3,원예작물학1,10,2
2019,1,3,원예작물학1,11,1
2019,1,3,원예작물학1,12,4
2019,1,3,원예작물학1,13,2
2019,1,3,원예작물학1,14,3
2019,1,3,원예작물학1,15,1
2019,1,3,원예작물학1,16,2
2019,1,3,원예작물학1,17,3
2019,1,3,원예작물학1,18,4
2019,1,3,원예작물학1,19,1
2019,1,3,원예작물학1,20,4
2019,1,3,원예작물학1,21,3
2019,1,3,원예작물학1,22,3
2019,1,3,원예작물학1,23,2
2019,1,3,원예작물학1,24,3
2019,1,3,원예작물학1,25,2
2019,1,3,원예작물학1,26,3
2019,1,3,원예작물학1,27,2
2019,1,3,원예작물학1,28,1
2019,1,3,원예작물학1,29,3
2019,1,3,원예작물학1,30,2
2019,1,3,원예작물학1,31,4
2019,1,3,원예작물학1,32,3
2019,1,3,원예작물학1,33,1
2019,1,3,원예작물학1,34,2
2019,1,3,원예작물학1,35,3
2019,1,3,가축사양학1,1,3
2019,1,3,가축사양학1,2,"1,2,3,4"
2019,1,3,가축사양학1,3,4
2019,1,3,가축사양학1,4,3
2019,1,3,가축사양학1,5,2
2019,1,3,가축사양학1,6,1
2019,1,3,가축사양학1,7,2
2019,1,3,가축사양학1,8,1
2019,1,3,가축사양학1,9,3
2019,1,3,가축사양학1,10,1
2019,1,3,가축사양학1,11,1
2019,1,3,가축사양학1,12,3
2019,1,3,가축사양학1,13,2
2019,1,3,가축사양학1,14,1
2019,1,3,가축사양학1,15,4
2019,1,3,가축사양학1,16,4
2019,1,3,가축사양학1,17,2
2019,1,3,가축사양학1,18,2
2019,1,3,가축사양학1,19,2
2019,1,3,가축사양학1,20,3
2019,1,3,가축사양학1,21,1
2019,1,3,가축사양학1,22,1
2019,1,3,가축사양학1,23,2
2019,1,3,가축사양학1,24,2
2019,1,3,가축사양학1,25,4
2019,1,3,가축사양학1,26,1
2019,1,3,가축사양학1,27,2
2019,1,3,가축사양학1,28,1
2019,1,3,가축사양학1,29,2
2019,1,3,가축사양학1,30,1
2019,1,3,가축사양학1,31,3
2019,1,3,가축사양학1,32,3
2019,1,3,가축사양학1,33,2
2019,1,3,가축사양학1,34,2
2019,1,3,가축사양학1,35,3
2019,1,3,재배식물육종학,1,1
2019,1,3,재배식물육종학,2,2
2019,1,3,재배식물육종학,3,1
2019,1,3,재배식물육종학,4,4
2019,1,3,재배식물육종학,5,2
2019,1,3,재배식물육종학,6,"1,4"
2019,1,3,재배식물육종학,7,2
2019,1,3,재배식물육종학,8,3
2019,1,3,재배식물육종학,9,1
2019,1,3,재배식물육종학,10,1
2019,1,3,재배식물육종학,11,4
2019,1,3,재배식물육종학,12,1
2019,1,3,재배식물육종학,13,2
2019,1,3,재배식물육종학,14,3
2019,1,3,재배식물육종학,15,2
2019,1,3,재배식물육종학,16,3
2019,1,3,재배식물육종학,17,3
2019,1,3,재배식물육종학,18,1
2019,1,3,재배식물육종학,19,2
2019,1,3,재배식물육종학,20,4
2019,1,3,재배식물육종학,21,3
2019,1,3,재배식물육종학,22,2
2019,1,3,재배식물육종학,23,3
2019,1,3,재배식물육종학,24,4
2019,1,3,재배식물육종학,25,1
2019,1,3,재배식물육종학,26,2
2019,1,3,재배식물육종학,27,3
2019,1,3,재배식물육종학,28,4
2019,1,3,재배식물육종학,29,4
2019,1,3,재배식물육종학,30,1
2019,1,3,재배식물육종학,31,2
2019,1,3,재배식물육종학,32,4
2019,1,3,재배식물육종학,33,3
2019,1,3,재배식물육종학,34,2
2019,1,3,재배식물육종학,35,1
2019,1,3,자원식물학,1,2
2019,1,3,자원식물학,2,4
2019,1,3,자원식물학,3,3
2019,1,3,자원식물학,4,1
2019,1,3,자원식물학,5,2
2019,1,3,자원식물학,6,4
2019,1,3,자원식물학,7,2
2019,1,3,자원식물학,8,3
2019,1,3,자원식물학,9,4
2019,1,3,자원식물학,10,4
2019,1,3,자원식물학,11,3
2019,1,3,자원식물학,12,4
2019,1,3,자원식물학,13,4
2019,1,3,자원식물학,14,2
2019,1,3,자원식물학,15,1
2019,1,3,자원식물학,16,1
2019,1,3,자원식물학,17,2
2019,1,3,자원식물학,18,3
2019,1,3,자원식물학,19,1
2019,1,3,자원식물학,20,3
2019,1,3,자원식물학,21,4
2019,1,3,자원식물학,22,3
2019,1,3,자원식물학,23,1
2019,1,3,자원식물학,24,2
2019,1,3,자원식물학,25,2
2019,1,3,자원식물학,26,2
2019,1,3,자원식물학,27,1
2019,1,3,자원식물학,28,3
2019,1,3,자원식물학,29,1
2019,1,3,자원식물학,30,3
2019,1,3,자원식물학,31,1
2019,1,3,자원식물학,32,1
2019,1,3,자원식물학,33,2
2019,1,3,자원식물학,34,4
2019,1,3,자원식물학,35,1
2019,1,3,아동안전관리,1,2
2019,1,3,아동안전관리,2,1
2019,1,3,아동안전관리,3,3
2019,1,3,아동안전관리,4,2
2019,1,3,아동안전관리,5,2
2019,1,3,아동안전관리,6,4
2019,1,3,아동안전관리,7,4
2019,1,3,아동안전관리,8,3
2019,1,3,아동안전관리,9,3
2019,1,3,아동안전관리,10,1
2019,1,3,아동안전관리,11,1
2019,1,3,아동안전관리,12,1
2019,1,3,아동안전관리,13,4
2019,1,3,아동안전관리,14,3
2019,1,3,아동안전관리,15,3
2019,1,3,아동안전관리,16,2
2019,1,3,아동안전관리,17,4
2019,1,3,아동안전관리,18,1
2019,1,3,아동안전관리,19,4
2019,1,3,아동안전관리,20,3
2019,1,3,아동안전관리,21,2
2019,1,3,아동안전관리,22,1
2019,1,3,아동안전관리,23,4
2019,1,3,아동안전관리,24,2
2019,1,3,아동안전관리,25,1
2019,1,3,아동안전관리,26,1
2019,1,3,아동안전관리,27,4
2019,1,3,아동안전관리,28,3
2019,1,3,아동안전관리,29,3
2019,1,3,아동안전관리,30,3
2019,1,3,아동안전관리,31,2
2019,1,3,아동안전관리,32,3
2019,1,3,아동안전관리,33,2
2019,1,3,아동안전관리,34,3
2019,1,3,아동안전관리,35,2
2019,1,3,영유아보육학,1,1
2019,1,3,영유아보육학,2,4
2019,1,3,영유아보육학,3,3
2019,1,3,영유아보육학,4,3
2019,1,3,영유아보육학,5,3
2019,1,3,영유아보육학,6,2
2019,1,3,영유아보육학,7,2
2019,1,3,영유아보육학,8,3
2019,1,3,영유아보육학,9,1
2019,1,3,영유아보육학,10,4
2019,1,3,영유아보육학,11,1
2019,1,3,영유아보육학,12,4
2019,1,3,영유아보육학,13,1
2019,1,3,영유아보육학,14,2
2019,1,3,영유아보육학,15,4
2019,1,3,영유아보육학,16,3
2019,1,3,영유아보육학,17,4
2019,1,3,영유아보육학,18,1
2019,1,3,영유아보육학,19,3
2019,1,3,영유아보육학,20,4
2019,1,3,영유아보육학,21,4
2019,1,3,영유아보육학,22,3
2019,1,3,영유아보육학,23,3
2019,1,3,영유아보육학,24,2
2019,1,3,영유아보육학,25,2
2019,1,3,영유아보육학,26,2
2019,1,3,영유아보육학,27,3
2019,1,3,영유아보육학,28,1
2019,1,3,영유아보육학,29,3
2019,1,3,영유아보육학,30,2
2019,1,3,영유아보육학,31,4
2019,1,3,영유아보육학,32,2
2019,1,3,영유아보육학,33,1
2019,1,3,영유아보육학,34,1
2019,1,3,영유아보육학,35,3
2019,1,3,푸드마케팅,1,4
2019,1,3,푸드마케팅,2,3
2019,1,3,푸드마케팅,3,4
2019,1,3,푸드마케팅,4,4
2019,1,3,푸드마케팅,5,2
2019,1,3,푸드마케팅,6,3
2019,1,3,푸드마케팅,7,4
2019,1,3,푸드마케팅,8,3
2019,1,3,푸드마케팅,9,4
2019,1,3,푸드마케팅,10,1
2019,1,3,푸드마케팅,11,4
2019,1,3,푸드마케팅,12,2
2019,1,3,푸드마케팅,13,3
2019,1,3,푸드마케팅,14,4
2019,1,3,푸드마케팅,15,3
2019,1,3,푸드마케팅,16,3
2019,1,3,푸드마케팅,17,2
2019,1,3,푸드마케팅,18,1
2019,1,3,푸드마케팅,19,4
2019,1,3,푸드마케팅,20,1
2019,1,3,푸드마케팅,21,1
2019,1,3,푸드마케팅,22,1
2019,1,3,푸드마케팅,23,"1,2,3,4"
2019,1,3,푸드마케팅,24,1
2019,1,3,푸드마케팅,25,2
2019,1,3,푸드마케팅,26,1
2019,1,3,푸드마케팅,27,3
2019,1,3,푸드마케팅,28,2
2019,1,3,푸드마케팅,29,3
2019,1,3,푸드마케팅,30,4
2019,1,3,푸드마케팅,31,4
2019,1,3,푸드마케팅,32,4
2019,1,3,푸드마케팅,33,4
2019,1,3,푸드마케팅,34,3
2019,1,3,푸드마케팅,35,3
2019,1,3,고급영양학,1,2
2019,1,3,고급영양학,2,3
2019,1,3,고급영양학,3,1
2019,1,3,고급영양학,4,4
2019,1,3,고급영양학,5,3
2019,1,3,고급영양학,6,2
2019,1,3,고급영양학,7,3
2019,1,3,고급영양학,8,2
2019,1,3,고급영양학,9,2
2019,1,3,고급영양학,10,1
2019,1,3,고급영양학,11,4
2019,1,3,고급영양학,12,3
2019,1,3,고급영양학,13,3
2019,1,3,고급영양학,14,1
2019,1,3,고급영양학,15,3
2019,1,3,고급영양학,16,2
2019,1,3,고급영양학,17,1
2019,1,3,고급영양학,18,4
2019,1,3,고급영양학,19,1
2019,1,3,고급영양학,20,2
2019,1,3,고급영양학,21,4
2019,1,3,고급영양학,22,4
2019,1,3,고급영양학,23,3
2019,1,3,고급영양학,24,4
2019,1,3,고급영양학,25,4
2019,1,3,고급영양학,26,2
2019,1,3,고급영양학,27,1
2019,1,3,고급영양학,28,1
2019,1,3,고급영양학,29,3
2019,1,3,고급영양학,30,3
2019,1,3,고급영양학,31,3
2019,1,3,고급영양학,32,4
2019,1,3,고급영양학,33,4
2019,1,3,고급영양학,34,2
2019,1,3,고급영양학,35,1
2019,1,3,패션마케팅,1,3
2019,1,3,패션마케팅,2,3
2019,1,3,패션마케팅,3,3
2019,1,3,패션마케팅,4,4
2019,1,3,패션마케팅,5,2
2019,1,3,패션마케팅,6,3
2019,1,3,패션마케팅,7,3
2019,1,3,패션마케팅,8,1
2019,1,3,패션마케팅,9,4
2019,1,3,패션마케팅,10,2
2019,1,3,패션마케팅,11,1
2019,1,3,패션마케팅,12,3
2019,1,3,패션마케팅,13,2
2019,1,3,패션마케팅,14,2
2019,1,3,패션마케팅,15,3
2019,1,3,패션마케팅,16,1
2019,1,3,패션마케팅,17,3
2019,1,3,패션마케팅,18,4
2019,1,3,패션마케팅,19,4
2019,1,3,패션마케팅,20,1
2019,1,3,패션마케팅,21,3
2019,1,3,패션마케팅,22,2
2019,1,3,패션마케팅,23,4
2019,1,3,패션마케팅,24,2
2019,1,3,패션마케팅,25,1
2019,1,3,패션마케팅,26,4
2019,1,3,패션마케팅,27,3
2019,1,3,패션마케팅,28,1
2019,1,3,패션마케팅,29,4
2019,1,3,패션마케팅,30,2
2019,1,3,패션마케팅,31,4
2019,1,3,패션마케팅,32,1
2019,1,3,패션마케팅,33,3
2019,1,3,패션마케팅,34,4
2019,1,3,패션마케팅,35,2
2019,1,3,테크니컬디자인,1,3
2019,1,3,테크니컬디자인,2,3
2019,1,3,테크니컬디자인,3,1
2019,1,3,테크니컬디자인,4,4
2019,1,3,테크니컬디자인,5,2
2019,1,3,테크니컬디자인,6,3
2019,1,3,테크니컬디자인,7,1
2019,1,3,테크니컬디자인,8,4
2019,1,3,테크니컬디자인,9,4
2019,1,3,테크니컬디자인,10,3
2019,1,3,테크니컬디자인,11,2
2019,1,3,테크니컬디자인,12,1
2019,1,3,테크니컬디자인,13,2
2019,1,3,테크니컬디자인,14,1
2019,1,3,테크니컬디자인,15,3
2019,1,3,테크니컬디자인,16,4
2019,1,3,테크니컬디자인,17,4
2019,1,3,테크니컬디자인,18,2
2019,1,3,테크니컬디자인,19,1
2019,1,3,테크니컬디자인,20,1
2019,1,3,테크니컬디자인,21,3
2019,1,3,테크니컬디자인,22,2
2019,1,3,테크니컬디자인,23,4
2019,1,3,테크니컬디자인,24,4
2019,1,3,테크니컬디자인,25,2
2019,1,3,테크니컬디자인,26,3
2019,1,3,테크니컬디자인,27,1
2019,1,3,테크니컬디자인,28,3
2019,1,3,테크니컬디자인,29,4
2019,1,3,테크니컬디자인,30,2
2019,1,3,테크니컬디자인,31,1
2019,1,3,테크니컬디자인,32,3
2019,1,3,테크니컬디자인,33,4
2019,1,3,테크니컬디자인,34,2
2019,1,3,테크니컬디자인,35,2
2019,1,3,비영리기관운영관리,1,1
2019,1,3,비영리기관운영관리,2,1
2019,1,3,비영리기관운영관리,3,3
2019,1,3,비영리기관운영관리,4,4
2019,1,3,비영리기관운영관리,5,4
2019,1,3,비영리기관운영관리,6,4
2019,1,3,비영리기관운영관리,7,3
2019,1,3,비영리기관운영관리,8,2
2019,1,3,비영리기관운영관리,9,4
2019,1,3,비영리기관운영관리,10,1
2019,1,3,비영리기관운영관리,11,2
2019,1,3,비영리기관운영관리,12,1
2019,1,3,비영리기관운영관리,13,2
2019,1,3,비영리기관운영관리,14,3
2019,1,3,비영리기관운영관리,15,1
2019,1,3,비영리기관운영관리,16,2
2019,1,3,비영리기관운영관리,17,1
2019,1,3,비영리기관운영관리,18,2
2019,1,3,비영리기관운영관리,19,4
2019,1,3,비영리기관운영관리,20,1
2019,1,3,비영리기관운영관리,21,2
2019,1,3,비영리기관운영관리,22,2
2019,1,3,비영리기관운영관리,23,3
2019,1,3,비영리기관운영관리,24,4
2019,1,3,비영리기관운영관리,25,3
2019,1,3,비영리기관운영관리,26,4
2019,1,3,비영리기관운영관리,27,1
2019,1,3,비영리기관운영관리,28,2
2019,1,3,비영리기관운영관리,29,2
2019,1,3,비영리기관운영관리,30,4
2019,1,3,비영리기관운영관리,31,3
2019,1,3,비영리기관운영관리,32,3
2019,1,3,비영리기관운영관리,33,1
2019,1,3,비영리기관운영관리,34,4
2019,1,3,비영리기관운영관리,35,3
2019,1,3,가족과문화,1,2
2019,1,3,가족과문화,2,3
2019,1,3,가족과문화,3,1
2019,1,3,가족과문화,4,2
2019,1,3,가족과문화,5,1
2019,1,3,가족과문화,6,4
2019,1,3,가족과문화,7,3
2019,1,3,가족과문화,8,2
2019,1,3,가족과문화,9,2
2019,1,3,가족과문화,10,4
2019,1,3,가족과문화,11,4
2019,1,3,가족과문화,12,4
2019,1,3,가족과문화,13,1
2019,1,3,가족과문화,14,3
2019,1,3,가족과문화,15,2
2019,1,3,가족과문화,16,1
2019,1,3,가족과문화,17,3
2019,1,3,가족과문화,18,2
2019,1,3,가족과문화,19,4
2019,1,3,가족과문화,20,3
2019,1,3,가족과문화,21,1
2019,1,3,가족과문화,22,1
2019,1,3,가족과문화,23,2
2019,1,3,가족과문화,24,3
2019,1,3,가족과문화,25,3
2019,1,3,가족과문화,26,2
2019,1,3,가족과문화,27,1
2019,1,3,가족과문화,28,4
2019,1,3,가족과문화,29,2
2019,1,3,가족과문화,30,1
2019,1,3,가족과문화,31,3
2019,1,3,가족과문화,32,3
2019,1,3,가족과문화,33,4
2019,1,3,가족과문화,34,3
2019,1,3,가족과문화,35,2
2019,1,3,식품학,1,1
2019,1,3,식품학,2,4
2019,1,3,식품학,3,2
2019,1,3,식품학,4,"2,3"
2019,1,3,식품학,5,4
2019,1,3,식품학,6,1
2019,1,3,식품학,7,1
2019,1,3,식품학,8,"1,4"
2019,1,3,식품학,9,3
2019,1,3,식품학,10,1
2019,1,3,식품학,11,4
2019,1,3,식품학,12,3
2019,1,3,식품학,13,1
2019,1,3,식품학,14,1
2019,1,3,식품학,15,4
2019,1,3,식품학,16,1
2019,1,3,식품학,17,2
2019,1,3,식품학,18,2
2019,1,3,식품학,19,4
2019,1,3,식품학,20,4
2019,1,3,식품학,21,1
2019,1,3,식품학,22,3
2019,1,3,식품학,23,2
2019,1,3,식품학,24,1
2019,1,3,식품학,25,3
2019,1,3,식품학,26,2
2019,1,3,식품학,27,1
2019,1,3,식품학,28,3
2019,1,3,식품학,29,3
2019,1,3,식품학,30,1
2019,1,3,식품학,31,2
2019,1,3,식품학,32,4
2019,1,3,식품학,33,2
2019,1,3,식품학,34,4
2019,1,3,식품학,35,3
2019,1,3,세탁과염색,1,1
2019,1,3,세탁과염색,2,1
2019,1,3,세탁과염색,3,4
2019,1,3,세탁과염색,4,4
2019,1,3,세탁과염색,5,3
2019,1,3,세탁과염색,6,3
2019,1,3,세탁과염색,7,4
2019,1,3,세탁과염색,8,2
2019,1,3,세탁과염색,9,1
2019,1,3,세탁과염색,10,3
2019,1,3,세탁과염색,11,1
2019,1,3,세탁과염색,12,3
2019,1,3,세탁과염색,13,3
2019,1,3,세탁과염색,14,2
2019,1,3,세탁과염색,15,4
2019,1,3,세탁과염색,16,2
2019,1,3,세탁과염색,17,2
2019,1,3,세탁과염색,18,1
2019,1,3,세탁과염색,19,1
2019,1,3,세탁과염색,20,4
2019,1,3,세탁과염색,21,2
2019,1,3,세탁과염색,22,3
2019,1,3,세탁과염색,23,2
2019,1,3,세탁과염색,24,4
2019,1,3,세탁과염색,25,2
2019,1,3,세탁과염색,26,1
2019,1,3,세탁과염색,27,2
2019,1,3,세탁과염색,28,4
2019,1,3,세탁과염색,29,1
2019,1,3,세탁과염색,30,3
2019,1,3,세탁과염색,31,2
2019,1,3,세탁과염색,32,3
2019,1,3,세탁과염색,33,4
2019,1,3,세탁과염색,34,2
2019,1,3,세탁과염색,35,1
2019,1,3,가족발달,1,1
2019,1,3,가족발달,2,3
2019,1,3,가족발달,3,2
2019,1,3,가족발달,4,3
2019,1,3,가족발달,5,2
2019,1,3,가족발달,6,4
2019,1,3,가족발달,7,3
2019,1,3,가족발달,8,2
2019,1,3,가족발달,9,4
2019,1,3,가족발달,10,1
2019,1,3,가족발달,11,1
2019,1,3,가족발달,12,2
2019,1,3,가족발달,13,4
2019,1,3,가족발달,14,2
2019,1,3,가족발달,15,1
2019,1,3,가족발달,16,4
2019,1,3,가족발달,17,3
2019,1,3,가족발달,18,4
2019,1,3,가족발달,19,1
2019,1,3,가족발달,20,2
2019,1,3,가족발달,21,1
2019,1,3,가족발달,22,3
2019,1,3,가족발달,23,4
2019,1,3,가족발달,24,3
2019,1,3,가족발달,25,2
2019,1,3,가족발달,26,1
2019,1,3,가족발달,27,2
2019,1,3,가족발달,28,3
2019,1,3,가족발달,29,1
2019,1,3,가족발달,30,3
2019,1,3,가족발달,31,"1,4"
2019,1,3,가족발달,32,2
2019,1,3,가족발달,33,4
2019,1,3,가족발달,34,1
2019,1,3,가족발달,35,3
2019,1,3,여가관리,1,2
2019,1,3,여가관리,2,4
2019,1,3,여가관리,3,3
2019,1,3,여가관리,4,2
2019,1,3,여가관리,5,1
2019,1,3,여가관리,6,4
2019,1,3,여가관리,7,3
2019,1,3,여가관리,8,1
2019,1,3,여가관리,9,2
2019,1,3,여가관리,10,3
2019,1,3,여가관리,11,1
2019,1,3,여가관리,12,2
2019,1,3,여가관리,13,3
2019,1,3,여가관리,14,2
2019,1,3,여가관리,15,3
2019,1,3,여가관리,16,2
2019,1,3,여가관리,17,4
2019,1,3,여가관리,18,1
2019,1,3,여가관리,19,3
2019,1,3,여가관리,20,1
2019,1,3,여가관리,21,4
2019,1,3,여가관리,22,2
2019,1,3,여가관리,23,2
2019,1,3,여가관리,24,4
2019,1,3,여가관리,25,4
2019,1,3,여가관리,26,1
2019,1,3,여가관리,27,3
2019,1,3,여가관리,28,4
2019,1,3,여가관리,29,3
2019,1,3,여가관리,30,1
2019,1,3,여가관리,31,3
2019,1,3,여가관리,32,1
2019,1,3,여가관리,33,2
2019,1,3,여가관리,34,4
2019,1,3,여가관리,35,4
2019,1,3,생화학,1,4
2019,1,3,생화학,2,4
2019,1,3,생화학,3,4
2019,1,3,생화학,4,4
2019,1,3,생화학,5,3
2019,1,3,생화학,6,2
2019,1,3,생화학,7,3
2019,1,3,생화학,8,3
2019,1,3,생화학,9,1
2019,1,3,생화학,10,3
2019,1,3,생화학,11,3
2019,1,3,생화학,12,2
2019,1,3,생화학,13,4
2019,1,3,생화학,14,1
2019,1,3,생화학,15,2
2019,1,3,생화학,16,4
2019,1,3,생화학,17,3
2019,1,3,생화학,18,4
2019,1,3,생화학,19,3
2019,1,3,생화학,20,2
2019,1,3,생화학,21,3
2019,1,3,생화학,22,4
2019,1,3,생화학,23,3
2019,1,3,생화학,24,1
2019,1,3,생화학,25,3
2019,1,3,생화학,26,4
2019,1,3,생화학,27,1
2019,1,3,생화학,28,4
2019,1,3,생화학,29,2
2019,1,3,생화학,30,3
2019,1,3,생화학,31,2
2019,1,3,생화학,32,1
2019,1,3,생화학,33,2
2019,1,3,생화학,34,2
2019,1,3,생화학,35,3
2019,1,3,생애주기영양학,1,2
2019,1,3,생애주기영양학,2,2
2019,1,3,생애주기영양학,3,3
2019,1,3,생애주기영양학,4,1
2019,1,3,생애주기영양학,5,2
2019,1,3,생애주기영양학,6,3
2019,1,3,생애주기영양학,7,3
2019,1,3,생애주기영양학,8,1
2019,1,3,생애주기영양학,9,3
2019,1,3,생애주기영양학,10,2
2019,1,3,생애주기영양학,11,2
2019,1,3,생애주기영양학,12,1
2019,1,3,생애주기영양학,13,2
2019,1,3,생애주기영양학,14,3
2019,1,3,생애주기영양학,15,4
2019,1,3,생애주기영양학,16,2
2019,1,3,생애주기영양학,17,4
2019,1,3,생애주기영양학,18,2
2019,1,3,생애주기영양학,19,3
2019,1,3,생애주기영양학,20,4
2019,1,3,생애주기영양학,21,2
2019,1,3,생애주기영양학,22,1
2019,1,3,생애주기영양학,23,1
2019,1,3,생애주기영양학,24,1
2019,1,3,생애주기영양학,25,4
2019,1,3,생애주기영양학,26,4
2019,1,3,생애주기영양학,27,3
2019,1,3,생애주기영양학,28,3
2019,1,3,생애주기영양학,29,1
2019,1,3,생애주기영양학,30,2
2019,1,3,생애주기영양학,31,3
2019,1,3,생애주기영양학,32,1
2019,1,3,생애주기영양학,33,4
2019,1,3,생애주기영양학,34,3
2019,1,3,생애주기영양학,35,2
2019,1,3,의복구성원리,1,1
2019,1,3,의복구성원리,2,4
2019,1,3,의복구성원리,3,3
2019,1,3,의복구성원리,4,3
2019,1,3,의복구성원리,5,1
2019,1,3,의복구성원리,6,2
2019,1,3,의복구성원리,7,2
2019,1,3,의복구성원리,8,4
2019,1,3,의복구성원리,9,3
2019,1,3,의복구성원리,10,2
2019,1,3,의복구성원리,11,3
2019,1,3,의복구성원리,12,1
2019,1,3,의복구성원리,13,1
2019,1,3,의복구성원리,14,4
2019,1,3,의복구성원리,15,2
2019,1,3,의복구성원리,16,3
2019,1,3,의복구성원리,17,1
2019,1,3,의복구성원리,18,4
2019,1,3,의복구성원리,19,3
2019,1,3,의복구성원리,20,3
2019,1,3,의복구성원리,21,2
2019,1,3,의복구성원리,22,1
2019,1,3,의복구성원리,23,4
2019,1,3,의복구성원리,24,1
2019,1,3,의복구성원리,25,2
2019,1,3,의복구성원리,26,3
2019,1,3,의복구성원리,27,4
2019,1,3,의복구성원리,28,3
2019,1,3,의복구성원리,29,4
2019,1,3,의복구성원리,30,1
2019,1,3,의복구성원리,31,2
2019,1,3,의복구성원리,32,2
2019,1,3,의복구성원리,33,4
2019,1,3,의복구성원리,34,3
2019,1,3,의복구성원리,35,1
2019,1,3,패션일러스트레이션,1,4
2019,1,3,패션일러스트레이션,2,2
2019,1,3,패션일러스트레이션,3,2
2019,1,3,패션일러스트레이션,4,1
2019,1,3,패션일러스트레이션,5,2
2019,1,3,패션일러스트레이션,6,3
2019,1,3,패션일러스트레이션,7,3
2019,1,3,패션일러스트레이션,8,1
2019,1,3,패션일러스트레이션,9,3
2019,1,3,패션일러스트레이션,10,2
2019,1,3,패션일러스트레이션,11,1
2019,1,3,패션일러스트레이션,12,1
2019,1,3,패션일러스트레이션,13,2
2019,1,3,패션일러스트레이션,14,4
2019,1,3,패션일러스트레이션,15,2
2019,1,3,패션일러스트레이션,16,1
2019,1,3,패션일러스트레이션,17,4
2019,1,3,패션일러스트레이션,18,1
2019,1,3,패션일러스트레이션,19,4
2019,1,3,패션일러스트레이션,20,2
2019,1,3,패션일러스트레이션,21,4
2019,1,3,패션일러스트레이션,22,4
2019,1,3,패션일러스트레이션,23,1
2019,1,3,패션일러스트레이션,24,1
2019,1,3,패션일러스트레이션,25,4
2019,1,3,패션일러스트레이션,26,2
2019,1,3,패션일러스트레이션,27,3
2019,1,3,패션일러스트레이션,28,2
2019,1,3,패션일러스트레이션,29,3
2019,1,3,패션일러스트레이션,30,4
2019,1,3,패션일러스트레이션,31,1
2019,1,3,패션일러스트레이션,32,2
2019,1,3,패션일러스트레이션,33,1
2019,1,3,패션일러스트레이션,34,4
2019,1,3,패션일러스트레이션,35,1
2019,1,3,데이터베이스,1,2
2019,1,3,데이터베이스,2,4
2019,1,3,데이터베이스,3,1
2019,1,3,데이터베이스,4,1
2019,1,3,데이터베이스,5,2
2019,1,3,데이터베이스,6,3
2019,1,3,데이터베이스,7,4
2019,1,3,데이터베이스,8,1
2019,1,3,데이터베이스,9,"1,2,3,4"
2019,1,3,데이터베이스,10,4
2019,1,3,데이터베이스,11,"2,3"
2019,1,3,데이터베이스,12,2
2019,1,3,데이터베이스,13,4
2019,1,3,데이터베이스,14,1
2019,1,3,데이터베이스,15,2
2019,1,3,데이터베이스,16,1
2019,1,3,데이터베이스,17,3
2019,1,3,데이터베이스,18,3
2019,1,3,데이터베이스,19,4
2019,1,3,데이터베이스,20,2
2019,1,3,데이터베이스,21,1
2019,1,3,데이터베이스,22,3
2019,1,3,데이터베이스,23,2
2019,1,3,데이터베이스,24,4
2019,1,3,데이터베이스,25,1
2019,1,3,데이터베이스,26,2
2019,1,3,데이터베이스,27,3
2019,1,3,데이터베이스,28,2
2019,1,3,데이터베이스,29,3
2019,1,3,데이터베이스,30,3
2019,1,3,데이터베이스,31,1
2019,1,3,데이터베이스,32,2
2019,1,3,데이터베이스,33,1
2019,1,3,데이터베이스,34,4
2019,1,3,데이터베이스,35,4
2019,1,3,디지털논리회로,1,3
2019,1,3,디지털논리회로,2,2
2019,1,3,디지털논리회로,3,2
2019,1,3,디지털논리회로,4,2
2019,1,3,디지털논리회로,5,2
2019,1,3,디지털논리회로,6,3
2019,1,3,디지털논리회로,7,1
2019,1,3,디지털논리회로,8,1
2019,1,3,디지털논리회로,9,3
2019,1,3,디지털논리회로,10,4
2019,1,3,디지털논리회로,11,3
2019,1,3,디지털논리회로,12,4
2019,1,3,디지털논리회로,13,1
2019,1,3,디지털논리회로,14,2
2019,1,3,디지털논리회로,15,4
2019,1,3,디지털논리회로,16,"1,2,3,4"
2019,1,3,디지털논리회로,17,1
2019,1,3,디지털논리회로,18,4
2019,1,3,디지털논리회로,19,4
2019,1,3,디지털논리회로,20,4
2019,1,3,디지털논리회로,21,1
2019,1,3,디지털논리회로,22,2
2019,1,3,디지털논리회로,23,2
2019,1,3,디지털논리회로,24,4
2019,1,3,디지털논리회로,25,3
2019,1,3,디지털논리회로,26,3
2019,1,3,디지털논리회로,27,3
2019,1,3,디지털논리회로,28,1
2019,1,3,디지털논리회로,29,4
2019,1,3,디지털논리회로,30,4
2019,1,3,디지털논리회로,31,3
2019,1,3,디지털논리회로,32,2
2019,1,3,디지털논리회로,33,1
2019,1,3,디지털논리회로,34,2
2019,1,3,디지털논리회로,35,1
2019,1,3,Java프로그래밍,1,1
2019,1,3,Java프로그래밍,2,4
2019,1,3,Java프로그래밍,3,3
2019,1,3,Java프로그래밍,4,4
2019,1,3,Java프로그래밍,5,3
2019,1,3,Java프로그래밍,6,4
2019,1,3,Java프로그래밍,7,3
2019,1,3,Java프로그래밍,8,2
2019,1,3,Java프로그래밍,9,2
2019,1,3,Java프로그래밍,10,3
2019,1,3,Java프로그래밍,11,3
2019,1,3,Java프로그래밍,12,2
2019,1,3,Java프로그래밍,13,4
2019,1,3,Java프로그래밍,14,2
2019,1,3,Java프로그래밍,15,3
2019,1,3,Java프로그래밍,16,4
2019,1,3,Java프로그래밍,17,1
2019,1,3,Java프로그래밍,18,2
2019,1,3,Java프로그래밍,19,4
2019,1,3,Java프로그래밍,20,1
2019,1,3,Java프로그래밍,21,1
2019,1,3,Java프로그래밍,22,2
2019,1,3,Java프로그래밍,23,4
2019,1,3,Java프로그래밍,24,3
2019,1,3,Java프로그래밍,25,4
2019,1,3,알고리즘,1,3
2019,1,3,알고리즘,2,2
2019,1,3,알고리즘,3,1
2019,1,3,알고리즘,4,3
2019,1,3,알고리즘,5,4
2019,1,3,알고리즘,6,4
2019,1,3,알고리즘,7,2
2019,1,3,알고리즘,8,1
2019,1,3,알고리즘,9,2
2019,1,3,알고리즘,10,1
2019,1,3,알고리즘,11,2
2019,1,3,알고리즘,12,4
2019,1,3,알고리즘,13,3
2019,1,3,알고리즘,14,4
2019,1,3,알고리즘,15,4
2019,1,3,알고리즘,16,3
2019,1,3,알고리즘,17,2
2019,1,3,알고리즘,18,2
2019,1,3,알고리즘,19,3
2019,1,3,알고리즘,20,4
2019,1,3,알고리즘,21,1
2019,1,3,알고리즘,22,2
2019,1,3,알고리즘,23,3
2019,1,3,알고리즘,24,3
2019,1,3,알고리즘,25,2
2019,1,3,알고리즘,26,4
2019,1,3,알고리즘,27,4
2019,1,3,알고리즘,28,2
2019,1,3,알고리즘,29,1
2019,1,3,알고리즘,30,4
2019,1,3,알고리즘,31,4
2019,1,3,알고리즘,32,4
2019,1,3,알고리즘,33,3
2019,1,3,알고리즘,34,1
2019,1,3,알고리즘,35,2
2019,1,3,운영체제,1,4
2019,1,3,운영체제,2,2
2019,1,3,운영체제,3,1
2019,1,3,운영체제,4,2
2019,1,3,운영체제,5,4
2019,1,3,운영체제,6,4
2019,1,3,운영체제,7,4
2019,1,3,운영체제,8,1
2019,1,3,운영체제,9,2
2019,1,3,운영체제,10,3
2019,1,3,운영체제,11,3
2019,1,3,운영체제,12,2
2019,1,3,운영체제,13,4
2019,1,3,운영체제,14,3
2019,1,3,운영체제,15,2
2019,1,3,운영체제,16,1
2019,1,3,운영체제,17,4
2019,1,3,운영체제,18,1
2019,1,3,운영체제,19,2
2019,1,3,운영체제,20,3
2019,1,3,운영체제,21,3
2019,1,3,운영체제,22,4
2019,1,3,운영체제,23,1
2019,1,3,운영체제,24,1
2019,1,3,운영체제,25,3
2019,1,3,통계조사방법론,1,2
2019,1,3,통계조사방법론,2,1
2019,1,3,통계조사방법론,3,1
2019,1,3,통계조사방법론,4,4
2019,1,3,통계조사방법론,5,3
2019,1,3,통계조사방법론,6,3
2019,1,3,통계조사방법론,7,4
2019,1,3,통계조사방법론,8,3
2019,1,3,통계조사방법론,9,1
2019,1,3,통계조사방법론,10,4
2019,1,3,통계조사방법론,11,3
2019,1,3,통계조사방법론,12,1
2019,1,3,통계조사방법론,13,3
2019,1,3,통계조사방법론,14,4
2019,1,3,통계조사방법론,15,2
2019,1,3,통계조사방법론,16,3
2019,1,3,통계조사방법론,17,3
2019,1,3,통계조사방법론,18,1
2019,1,3,통계조사방법론,19,4
2019,1,3,통계조사방법론,20,4
2019,1,3,통계조사방법론,21,2
2019,1,3,통계조사방법론,22,3
2019,1,3,통계조사방법론,23,1
2019,1,3,통계조사방법론,24,3
2019,1,3,통계조사방법론,25,4
2019,1,3,통계조사방법론,26,3
2019,1,3,통계조사방법론,27,1
2019,1,3,통계조사방법론,28,3
2019,1,3,통계조사방법론,29,1
2019,1,3,통계조사방법론,30,1
2019,1,3,통계조사방법론,31,1
2019,1,3,통계조사방법론,32,1
2019,1,3,통계조사방법론,33,2
2019,1,3,통계조사방법론,34,1
2019,1,3,통계조사방법론,35,4
2019,1,3,통계학개론,1,2
2019,1,3,통계학개론,2,4
2019,1,3,통계학개론,3,3
2019,1,3,통계학개론,4,1
2019,1,3,통계학개론,5,3
2019,1,3,통계학개론,6,2
2019,1,3,통계학개론,7,"1,3"
2019,1,3,통계학개론,8,4
2019,1,3,통계학개론,9,3
2019,1,3,통계학개론,10,2
2019,1,3,통계학개론,11,4
2019,1,3,통계학개론,12,3
2019,1,3,통계학개론,13,2
2019,1,3,통계학개론,14,3
2019,1,3,통계학개론,15,1
2019,1,3,통계학개론,16,2
2019,1,3,통계학개론,17,4
2019,1,3,통계학개론,18,2
2019,1,3,통계학개론,19,1
2019,1,3,통계학개론,20,3
2019,1,3,통계학개론,21,1
2019,1,3,통계학개론,22,2
2019,1,3,통계학개론,23,4
2019,1,3,통계학개론,24,3
2019,1,3,통계학개론,25,2
2019,1,3,금융데이터의이해,1,4
2019,1,3,금융데이터의이해,2,1
2019,1,3,금융데이터의이해,3,2
2019,1,3,금융데이터의이해,4,1
2019,1,3,금융데이터의이해,5,1
2019,1,3,금융데이터의이해,6,3
2019,1,3,금융데이터의이해,7,4
2019,1,3,금융데이터의이해,8,1
2019,1,3,금융데이터의이해,9,2
2019,1,3,금융데이터의이해,10,4
2019,1,3,금융데이터의이해,11,4
2019,1,3,금융데이터의이해,12,2
2019,1,3,금융데이터의이해,13,1
2019,1,3,금융데이터의이해,14,1
2019,1,3,금융데이터의이해,15,4
2019,1,3,금융데이터의이해,16,2
2019,1,3,금융데이터의이해,17,4
2019,1,3,금융데이터의이해,18,4
2019,1,3,금융데이터의이해,19,3
2019,1,3,금융데이터의이해,20,3
2019,1,3,금융데이터의이해,21,2
2019,1,3,금융데이터의이해,22,3
2019,1,3,금융데이터의이해,23,4
2019,1,3,금융데이터의이해,24,1
2019,1,3,금융데이터의이해,25,2
2019,1,3,금융데이터의이해,26,4
2019,1,3,금융데이터의이해,27,2
2019,1,3,금융데이터의이해,28,4
2019,1,3,금융데이터의이해,29,1
2019,1,3,금융데이터의이해,30,2
2019,1,3,금융데이터의이해,31,"1,2,3,4"
2019,1,3,금융데이터의이해,32,1
2019,1,3,금융데이터의이해,33,1
2019,1,3,금융데이터의이해,34,3
2019,1,3,금융데이터의이해,35,4
2019,1,3,통계패키지,1,3
2019,1,3,통계패키지,2,3
2019,1,3,통계패키지,3,1
2019,1,3,통계패키지,4,2
2019,1,3,통계패키지,5,3
2019,1,3,통계패키지,6,1
2019,1,3,통계패키지,7,4
2019,1,3,통계패키지,8,4
2019,1,3,통계패키지,9,1
2019,1,3,통계패키지,10,2
2019,1,3,통계패키지,11,3
2019,1,3,통계패키지,12,2
2019,1,3,통계패키지,13,3
2019,1,3,통계패키지,14,1
2019,1,3,통계패키지,15,2
2019,1,3,통계패키지,16,4
2019,1,3,통계패키지,17,1
2019,1,3,통계패키지,18,1
2019,1,3,통계패키지,19,2
2019,1,3,통계패키지,20,4
2019,1,3,통계패키지,21,2
2019,1,3,통계패키지,22,3
2019,1,3,통계패키지,23,4
2019,1,3,통계패키지,24,3
2019,1,3,통계패키지,25,2
2019,1,3,6시그마경영,1,3
2019,1,3,6시그마경영,2,4
2019,1,3,6시그마경영,3,2
2019,1,3,6시그마경영,4,3
2019,1,3,6시그마경영,5,1
2019,1,3,6시그마경영,6,3
2019,1,3,6시그마경영,7,4
2019,1,3,6시그마경영,8,2
2019,1,3,6시그마경영,9,4
2019,1,3,6시그마경영,10,1
2019,1,3,6시그마경영,11,3
2019,1,3,6시그마경영,12,2
2019,1,3,6시그마경영,13,4
2019,1,3,6시그마경영,14,4
2019,1,3,6시그마경영,15,2
2019,1,3,6시그마경영,16,2
2019,1,3,6시그마경영,17,4
2019,1,3,6시그마경영,18,4
2019,1,3,6시그마경영,19,1
2019,1,3,6시그마경영,20,1
2019,1,3,6시그마경영,21,2
2019,1,3,6시그마경영,22,3
2019,1,3,6시그마경영,23,3
2019,1,3,6시그마경영,24,2
2019,1,3,6시그마경영,25,3
2019,1,3,데이터시각화,1,3
2019,1,3,데이터시각화,2,4
2019,1,3,데이터시각화,3,2
2019,1,3,데이터시각화,4,1
2019,1,3,데이터시각화,5,3
2019,1,3,데이터시각화,6,2
2019,1,3,데이터시각화,7,4
2019,1,3,데이터시각화,8,1
2019,1,3,데이터시각화,9,2
2019,1,3,데이터시각화,10,"2,4"
2019,1,3,데이터시각화,11,2
2019,1,3,데이터시각화,12,3
2019,1,3,데이터시각화,13,1
2019,1,3,데이터시각화,14,4
2019,1,3,데이터시각화,15,3
2019,1,3,데이터시각화,16,2
2019,1,3,데이터시각화,17,4
2019,1,3,데이터시각화,18,3
2019,1,3,데이터시각화,19,1
2019,1,3,데이터시각화,20,3
2019,1,3,데이터시각화,21,2
2019,1,3,데이터시각화,22,1
2019,1,3,데이터시각화,23,"2,3"
2019,1,3,데이터시각화,24,4
2019,1,3,데이터시각화,25,3
2019,1,3,조사방법론,1,1
2019,1,3,조사방법론,2,1
2019,1,3,조사방법론,3,4
2019,1,3,조사방법론,4,3
2019,1,3,조사방법론,5,4
2019,1,3,조사방법론,6,1
2019,1,3,조사방법론,7,3
2019,1,3,조사방법론,8,4
2019,1,3,조사방법론,9,2
2019,1,3,조사방법론,10,4
2019,1,3,조사방법론,11,1
2019,1,3,조사방법론,12,3
2019,1,3,조사방법론,13,2
2019,1,3,조사방법론,14,2
2019,1,3,조사방법론,15,1
2019,1,3,조사방법론,16,3
2019,1,3,조사방법론,17,4
2019,1,3,조사방법론,18,3
2019,1,3,조사방법론,19,3
2019,1,3,조사방법론,20,2
2019,1,3,조사방법론,21,1
2019,1,3,조사방법론,22,4
2019,1,3,조사방법론,23,3
2019,1,3,조사방법론,24,3
2019,1,3,조사방법론,25,3
2019,1,3,조사방법론,26,1
2019,1,3,조사방법론,27,1
2019,1,3,조사방법론,28,1
2019,1,3,조사방법론,29,4
2019,1,3,조사방법론,30,1
2019,1,3,조사방법론,31,1
2019,1,3,조사방법론,32,4
2019,1,3,조사방법론,33,4
2019,1,3,조사방법론,34,4
2019,1,3,조사방법론,35,2
2019,1,3,수질시험법,1,1
2019,1,3,수질시험법,2,2
2019,1,3,수질시험법,3,3
2019,1,3,수질시험법,4,4
2019,1,3,수질시험법,5,2
2019,1,3,수질시험법,6,4
2019,1,3,수질시험법,7,1
2019,1,3,수질시험법,8,3
2019,1,3,수질시험법,9,4
2019,1,3,수질시험법,10,3
2019,1,3,수질시험법,11,2
2019,1,3,수질시험법,12,1
2019,1,3,수질시험법,13,3
2019,1,3,수질시험법,14,4
2019,1,3,수질시험법,15,3
2019,1,3,수질시험법,16,1
2019,1,3,수질시험법,17,2
2019,1,3,수질시험법,18,4
2019,1,3,수질시험법,19,3
2019,1,3,수질시험법,20,1
2019,1,3,수질시험법,21,1
2019,1,3,수질시험법,22,2
2019,1,3,수질시험법,23,3
2019,1,3,수질시험법,24,4
2019,1,3,수질시험법,25,1
2019,1,3,수질시험법,26,2
2019,1,3,수질시험법,27,3
2019,1,3,수질시험법,28,4
2019,1,3,수질시험법,29,4
2019,1,3,수질시험법,30,4
2019,1,3,수질시험법,31,3
2019,1,3,수질시험법,32,2
2019,1,3,수질시험법,33,1
2019,1,3,수질시험법,34,3
2019,1,3,수질시험법,35,2
2019,1,3,환경보건경영시스템,1,4
2019,1,3,환경보건경영시스템,2,2
2019,1,3,환경보건경영시스템,3,3
2019,1,3,환경보건경영시스템,4,1
2019,1,3,환경보건경영시스템,5,2
2019,1,3,환경보건경영시스템,6,1
2019,1,3,환경보건경영시스템,7,1
2019,1,3,환경보건경영시스템,8,4
2019,1,3,환경보건경영시스템,9,3
2019,1,3,환경보건경영시스템,10,3
2019,1,3,환경보건경영시스템,11,1
2019,1,3,환경보건경영시스템,12,3
2019,1,3,환경보건경영시스템,13,2
2019,1,3,환경보건경영시스템,14,3
2019,1,3,환경보건경영시스템,15,4
2019,1,3,환경보건경영시스템,16,2
2019,1,3,환경보건경영시스템,17,1
2019,1,3,환경보건경영시스템,18,2
2019,1,3,환경보건경영시스템,19,3
2019,1,3,환경보건경영시스템,20,3
2019,1,3,환경보건경영시스템,21,1
2019,1,3,환경보건경영시스템,22,2
2019,1,3,환경보건경영시스템,23,1
2019,1,3,환경보건경영시스템,24,4
2019,1,3,환경보건경영시스템,25,2
2019,1,3,환경보건경영시스템,26,3
2019,1,3,환경보건경영시스템,27,4
2019,1,3,환경보건경영시스템,28,2
2019,1,3,환경보건경영시스템,29,1
2019,1,3,환경보건경영시스템,30,2
2019,1,3,환경보건경영시스템,31,2
2019,1,3,환경보건경영시스템,32,3
2019,1,3,환경보건경영시스템,33,4
2019,1,3,환경보건경영시스템,34,2
2019,1,3,환경보건경영시스템,35,3
2019,1,3,작업환경측정,1,3
2019,1,3,작업환경측정,2,2
2019,1,3,작업환경측정,3,3
2019,1,3,작업환경측정,4,4
2019,1,3,작업환경측정,5,3
2019,1,3,작업환경측정,6,1
2019,1,3,작업환경측정,7,2
2019,1,3,작업환경측정,8,2
2019,1,3,작업환경측정,9,1
2019,1,3,작업환경측정,10,1
2019,1,3,작업환경측정,11,1
2019,1,3,작업환경측정,12,1
2019,1,3,작업환경측정,13,4
2019,1,3,작업환경측정,14,4
2019,1,3,작업환경측정,15,2
2019,1,3,작업환경측정,16,"1,4"
2019,1,3,작업환경측정,17,1
2019,1,3,작업환경측정,18,3
2019,1,3,작업환경측정,19,3
2019,1,3,작업환경측정,20,3
2019,1,3,작업환경측정,21,1
2019,1,3,작업환경측정,22,2
2019,1,3,작업환경측정,23,3
2019,1,3,작업환경측정,24,3
2019,1,3,작업환경측정,25,3
2019,1,3,작업환경측정,26,1
2019,1,3,작업환경측정,27,2
2019,1,3,작업환경측정,28,4
2019,1,3,작업환경측정,29,4
2019,1,3,작업환경측정,30,1
2019,1,3,작업환경측정,31,2
2019,1,3,작업환경측정,32,4
2019,1,3,작업환경측정,33,3
2019,1,3,작업환경측정,34,3
2019,1,3,작업환경측정,35,2
2019,1,3,지구환경생태학,1,3
2019,1,3,지구환경생태학,2,4
2019,1,3,지구환경생태학,3,4
2019,1,3,지구환경생태학,4,4
2019,1,3,지구환경생태학,5,1
2019,1,3,지구환경생태학,6,2
2019,1,3,지구환경생태학,7,1
2019,1,3,지구환경생태학,8,4
2019,1,3,지구환경생태학,9,2
2019,1,3,지구환경생태학,10,3
2019,1,3,지구환경생태학,11,1
2019,1,3,지구환경생태학,12,2
2019,1,3,지구환경생태학,13,2
2019,1,3,지구환경생태학,14,3
2019,1,3,지구환경생태학,15,3
2019,1,3,지구환경생태학,16,1
2019,1,3,지구환경생태학,17,4
2019,1,3,지구환경생태학,18,3
2019,1,3,지구환경생태학,19,3
2019,1,3,지구환경생태학,20,4
2019,1,3,지구환경생태학,21,2
2019,1,3,지구환경생태학,22,4
2019,1,3,지구환경생태학,23,1
2019,1,3,지구환경생태학,24,2
2019,1,3,지구환경생태학,25,3
2019,1,3,지구환경생태학,26,1
2019,1,3,지구환경생태학,27,3
2019,1,3,지구환경생태학,28,4
2019,1,3,지구환경생태학,29,4
2019,1,3,지구환경생태학,30,1
2019,1,3,지구환경생태학,31,3
2019,1,3,지구환경생태학,32,2
2019,1,3,지구환경생태학,33,4
2019,1,3,지구환경생태학,34,3
2019,1,3,지구환경생태학,35,1
2019,1,3,건강보험론,1,4
2019,1,3,건강보험론,2,1
2019,1,3,건강보험론,3,2
2019,1,3,건강보험론,4,2
2019,1,3,건강보험론,5,3
2019,1,3,건강보험론,6,1
2019,1,3,건강보험론,7,2
2019,1,3,건강보험론,8,4
2019,1,3,건강보험론,9,3
2019,1,3,건강보험론,10,3
2019,1,3,건강보험론,11,4
2019,1,3,건강보험론,12,1
2019,1,3,건강보험론,13,4
2019,1,3,건강보험론,14,1
2019,1,3,건강보험론,15,3
2019,1,3,건강보험론,16,2
2019,1,3,건강보험론,17,1
2019,1,3,건강보험론,18,1
2019,1,3,건강보험론,19,3
2019,1,3,건강보험론,20,4
2019,1,3,건강보험론,21,3
2019,1,3,건강보험론,22,1
2019,1,3,건강보험론,23,2
2019,1,3,건강보험론,24,4
2019,1,3,건강보험론,25,3
2019,1,3,건강보험론,26,4
2019,1,3,건강보험론,27,2
2019,1,3,건강보험론,28,1
2019,1,3,건강보험론,29,1
2019,1,3,건강보험론,30,2
2019,1,3,건강보험론,31,4
2019,1,3,건강보험론,32,3
2019,1,3,건강보험론,33,1
2019,1,3,건강보험론,34,4
2019,1,3,건강보험론,35,2
2019,1,3,고위험모아간호학,1,1
2019,1,3,고위험모아간호학,2,3
2019,1,3,고위험모아간호학,3,2
2019,1,3,고위험모아간호학,4,2
2019,1,3,고위험모아간호학,5,2
2019,1,3,고위험모아간호학,6,3
2019,1,3,고위험모아간호학,7,4
2019,1,3,고위험모아간호학,8,1
2019,1,3,고위험모아간호학,9,1
2019,1,3,고위험모아간호학,10,2
2019,1,3,고위험모아간호학,11,4
2019,1,3,고위험모아간호학,12,3
2019,1,3,고위험모아간호학,13,4
2019,1,3,고위험모아간호학,14,2
2019,1,3,고위험모아간호학,15,4
2019,1,3,고위험모아간호학,16,1
2019,1,3,고위험모아간호학,17,"2,3"
2019,1,3,고위험모아간호학,18,2
2019,1,3,고위험모아간호학,19,4
2019,1,3,고위험모아간호학,20,4
2019,1,3,고위험모아간호학,21,3
2019,1,3,고위험모아간호학,22,4
2019,1,3,고위험모아간호학,23,1
2019,1,3,고위험모아간호학,24,3
2019,1,3,고위험모아간호학,25,4
2019,1,3,고위험모아간호학,26,1
2019,1,3,고위험모아간호학,27,3
2019,1,3,고위험모아간호학,28,3
2019,1,3,고위험모아간호학,29,3
2019,1,3,고위험모아간호학,30,3
2019,1,3,고위험모아간호학,31,3
2019,1,3,고위험모아간호학,32,1
2019,1,3,고위험모아간호학,33,"1,4"
2019,1,3,고위험모아간호학,34,4
2019,1,3,고위험모아간호학,35,2
2019,1,3,기초간호과학,1,2
2019,1,3,기초간호과학,2,4
2019,1,3,기초간호과학,3,2
2019,1,3,기초간호과학,4,1
2019,1,3,기초간호과학,5,3
2019,1,3,기초간호과학,6,4
2019,1,3,기초간호과학,7,1
2019,1,3,기초간호과학,8,2
2019,1,3,기초간호과학,9,1
2019,1,3,기초간호과학,10,3
2019,1,3,기초간호과학,11,4
2019,1,3,기초간호과학,12,1
2019,1,3,기초간호과학,13,3
2019,1,3,기초간호과학,14,4
2019,1,3,기초간호과학,15,3
2019,1,3,기초간호과학,16,3
2019,1,3,기초간호과학,17,2
2019,1,3,기초간호과학,18,2
2019,1,3,기초간호과학,19,3
2019,1,3,기초간호과학,20,4
2019,1,3,기초간호과학,21,4
2019,1,3,기초간호과학,22,2
2019,1,3,기초간호과학,23,4
2019,1,3,기초간호과학,24,3
2019,1,3,기초간호과학,25,2
2019,1,3,기초간호과학,26,4
2019,1,3,기초간호과학,27,3
2019,1,3,기초간호과학,28,1
2019,1,3,기초간호과학,29,2
2019,1,3,기초간호과학,30,1
2019,1,3,기초간호과학,31,3
2019,1,3,기초간호과학,32,3
2019,1,3,기초간호과학,33,4
2019,1,3,기초간호과학,34,3
2019,1,3,기초간호과학,35,1
2019,1,3,간호연구,1,1
2019,1,3,간호연구,2,4
2019,1,3,간호연구,3,2
2019,1,3,간호연구,4,3
2019,1,3,간호연구,5,4
2019,1,3,간호연구,6,2
2019,1,3,간호연구,7,1
2019,1,3,간호연구,8,3
2019,1,3,간호연구,9,1
2019,1,3,간호연구,10,3
2019,1,3,간호연구,11,4
2019,1,3,간호연구,12,2
2019,1,3,간호연구,13,3
2019,1,3,간호연구,14,3
2019,1,3,간호연구,15,3
2019,1,3,간호연구,16,4
2019,1,3,간호연구,17,2
2019,1,3,간호연구,18,1
2019,1,3,간호연구,19,4
2019,1,3,간호연구,20,4
2019,1,3,간호연구,21,4
2019,1,3,간호연구,22,3
2019,1,3,간호연구,23,2
2019,1,3,간호연구,24,4
2019,1,3,간호연구,25,3
2019,1,3,간호연구,26,4
2019,1,3,간호연구,27,2
2019,1,3,간호연구,28,1
2019,1,3,간호연구,29,2
2019,1,3,간호연구,30,2
2019,1,3,간호연구,31,3
2019,1,3,간호연구,32,3
2019,1,3,간호연구,33,4
2019,1,3,간호연구,34,1
2019,1,3,간호연구,35,2
2019,1,3,정신건강과간호,1,2
2019,1,3,정신건강과간호,2,1
2019,1,3,정신건강과간호,3,"1,2,3,4"
2019,1,3,정신건강과간호,4,3
2019,1,3,정신건강과간호,5,1
2019,1,3,정신건강과간호,6,2
2019,1,3,정신건강과간호,7,3
2019,1,3,정신건강과간호,8,2
2019,1,3,정신건강과간호,9,1
2019,1,3,정신건강과간호,10,2
2019,1,3,정신건강과간호,11,1
2019,1,3,정신건강과간호,12,3
2019,1,3,정신건강과간호,13,4
2019,1,3,정신건강과간호,14,3
2019,1,3,정신건강과간호,15,3
2019,1,3,정신건강과간호,16,4
2019,1,3,정신건강과간호,17,4
2019,1,3,정신건강과간호,18,4
2019,1,3,정신건강과간호,19,3
2019,1,3,정신건강과간호,20,4
2019,1,3,정신건강과간호,21,4
2019,1,3,정신건강과간호,22,1
2019,1,3,정신건강과간호,23,4
2019,1,3,정신건강과간호,24,3
2019,1,3,정신건강과간호,25,4
2019,1,3,정신건강과간호,26,4
2019,1,3,정신건강과간호,27,1
2019,1,3,정신건강과간호,28,1
2019,1,3,정신건강과간호,29,4
2019,1,3,정신건강과간호,30,3
2019,1,3,정신건강과간호,31,3
2019,1,3,정신건강과간호,32,4
2019,1,3,정신건강과간호,33,2
2019,1,3,정신건강과간호,34,4
2019,1,3,정신건강과간호,35,2
2019,1,3,간호과정론,1,4
2019,1,3,간호과정론,2,2
2019,1,3,간호과정론,3,3
2019,1,3,간호과정론,4,1
2019,1,3,간호과정론,5,2
2019,1,3,간호과정론,6,1
2019,1,3,간호과정론,7,2
2019,1,3,간호과정론,8,3
2019,1,3,간호과정론,9,1
2019,1,3,간호과정론,10,4
2019,1,3,간호과정론,11,3
2019,1,3,간호과정론,12,3
2019,1,3,간호과정론,13,2
2019,1,3,간호과정론,14,4
2019,1,3,간호과정론,15,2
2019,1,3,간호과정론,16,1
2019,1,3,간호과정론,17,1
2019,1,3,간호과정론,18,4
2019,1,3,간호과정론,19,4
2019,1,3,간호과정론,20,3
2019,1,3,간호과정론,21,1
2019,1,3,간호과정론,22,3
2019,1,3,간호과정론,23,1
2019,1,3,간호과정론,24,1
2019,1,3,간호과정론,25,3
2019,1,3,간호과정론,26,3
2019,1,3,간호과정론,27,4
2019,1,3,간호과정론,28,1
2019,1,3,간호과정론,29,1
2019,1,3,간호과정론,30,3
2019,1,3,간호과정론,31,1
2019,1,3,간호과정론,32,3
2019,1,3,간호과정론,33,2
2019,1,3,간호과정론,34,2
2019,1,3,간호과정론,35,3
2019,1,3,가족건강간호학,1,4
2019,1,3,가족건강간호학,2,1
2019,1,3,가족건강간호학,3,4
2019,1,3,가족건강간호학,4,4
2019,1,3,가족건강간호학,5,2
2019,1,3,가족건강간호학,6,4
2019,1,3,가족건강간호학,7,4
2019,1,3,가족건강간호학,8,1
2019,1,3,가족건강간호학,9,2
2019,1,3,가족건강간호학,10,2
2019,1,3,가족건강간호학,11,1
2019,1,3,가족건강간호학,12,3
2019,1,3,가족건강간호학,13,4
2019,1,3,가족건강간호학,14,1
2019,1,3,가족건강간호학,15,4
2019,1,3,가족건강간호학,16,4
2019,1,3,가족건강간호학,17,4
2019,1,3,가족건강간호학,18,2
2019,1,3,가족건강간호학,19,4
2019,1,3,가족건강간호학,20,4
2019,1,3,가족건강간호학,21,2
2019,1,3,가족건강간호학,22,2
2019,1,3,가족건강간호학,23,4
2019,1,3,가족건강간호학,24,3
2019,1,3,가족건강간호학,25,3
2019,1,3,가족건강간호학,26,4
2019,1,3,가족건강간호학,27,3
2019,1,3,가족건강간호학,28,4
2019,1,3,가족건강간호학,29,3
2019,1,3,가족건강간호학,30,2
2019,1,3,가족건강간호학,31,3
2019,1,3,가족건강간호학,32,4
2019,1,3,가족건강간호학,33,3
2019,1,3,가족건강간호학,34,3
2019,1,3,가족건강간호학,35,3
2019,1,3,노인교육론,1,1
2019,1,3,노인교육론,2,3
2019,1,3,노인교육론,3,2
2019,1,3,노인교육론,4,3
2019,1,3,노인교육론,5,4
2019,1,3,노인교육론,6,3
2019,1,3,노인교육론,7,4
2019,1,3,노인교육론,8,2
2019,1,3,노인교육론,9,3
2019,1,3,노인교육론,10,4
2019,1,3,노인교육론,11,3
2019,1,3,노인교육론,12,1
2019,1,3,노인교육론,13,3
2019,1,3,노인교육론,14,1
2019,1,3,노인교육론,15,2
2019,1,3,노인교육론,16,1
2019,1,3,노인교육론,17,2
2019,1,3,노인교육론,18,4
2019,1,3,노인교육론,19,4
2019,1,3,노인교육론,20,4
2019,1,3,노인교육론,21,4
2019,1,3,노인교육론,22,3
2019,1,3,노인교육론,23,4
2019,1,3,노인교육론,24,"1,2,3,4"
2019,1,3,노인교육론,25,4
2019,1,3,노인교육론,26,4
2019,1,3,노인교육론,27,2
2019,1,3,노인교육론,28,2
2019,1,3,노인교육론,29,3
2019,1,3,노인교육론,30,1
2019,1,3,노인교육론,31,4
2019,1,3,노인교육론,32,2
2019,1,3,노인교육론,33,3
2019,1,3,노인교육론,34,3
2019,1,3,노인교육론,35,4
2019,1,3,학교사회사업론,1,2
2019,1,3,학교사회사업론,2,4
2019,1,3,학교사회사업론,3,4
2019,1,3,학교사회사업론,4,3
2019,1,3,학교사회사업론,5,3
2019,1,3,학교사회사업론,6,2
2019,1,3,학교사회사업론,7,1
2019,1,3,학교사회사업론,8,3
2019,1,3,학교사회사업론,9,1
2019,1,3,학교사회사업론,10,1
2019,1,3,학교사회사업론,11,1
2019,1,3,학교사회사업론,12,2
2019,1,3,학교사회사업론,13,4
2019,1,3,학교사회사업론,14,1
2019,1,3,학교사회사업론,15,4
2019,1,3,학교사회사업론,16,3
2019,1,3,학교사회사업론,17,2
2019,1,3,학교사회사업론,18,2
2019,1,3,학교사회사업론,19,1
2019,1,3,학교사회사업론,20,3
2019,1,3,학교사회사업론,21,3
2019,1,3,학교사회사업론,22,1
2019,1,3,학교사회사업론,23,4
2019,1,3,학교사회사업론,24,3
2019,1,3,학교사회사업론,25,2
2019,1,3,학교사회사업론,26,3
2019,1,3,학교사회사업론,27,2
2019,1,3,학교사회사업론,28,3
2019,1,3,학교사회사업론,29,4
2019,1,3,학교사회사업론,30,1
2019,1,3,학교사회사업론,31,4
2019,1,3,학교사회사업론,32,2
2019,1,3,학교사회사업론,33,1
2019,1,3,학교사회사업론,34,4
2019,1,3,학교사회사업론,35,4
2019,1,3,평생교육방법론,1,2
2019,1,3,평생교육방법론,2,1
2019,1,3,평생교육방법론,3,3
2019,1,3,평생교육방법론,4,3
2019,1,3,평생교육방법론,5,1
2019,1,3,평생교육방법론,6,2
2019,1,3,평생교육방법론,7,2
2019,1,3,평생교육방법론,8,4
2019,1,3,평생교육방법론,9,2
2019,1,3,평생교육방법론,10,2
2019,1,3,평생교육방법론,11,3
2019,1,3,평생교육방법론,12,3
2019,1,3,평생교육방법론,13,1
2019,1,3,평생교육방법론,14,2
2019,1,3,평생교육방법론,15,4
2019,1,3,평생교육방법론,16,3
2019,1,3,평생교육방법론,17,2
2019,1,3,평생교육방법론,18,4
2019,1,3,평생교육방법론,19,3
2019,1,3,평생교육방법론,20,1
2019,1,3,평생교육방법론,21,1
2019,1,3,평생교육방법론,22,3
2019,1,3,평생교육방법론,23,3
2019,1,3,평생교육방법론,24,2
2019,1,3,평생교육방법론,25,1
2019,1,3,평생교육방법론,26,4
2019,1,3,평생교육방법론,27,4
2019,1,3,평생교육방법론,28,3
2019,1,3,평생교육방법론,29,2
2019,1,3,평생교육방법론,30,3
2019,1,3,평생교육방법론,31,2
2019,1,3,평생교육방법론,32,4
2019,1,3,평생교육방법론,33,1
2019,1,3,평생교육방법론,34,1
2019,1,3,평생교육방법론,35,4
2019,1,3,교육공학,1,3
2019,1,3,교육공학,2,4
2019,1,3,교육공학,3,2
2019,1,3,교육공학,4,4
2019,1,3,교육공학,5,1
2019,1,3,교육공학,6,3
2019,1,3,교육공학,7,4
2019,1,3,교육공학,8,1
2019,1,3,교육공학,9,2
2019,1,3,교육공학,10,1
2019,1,3,교육공학,11,3
2019,1,3,교육공학,12,4
2019,1,3,교육공학,13,2
2019,1,3,교육공학,14,4
2019,1,3,교육공학,15,1
2019,1,3,교육공학,16,3
2019,1,3,교육공학,17,3
2019,1,3,교육공학,18,3
2019,1,3,교육공학,19,2
2019,1,3,교육공학,20,4
2019,1,3,교육공학,21,4
2019,1,3,교육공학,22,1
2019,1,3,교육공학,23,1
2019,1,3,교육공학,24,3
2019,1,3,교육공학,25,2
2019,1,3,교육공학,26,4
2019,1,3,교육공학,27,3
2019,1,3,교육공학,28,1
2019,1,3,교육공학,29,2
2019,1,3,교육공학,30,4
2019,1,3,교육공학,31,1
2019,1,3,교육공학,32,3
2019,1,3,교육공학,33,2
2019,1,3,교육공학,34,4
2019,1,3,교육공학,35,1
2019,1,3,성인학습및상담론,1,3
2019,1,3,성인학습및상담론,2,3
2019,1,3,성인학습및상담론,3,4
2019,1,3,성인학습및상담론,4,4
2019,1,3,성인학습및상담론,5,1
2019,1,3,성인학습및상담론,6,4
2019,1,3,성인학습및상담론,7,2
2019,1,3,성인학습및상담론,8,2
2019,1,3,성인학습및상담론,9,2
2019,1,3,성인학습및상담론,10,4
2019,1,3,성인학습및상담론,11,3
2019,1,3,성인학습및상담론,12,1
2019,1,3,성인학습및상담론,13,1
2019,1,3,성인학습및상담론,14,4
2019,1,3,성인학습및상담론,15,1
2019,1,3,성인학습및상담론,16,1
2019,1,3,성인학습및상담론,17,1
2019,1,3,성인학습및상담론,18,4
2019,1,3,성인학습및상담론,19,3
2019,1,3,성인학습및상담론,20,2
2019,1,3,성인학습및상담론,21,3
2019,1,3,성인학습및상담론,22,4
2019,1,3,성인학습및상담론,23,2
2019,1,3,성인학습및상담론,24,1
2019,1,3,성인학습및상담론,25,2
2019,1,3,성인학습및상담론,26,1
2019,1,3,성인학습및상담론,27,4
2019,1,3,성인학습및상담론,28,3
2019,1,3,성인학습및상담론,29,2
2019,1,3,성인학습및상담론,30,3
2019,1,3,성인학습및상담론,31,2
2019,1,3,성인학습및상담론,32,1
2019,1,3,성인학습및상담론,33,4
2019,1,3,성인학습및상담론,34,3
2019,1,3,성인학습및상담론,35,3
2019,1,3,문화와교육,1,2
2019,1,3,문화와교육,2,1
2019,1,3,문화와교육,3,3
2019,1,3,문화와교육,4,4
2019,1,3,문화와교육,5,1
2019,1,3,문화와교육,6,1
2019,1,3,문화와교육,7,4
2019,1,3,문화와교육,8,3
2019,1,3,문화와교육,9,2
2019,1,3,문화와교육,10,4
2019,1,3,문화와교육,11,1
2019,1,3,문화와교육,12,2
2019,1,3,문화와교육,13,4
2019,1,3,문화와교육,14,2
2019,1,3,문화와교육,15,4
2019,1,3,문화와교육,16,2
2019,1,3,문화와교육,17,3
2019,1,3,문화와교육,18,2
2019,1,3,문화와교육,19,1
2019,1,3,문화와교육,20,3
2019,1,3,문화와교육,21,4
2019,1,3,문화와교육,22,2
2019,1,3,문화와교육,23,3
2019,1,3,문화와교육,24,4
2019,1,3,문화와교육,25,4
2019,1,3,문화와교육,26,1
2019,1,3,문화와교육,27,4
2019,1,3,문화와교육,28,1
2019,1,3,문화와교육,29,4
2019,1,3,문화와교육,30,2
2019,1,3,문화와교육,31,1
2019,1,3,문화와교육,32,4
2019,1,3,문화와교육,33,3
2019,1,3,문화와교육,34,1
2019,1,3,문화와교육,35,2
2019,1,3,청소년복지론,1,2
2019,1,3,청소년복지론,2,1
2019,1,3,청소년복지론,3,4
2019,1,3,청소년복지론,4,1
2019,1,3,청소년복지론,5,3
2019,1,3,청소년복지론,6,1
2019,1,3,청소년복지론,7,4
2019,1,3,청소년복지론,8,1
2019,1,3,청소년복지론,9,"2,3"
2019,1,3,청소년복지론,10,1
2019,1,3,청소년복지론,11,2
2019,1,3,청소년복지론,12,3
2019,1,3,청소년복지론,13,3
2019,1,3,청소년복지론,14,2
2019,1,3,청소년복지론,15,1
2019,1,3,청소년복지론,16,2
2019,1,3,청소년복지론,17,3
2019,1,3,청소년복지론,18,2
2019,1,3,청소년복지론,19,4
2019,1,3,청소년복지론,20,1
2019,1,3,청소년복지론,21,3
2019,1,3,청소년복지론,22,4
2019,1,3,청소년복지론,23,1
2019,1,3,청소년복지론,24,4
2019,1,3,청소년복지론,25,2
2019,1,3,청소년복지론,26,3
2019,1,3,청소년복지론,27,1
2019,1,3,청소년복지론,28,4
2019,1,3,청소년복지론,29,2
2019,1,3,청소년복지론,30,2
2019,1,3,청소년복지론,31,4
2019,1,3,청소년복지론,32,2
2019,1,3,청소년복지론,33,2
2019,1,3,청소년복지론,34,1
2019,1,3,청소년복지론,35,1
2019,1,3,청소년활동론,1,2
2019,1,3,청소년활동론,2,4
2019,1,3,청소년활동론,3,1
2019,1,3,청소년활동론,4,4
2019,1,3,청소년활동론,5,3
2019,1,3,청소년활동론,6,4
2019,1,3,청소년활동론,7,1
2019,1,3,청소년활동론,8,3
2019,1,3,청소년활동론,9,4
2019,1,3,청소년활동론,10,1
2019,1,3,청소년활동론,11,2
2019,1,3,청소년활동론,12,3
2019,1,3,청소년활동론,13,2
2019,1,3,청소년활동론,14,4
2019,1,3,청소년활동론,15,4
2019,1,3,청소년활동론,16,3
2019,1,3,청소년활동론,17,1
2019,1,3,청소년활동론,18,4
2019,1,3,청소년활동론,19,3
2019,1,3,청소년활동론,20,3
2019,1,3,청소년활동론,21,2
2019,1,3,청소년활동론,22,"1,2,3,4"
2019,1,3,청소년활동론,23,2
2019,1,3,청소년활동론,24,2
2019,1,3,청소년활동론,25,1
2019,1,3,청소년활동론,26,3
2019,1,3,청소년활동론,27,4
2019,1,3,청소년활동론,28,3
2019,1,3,청소년활동론,29,2
2019,1,3,청소년활동론,30,3
2019,1,3,청소년활동론,31,3
2019,1,3,청소년활동론,32,3
2019,1,3,청소년활동론,33,1
2019,1,3,청소년활동론,34,2
2019,1,3,청소년활동론,35,3
2019,1,3,인터넷생활윤리,1,4
2019,1,3,인터넷생활윤리,2,2
2019,1,3,인터넷생활윤리,3,2
2019,1,3,인터넷생활윤리,4,3
2019,1,3,인터넷생활윤리,5,4
2019,1,3,인터넷생활윤리,6,2
2019,1,3,인터넷생활윤리,7,1
2019,1,3,인터넷생활윤리,8,2
2019,1,3,인터넷생활윤리,9,2
2019,1,3,인터넷생활윤리,10,2
2019,1,3,인터넷생활윤리,11,3
2019,1,3,인터넷생활윤리,12,4
2019,1,3,인터넷생활윤리,13,2
2019,1,3,인터넷생활윤리,14,4
2019,1,3,인터넷생활윤리,15,3
2019,1,3,인터넷생활윤리,16,2
2019,1,3,인터넷생활윤리,17,1
2019,1,3,인터넷생활윤리,18,2
2019,1,3,인터넷생활윤리,19,4
2019,1,3,인터넷생활윤리,20,3
2019,1,3,인터넷생활윤리,21,2
2019,1,3,인터넷생활윤리,22,2
2019,1,3,인터넷생활윤리,23,3
2019,1,3,인터넷생활윤리,24,1
2019,1,3,인터넷생활윤리,25,2
2019,1,3,직업과윤리,1,2
2019,1,3,직업과윤리,2,3
2019,1,3,직업과윤리,3,1
2019,1,3,직업과윤리,4,4
2019,1,3,직업과윤리,5,4
2019,1,3,직업과윤리,6,2
2019,1,3,직업과윤리,7,1
2019,1,3,직업과윤리,8,3
2019,1,3,직업과윤리,9,3
2019,1,3,직업과윤리,10,1
2019,1,3,직업과윤리,11,2
2019,1,3,직업과윤리,12,4
2019,1,3,직업과윤리,13,3
2019,1,3,직업과윤리,14,1
2019,1,3,직업과윤리,15,4
2019,1,3,직업과윤리,16,4
2019,1,3,직업과윤리,17,2
2019,1,3,직업과윤리,18,1
2019,1,3,직업과윤리,19,4
2019,1,3,직업과윤리,20,2
2019,1,3,직업과윤리,21,1
2019,1,3,직업과윤리,22,4
2019,1,3,직업과윤리,23,2
2019,1,3,직업과윤리,24,3
2019,1,3,직업과윤리,25,3
2019,1,3,직업과윤리,26,4
2019,1,3,직업과윤리,27,4
2019,1,3,직업과윤리,28,3
2019,1,3,직업과윤리,29,2
2019,1,3,직업과윤리,30,3
2019,1,3,직업과윤리,31,2
2019,1,3,직업과윤리,32,4
2019,1,3,직업과윤리,33,3
2019,1,3,직업과윤리,34,1
2019,1,3,직업과윤리,35,1
2019,1,3,청소년인성교육,1,4
2019,1,3,청소년인성교육,2,2
2019,1,3,청소년인성교육,3,3
2019,1,3,청소년인성교육,4,3
2019,1,3,청소년인성교육,5,4
2019,1,3,청소년인성교육,6,4
2019,1,3,청소년인성교육,7,3
2019,1,3,청소년인성교육,8,4
2019,1,3,청소년인성교육,9,1
2019,1,3,청소년인성교육,10,2
2019,1,3,청소년인성교육,11,1
2019,1,3,청소년인성교육,12,2
2019,1,3,청소년인성교육,13,2
2019,1,3,청소년인성교육,14,3
2019,1,3,청소년인성교육,15,4
2019,1,3,청소년인성교육,16,4
2019,1,3,청소년인성교육,17,3
2019,1,3,청소년인성교육,18,1
2019,1,3,청소년인성교육,19,3
2019,1,3,청소년인성교육,20,4
2019,1,3,청소년인성교육,21,1
2019,1,3,청소년인성교육,22,3
2019,1,3,청소년인성교육,23,2
2019,1,3,청소년인성교육,24,3
2019,1,3,청소년인성교육,25,4
2019,1,3,청소년육성제도론,1,3
2019,1,3,청소년육성제도론,2,2
2019,1,3,청소년육성제도론,3,2
2019,1,3,청소년육성제도론,4,1
2019,1,3,청소년육성제도론,5,1
2019,1,3,청소년육성제도론,6,2
2019,1,3,청소년육성제도론,7,4
2019,1,3,청소년육성제도론,8,4
2019,1,3,청소년육성제도론,9,3
2019,1,3,청소년육성제도론,10,3
2019,1,3,청소년육성제도론,11,4
2019,1,3,청소년육성제도론,12,1
2019,1,3,청소년육성제도론,13,2
2019,1,3,청소년육성제도론,14,3
2019,1,3,청소년육성제도론,15,4
2019,1,3,청소년육성제도론,16,4
2019,1,3,청소년육성제도론,17,1
2019,1,3,청소년육성제도론,18,3
2019,1,3,청소년육성제도론,19,2
2019,1,3,청소년육성제도론,20,1
2019,1,3,청소년육성제도론,21,4
2019,1,3,청소년육성제도론,22,4
2019,1,3,청소년육성제도론,23,3
2019,1,3,청소년육성제도론,24,1
2019,1,3,청소년육성제도론,25,3
2019,1,3,청소년육성제도론,26,1
2019,1,3,청소년육성제도론,27,"1,3"
2019,1,3,청소년육성제도론,28,2
2019,1,3,청소년육성제도론,29,3
2019,1,3,청소년육성제도론,30,2
2019,1,3,청소년육성제도론,31,1
2019,1,3,청소년육성제도론,32,2
2019,1,3,청소년육성제도론,33,3
2019,1,3,청소년육성제도론,34,2
2019,1,3,청소년육성제도론,35,4
2019,1,3,청소년지도방법론,1,3
2019,1,3,청소년지도방법론,2,2
2019,1,3,청소년지도방법론,3,4
2019,1,3,청소년지도방법론,4,1
2019,1,3,청소년지도방법론,5,2
2019,1,3,청소년지도방법론,6,4
2019,1,3,청소년지도방법론,7,1
2019,1,3,청소년지도방법론,8,1
2019,1,3,청소년지도방법론,9,3
2019,1,3,청소년지도방법론,10,4
2019,1,3,청소년지도방법론,11,3
2019,1,3,청소년지도방법론,12,1
2019,1,3,청소년지도방법론,13,3
2019,1,3,청소년지도방법론,14,3
2019,1,3,청소년지도방법론,15,1
2019,1,3,청소년지도방법론,16,3
2019,1,3,청소년지도방법론,17,4
2019,1,3,청소년지도방법론,18,1
2019,1,3,청소년지도방법론,19,1
2019,1,3,청소년지도방법론,20,4
2019,1,3,청소년지도방법론,21,4
2019,1,3,청소년지도방법론,22,1
2019,1,3,청소년지도방법론,23,3
2019,1,3,청소년지도방법론,24,2
2019,1,3,청소년지도방법론,25,2
2019,1,3,청소년지도방법론,26,4
2019,1,3,청소년지도방법론,27,2
2019,1,3,청소년지도방법론,28,2
2019,1,3,청소년지도방법론,29,1
2019,1,3,청소년지도방법론,30,3
2019,1,3,청소년지도방법론,31,4
2019,1,3,청소년지도방법론,32,1
2019,1,3,청소년지도방법론,33,2
2019,1,3,청소년지도방법론,34,3
2019,1,3,청소년지도방법론,35,3
2019,1,3,유아과학교육,1,1
2019,1,3,유아과학교육,2,4
2019,1,3,유아과학교육,3,2
2019,1,3,유아과학교육,4,2
2019,1,3,유아과학교육,5,1
2019,1,3,유아과학교육,6,3
2019,1,3,유아과학교육,7,4
2019,1,3,유아과학교육,8,1
2019,1,3,유아과학교육,9,3
2019,1,3,유아과학교육,10,3
2019,1,3,유아과학교육,11,2
2019,1,3,유아과학교육,12,3
2019,1,3,유아과학교육,13,4
2019,1,3,유아과학교육,14,3
2019,1,3,유아과학교육,15,3
2019,1,3,유아과학교육,16,4
2019,1,3,유아과학교육,17,2
2019,1,3,유아과학교육,18,4
2019,1,3,유아과학교육,19,3
2019,1,3,유아과학교육,20,1
2019,1,3,유아과학교육,21,2
2019,1,3,유아과학교육,22,2
2019,1,3,유아과학교육,23,1
2019,1,3,유아과학교육,24,4
2019,1,3,유아과학교육,25,1
2019,1,3,유아과학교육,26,4
2019,1,3,유아과학교육,27,4
2019,1,3,유아과학교육,28,2
2019,1,3,유아과학교육,29,1
2019,1,3,유아과학교육,30,3
2019,1,3,유아과학교육,31,2
2019,1,3,유아과학교육,32,1
2019,1,3,유아과학교육,33,2
2019,1,3,유아과학교육,34,4
2019,1,3,유아과학교육,35,2
2019,1,3,유아음악교육,1,"2,4"
2019,1,3,유아음악교육,2,2
2019,1,3,유아음악교육,3,4
2019,1,3,유아음악교육,4,4
2019,1,3,유아음악교육,5,2
2019,1,3,유아음악교육,6,4
2019,1,3,유아음악교육,7,3
2019,1,3,유아음악교육,8,3
2019,1,3,유아음악교육,9,2
2019,1,3,유아음악교육,10,3
2019,1,3,유아음악교육,11,"1,2"
2019,1,3,유아음악교육,12,1
2019,1,3,유아음악교육,13,2
2019,1,3,유아음악교육,14,1
2019,1,3,유아음악교육,15,4
2019,1,3,유아음악교육,16,3
2019,1,3,유아음악교육,17,1
2019,1,3,유아음악교육,18,4
2019,1,3,유아음악교육,19,4
2019,1,3,유아음악교육,20,3
2019,1,3,유아음악교육,21,2
2019,1,3,유아음악교육,22,3
2019,1,3,유아음악교육,23,4
2019,1,3,유아음악교육,24,3
2019,1,3,유아음악교육,25,3
2019,1,3,유아음악교육,26,2
2019,1,3,유아음악교육,27,1
2019,1,3,유아음악교육,28,1
2019,1,3,유아음악교육,29,4
2019,1,3,유아음악교육,30,1
2019,1,3,유아음악교육,31,3
2019,1,3,유아음악교육,32,3
2019,1,3,유아음악교육,33,4
2019,1,3,유아음악교육,34,1
2019,1,3,유아음악교육,35,2
2019,1,3,교과논리및논술,1,3
2019,1,3,교과논리및논술,2,2
2019,1,3,교과논리및논술,3,1
2019,1,3,교과논리및논술,4,4
2019,1,3,교과논리및논술,5,3
2019,1,3,교과논리및논술,6,3
2019,1,3,교과논리및논술,7,4
2019,1,3,교과논리및논술,8,2
2019,1,3,교과논리및논술,9,3
2019,1,3,교과논리및논술,10,1
2019,1,3,교과논리및논술,11,4
2019,1,3,교과논리및논술,12,2
2019,1,3,교과논리및논술,13,1
2019,1,3,교과논리및논술,14,4
2019,1,3,교과논리및논술,15,4
2019,1,3,교과논리및논술,16,1
2019,1,3,교과논리및논술,17,3
2019,1,3,교과논리및논술,18,"1,2,3,4"
2019,1,3,교과논리및논술,19,2
2019,1,3,교과논리및논술,20,1
2019,1,3,교과논리및논술,21,4
2019,1,3,교과논리및논술,22,1
2019,1,3,교과논리및논술,23,1
2019,1,3,교과논리및논술,24,4
2019,1,3,교과논리및논술,25,2
2019,1,3,교과논리및논술,26,4
2019,1,3,교과논리및논술,27,4
2019,1,3,교과논리및논술,28,1
2019,1,3,교과논리및논술,29,2
2019,1,3,교과논리및논술,30,2
2019,1,3,교과논리및논술,31,1
2019,1,3,교과논리및논술,32,3
2019,1,3,교과논리및논술,33,2
2019,1,3,교과논리및논술,34,3
2019,1,3,교과논리및논술,35,3
2019,1,3,유아언어교육,1,2
2019,1,3,유아언어교육,2,3
2019,1,3,유아언어교육,3,4
2019,1,3,유아언어교육,4,2
2019,1,3,유아언어교육,5,3
2019,1,3,유아언어교육,6,1
2019,1,3,유아언어교육,7,1
2019,1,3,유아언어교육,8,3
2019,1,3,유아언어교육,9,4
2019,1,3,유아언어교육,10,3
2019,1,3,유아언어교육,11,4
2019,1,3,유아언어교육,12,1
2019,1,3,유아언어교육,13,4
2019,1,3,유아언어교육,14,4
2019,1,3,유아언어교육,15,2
2019,1,3,유아언어교육,16,3
2019,1,3,유아언어교육,17,1
2019,1,3,유아언어교육,18,2
2019,1,3,유아언어교육,19,2
2019,1,3,유아언어교육,20,3
2019,1,3,유아언어교육,21,2
2019,1,3,유아언어교육,22,3
2019,1,3,유아언어교육,23,3
2019,1,3,유아언어교육,24,4
2019,1,3,유아언어교육,25,3
2019,1,3,유아언어교육,26,2
2019,1,3,유아언어교육,27,4
2019,1,3,유아언어교육,28,4
2019,1,3,유아언어교육,29,4
2019,1,3,유아언어교육,30,2
2019,1,3,유아언어교육,31,3
2019,1,3,유아언어교육,32,4
2019,1,3,유아언어교육,33,1
2019,1,3,유아언어교육,34,2
2019,1,3,유아언어교육,35,2
2019,1,3,신화의세계,1,3
2019,1,3,신화의세계,2,3
2019,1,3,신화의세계,3,1
2019,1,3,신화의세계,4,3
2019,1,3,신화의세계,5,3
2019,1,3,신화의세계,6,4
2019,1,3,신화의세계,7,1
2019,1,3,신화의세계,8,4
2019,1,3,신화의세계,9,2
2019,1,3,신화의세계,10,3
2019,1,3,신화의세계,11,1
2019,1,3,신화의세계,12,3
2019,1,3,신화의세계,13,4
2019,1,3,신화의세계,14,4
2019,1,3,신화의세계,15,2
2019,1,3,신화의세계,16,3
2019,1,3,신화의세계,17,3
2019,1,3,신화의세계,18,2
2019,1,3,신화의세계,19,4
2019,1,3,신화의세계,20,1
2019,1,3,신화의세계,21,3
2019,1,3,신화의세계,22,2
2019,1,3,신화의세계,23,1
2019,1,3,신화의세계,24,3
2019,1,3,신화의세계,25,1
2019,1,3,여성의삶과문화,1,1
2019,1,3,여성의삶과문화,2,4
2019,1,3,여성의삶과문화,3,3
2019,1,3,여성의삶과문화,4,2
2019,1,3,여성의삶과문화,5,4
2019,1,3,여성의삶과문화,6,1
2019,1,3,여성의삶과문화,7,3
2019,1,3,여성의삶과문화,8,2
2019,1,3,여성의삶과문화,9,4
2019,1,3,여성의삶과문화,10,2
2019,1,3,여성의삶과문화,11,1
2019,1,3,여성의삶과문화,12,1
2019,1,3,여성의삶과문화,13,4
2019,1,3,여성의삶과문화,14,3
2019,1,3,여성의삶과문화,15,3
2019,1,3,여성의삶과문화,16,1
2019,1,3,여성의삶과문화,17,3
2019,1,3,여성의삶과문화,18,1
2019,1,3,여성의삶과문화,19,3
2019,1,3,여성의삶과문화,20,3
2019,1,3,여성의삶과문화,21,1
2019,1,3,여성의삶과문화,22,4
2019,1,3,여성의삶과문화,23,3
2019,1,3,여성의삶과문화,24,2
2019,1,3,여성의삶과문화,25,1
2019,1,3,문화산업과문화기획,1,2
2019,1,3,문화산업과문화기획,2,3
2019,1,3,문화산업과문화기획,3,3
2019,1,3,문화산업과문화기획,4,4
2019,1,3,문화산업과문화기획,5,3
2019,1,3,문화산업과문화기획,6,2
2019,1,3,문화산업과문화기획,7,3
2019,1,3,문화산업과문화기획,8,3
2019,1,3,문화산업과문화기획,9,1
2019,1,3,문화산업과문화기획,10,2
2019,1,3,문화산업과문화기획,11,4
2019,1,3,문화산업과문화기획,12,1
2019,1,3,문화산업과문화기획,13,4
2019,1,3,문화산업과문화기획,14,4
2019,1,3,문화산업과문화기획,15,3
2019,1,3,문화산업과문화기획,16,4
2019,1,3,문화산업과문화기획,17,3
2019,1,3,문화산업과문화기획,18,3
2019,1,3,문화산업과문화기획,19,2
2019,1,3,문화산업과문화기획,20,1
2019,1,3,문화산업과문화기획,21,2
2019,1,3,문화산업과문화기획,22,4
2019,1,3,문화산업과문화기획,23,1
2019,1,3,문화산업과문화기획,24,3
2019,1,3,문화산업과문화기획,25,3
2019,1,3,문화산업과문화기획,26,1
2019,1,3,문화산업과문화기획,27,1
2019,1,3,문화산업과문화기획,28,4
2019,1,3,문화산업과문화기획,29,2
2019,1,3,문화산업과문화기획,30,4
2019,1,3,문화산업과문화기획,31,2
2019,1,3,문화산업과문화기획,32,2
2019,1,3,문화산업과문화기획,33,1
2019,1,3,문화산업과문화기획,34,1
2019,1,3,문화산업과문화기획,35,1
2019,1,3,동서양문학고전산책,1,3
2019,1,3,동서양문학고전산책,2,1
2019,1,3,동서양문학고전산책,3,3
2019,1,3,동서양문학고전산책,4,2
2019,1,3,동서양문학고전산책,5,4
2019,1,3,동서양문학고전산책,6,4
2019,1,3,동서양문학고전산책,7,3
2019,1,3,동서양문학고전산책,8,1
2019,1,3,동서양문학고전산책,9,3
2019,1,3,동서양문학고전산책,10,3
2019,1,3,동서양문학고전산책,11,4
2019,1,3,동서양문학고전산책,12,2
2019,1,3,동서양문학고전산책,13,3
2019,1,3,동서양문학고전산책,14,1
2019,1,3,동서양문학고전산책,15,2
2019,1,3,동서양문학고전산책,16,4
2019,1,3,동서양문학고전산책,17,1
2019,1,3,동서양문학고전산책,18,4
2019,1,3,동서양문학고전산책,19,2
2019,1,3,동서양문학고전산책,20,4
2019,1,3,동서양문학고전산책,21,3
2019,1,3,동서양문학고전산책,22,2
2019,1,3,동서양문학고전산책,23,1
2019,1,3,동서양문학고전산책,24,2
2019,1,3,동서양문학고전산책,25,1
2019,1,3,동서양문학고전산책,26,3
2019,1,3,동서양문학고전산책,27,1
2019,1,3,동서양문학고전산책,28,2
2019,1,3,동서양문학고전산책,29,1
2019,1,3,동서양문학고전산책,30,2
2019,1,3,동서양문학고전산책,31,3
2019,1,3,동서양문학고전산책,32,3
2019,1,3,동서양문학고전산책,33,2
2019,1,3,동서양문학고전산책,34,4
2019,1,3,동서양문학고전산책,35,2
2019,1,3,예술경영과예술행정,1,3
2019,1,3,예술경영과예술행정,2,1
2019,1,3,예술경영과예술행정,3,2
2019,1,3,예술경영과예술행정,4,4
2019,1,3,예술경영과예술행정,5,4
2019,1,3,예술경영과예술행정,6,1
2019,1,3,예술경영과예술행정,7,1
2019,1,3,예술경영과예술행정,8,2
2019,1,3,예술경영과예술행정,9,3
2019,1,3,예술경영과예술행정,10,1
2019,1,3,예술경영과예술행정,11,4
2019,1,3,예술경영과예술행정,12,1
2019,1,3,예술경영과예술행정,13,3
2019,1,3,예술경영과예술행정,14,2
2019,1,3,예술경영과예술행정,15,4
2019,1,3,예술경영과예술행정,16,1
2019,1,3,예술경영과예술행정,17,2
2019,1,3,예술경영과예술행정,18,4
2019,1,3,예술경영과예술행정,19,2
2019,1,3,예술경영과예술행정,20,4
2019,1,3,예술경영과예술행정,21,3
2019,1,3,예술경영과예술행정,22,4
2019,1,3,예술경영과예술행정,23,3
2019,1,3,예술경영과예술행정,24,2
2019,1,3,예술경영과예술행정,25,2
2019,1,3,예술경영과예술행정,26,1
2019,1,3,예술경영과예술행정,27,3
2019,1,3,예술경영과예술행정,28,2
2019,1,3,예술경영과예술행정,29,4
2019,1,3,예술경영과예술행정,30,2
2019,1,3,예술경영과예술행정,31,1
2019,1,3,예술경영과예술행정,32,4
2019,1,3,예술경영과예술행정,33,1
2019,1,3,예술경영과예술행정,34,4
2019,1,3,예술경영과예술행정,35,3
2019,1,3,생태적삶을찾아서,1,3
2019,1,3,생태적삶을찾아서,2,2
2019,1,3,생태적삶을찾아서,3,4
2019,1,3,생태적삶을찾아서,4,3
2019,1,3,생태적삶을찾아서,5,2
2019,1,3,생태적삶을찾아서,6,3
2019,1,3,생태적삶을찾아서,7,2
2019,1,3,생태적삶을찾아서,8,4
2019,1,3,생태적삶을찾아서,9,3
2019,1,3,생태적삶을찾아서,10,1
2019,1,3,생태적삶을찾아서,11,4
2019,1,3,생태적삶을찾아서,12,1
2019,1,3,생태적삶을찾아서,13,1
2019,1,3,생태적삶을찾아서,14,3
2019,1,3,생태적삶을찾아서,15,4
2019,1,3,생태적삶을찾아서,16,2
2019,1,3,생태적삶을찾아서,17,1
2019,1,3,생태적삶을찾아서,18,1
2019,1,3,생태적삶을찾아서,19,2
2019,1,3,생태적삶을찾아서,20,1
2019,1,3,생태적삶을찾아서,21,2
2019,1,3,생태적삶을찾아서,22,4
2019,1,3,생태적삶을찾아서,23,2
2019,1,3,생태적삶을찾아서,24,3
2019,1,3,생태적삶을찾아서,25,4
2019,1,4,우리말의역사,1,3
2019,1,4,우리말의역사,2,2
2019,1,4,우리말의역사,3,4
2019,1,4,우리말의역사,4,1
2019,1,4,우리말의역사,5,3
2019,1,4,우리말의역사,6,2
2019,1,4,우리말의역사,7,4
2019,1,4,우리말의역사,8,2
2019,1,4,우리말의역사,9,1
2019,1,4,우리말의역사,10,3
2019,1,4,우리말의역사,11,2
2019,1,4,우리말의역사,12,1
2019,1,4,우리말의역사,13,4
2019,1,4,우리말의역사,14,1
2019,1,4,우리말의역사,15,3
2019,1,4,우리말의역사,16,4
2019,1,4,우리말의역사,17,1
2019,1,4,우리말의역사,18,4
2019,1,4,우리말의역사,19,2
2019,1,4,우리말의역사,20,4
2019,1,4,우리말의역사,21,2
2019,1,4,우리말의역사,22,3
2019,1,4,우리말의역사,23,4
2019,1,4,우리말의역사,24,2
2019,1,4,우리말의역사,25,1
2019,1,4,우리말의역사,26,1
2019,1,4,우리말의역사,27,4
2019,1,4,우리말의역사,28,3
2019,1,4,우리말의역사,29,2
2019,1,4,우리말의역사,30,4
2019,1,4,우리말의역사,31,4
2019,1,4,우리말의역사,32,2
2019,1,4,우리말의역사,33,1
2019,1,4,우리말의역사,34,4
2019,1,4,우리말의역사,35,1
2019,1,4,문화통합론과북한문학,1,2
2019,1,4,문화통합론과북한문학,2,4
2019,1,4,문화통합론과북한문학,3,2
2019,1,4,문화통합론과북한문학,4,2
2019,1,4,문화통합론과북한문학,5,4
2019,1,4,문화통합론과북한문학,6,2
2019,1,4,문화통합론과북한문학,7,1
2019,1,4,문화통합론과북한문학,8,4
2019,1,4,문화통합론과북한문학,9,3
2019,1,4,문화통합론과북한문학,10,1
2019,1,4,문화통합론과북한문학,11,3
2019,1,4,문화통합론과북한문학,12,4
2019,1,4,문화통합론과북한문학,13,4
2019,1,4,문화통합론과북한문학,14,2
2019,1,4,문화통합론과북한문학,15,1
2019,1,4,문화통합론과북한문학,16,4
2019,1,4,문화통합론과북한문학,17,1
2019,1,4,문화통합론과북한문학,18,2
2019,1,4,문화통합론과북한문학,19,3
2019,1,4,문화통합론과북한문학,20,4
2019,1,4,문화통합론과북한문학,21,3
2019,1,4,문화통합론과북한문학,22,2
2019,1,4,문화통합론과북한문학,23,4
2019,1,4,문화통합론과북한문학,24,3
2019,1,4,문화통합론과북한문학,25,4
2019,1,4,문화통합론과북한문학,26,2
2019,1,4,문화통합론과북한문학,27,2
2019,1,4,문화통합론과북한문학,28,1
2019,1,4,문화통합론과북한문학,29,4
2019,1,4,문화통합론과북한문학,30,1
2019,1,4,문화통합론과북한문학,31,2
2019,1,4,문화통합론과북한문학,32,3
2019,1,4,문화통합론과북한문학,33,1
2019,1,4,문화통합론과북한문학,34,4
2019,1,4,문화통합론과북한문학,35,2
2019,1,4,시창작론,1,2
2019,1,4,시창작론,2,3
2019,1,4,시창작론,3,1
2019,1,4,시창작론,4,3
2019,1,4,시창작론,5,4
2019,1,4,시창작론,6,2
2019,1,4,시창작론,7,1
2019,1,4,시창작론,8,3
2019,1,4,시창작론,9,2
2019,1,4,시창작론,10,1
2019,1,4,시창작론,11,4
2019,1,4,시창작론,12,3
2019,1,4,시창작론,13,4
2019,1,4,시창작론,14,"1,2"
2019,1,4,시창작론,15,3
2019,1,4,시창작론,16,4
2019,1,4,시창작론,17,2
2019,1,4,시창작론,18,3
2019,1,4,시창작론,19,4
2019,1,4,시창작론,20,2
2019,1,4,시창작론,21,4
2019,1,4,시창작론,22,1
2019,1,4,시창작론,23,3
2019,1,4,시창작론,24,2
2019,1,4,시창작론,25,"1,2,3,4"
2019,1,4,시창작론,26,1
2019,1,4,시창작론,27,"3,4"
2019,1,4,시창작론,28,3
2019,1,4,시창작론,29,4
2019,1,4,시창작론,30,4
2019,1,4,시창작론,31,3
2019,1,4,시창작론,32,2
2019,1,4,시창작론,33,1
2019,1,4,시창작론,34,4
2019,1,4,시창작론,35,4
2019,1,4,언어와생활,1,3
2019,1,4,언어와생활,2,2
2019,1,4,언어와생활,3,1
2019,1,4,언어와생활,4,4
2019,1,4,언어와생활,5,2
2019,1,4,언어와생활,6,4
2019,1,4,언어와생활,7,1
2019,1,4,언어와생활,8,3
2019,1,4,언어와생활,9,1
2019,1,4,언어와생활,10,2
2019,1,4,언어와생활,11,4
2019,1,4,언어와생활,12,3
2019,1,4,언어와생활,13,4
2019,1,4,언어와생활,14,1
2019,1,4,언어와생활,15,3
2019,1,4,언어와생활,16,2
2019,1,4,언어와생활,17,3
2019,1,4,언어와생활,18,4
2019,1,4,언어와생활,19,4
2019,1,4,언어와생활,20,1
2019,1,4,언어와생활,21,2
2019,1,4,언어와생활,22,1
2019,1,4,언어와생활,23,2
2019,1,4,언어와생활,24,3
2019,1,4,언어와생활,25,4
2019,1,4,언어와생활,26,1
2019,1,4,언어와생활,27,3
2019,1,4,언어와생활,28,2
2019,1,4,언어와생활,29,3
2019,1,4,언어와생활,30,3
2019,1,4,언어와생활,31,1
2019,1,4,언어와생활,32,4
2019,1,4,언어와생활,33,2
2019,1,4,언어와생활,34,4
2019,1,4,언어와생활,35,1
2019,1,4,소리와발음,1,4
2019,1,4,소리와발음,2,3
2019,1,4,소리와발음,3,1
2019,1,4,소리와발음,4,3
2019,1,4,소리와발음,5,2
2019,1,4,소리와발음,6,4
2019,1,4,소리와발음,7,2
2019,1,4,소리와발음,8,1
2019,1,4,소리와발음,9,1
2019,1,4,소리와발음,10,3
2019,1,4,소리와발음,11,3
2019,1,4,소리와발음,12,4
2019,1,4,소리와발음,13,4
2019,1,4,소리와발음,14,3
2019,1,4,소리와발음,15,1
2019,1,4,소리와발음,16,4
2019,1,4,소리와발음,17,2
2019,1,4,소리와발음,18,1
2019,1,4,소리와발음,19,2
2019,1,4,소리와발음,20,4
2019,1,4,소리와발음,21,3
2019,1,4,소리와발음,22,2
2019,1,4,소리와발음,23,1
2019,1,4,소리와발음,24,4
2019,1,4,소리와발음,25,1
2019,1,4,소리와발음,26,1
2019,1,4,소리와발음,27,3
2019,1,4,소리와발음,28,2
2019,1,4,소리와발음,29,2
2019,1,4,소리와발음,30,2
2019,1,4,소리와발음,31,1
2019,1,4,소리와발음,32,3
2019,1,4,소리와발음,33,3
2019,1,4,소리와발음,34,2
2019,1,4,소리와발음,35,4
2019,1,4,구비문학의세계,1,4
2019,1,4,구비문학의세계,2,4
2019,1,4,구비문학의세계,3,1
2019,1,4,구비문학의세계,4,4
2019,1,4,구비문학의세계,5,1
2019,1,4,구비문학의세계,6,4
2019,1,4,구비문학의세계,7,2
2019,1,4,구비문학의세계,8,3
2019,1,4,구비문학의세계,9,4
2019,1,4,구비문학의세계,10,2
2019,1,4,구비문학의세계,11,1
2019,1,4,구비문학의세계,12,4
2019,1,4,구비문학의세계,13,4
2019,1,4,구비문학의세계,14,3
2019,1,4,구비문학의세계,15,2
2019,1,4,구비문학의세계,16,1
2019,1,4,구비문학의세계,17,1
2019,1,4,구비문학의세계,18,4
2019,1,4,구비문학의세계,19,4
2019,1,4,구비문학의세계,20,2
2019,1,4,구비문학의세계,21,3
2019,1,4,구비문학의세계,22,2
2019,1,4,구비문학의세계,23,1
2019,1,4,구비문학의세계,24,1
2019,1,4,구비문학의세계,25,2
2019,1,4,구비문학의세계,26,3
2019,1,4,구비문학의세계,27,4
2019,1,4,구비문학의세계,28,1
2019,1,4,구비문학의세계,29,3
2019,1,4,구비문학의세계,30,2
2019,1,4,구비문학의세계,31,2
2019,1,4,구비문학의세계,32,3
2019,1,4,구비문학의세계,33,4
2019,1,4,구비문학의세계,34,4
2019,1,4,구비문학의세계,35,2
2019,1,4,미국문학의이해,1,1
2019,1,4,미국문학의이해,2,4
2019,1,4,미국문학의이해,3,2
2019,1,4,미국문학의이해,4,2
2019,1,4,미국문학의이해,5,3
2019,1,4,미국문학의이해,6,3
2019,1,4,미국문학의이해,7,3
2019,1,4,미국문학의이해,8,1
2019,1,4,미국문학의이해,9,1
2019,1,4,미국문학의이해,10,3
2019,1,4,미국문학의이해,11,4
2019,1,4,미국문학의이해,12,3
2019,1,4,미국문학의이해,13,1
2019,1,4,미국문학의이해,14,3
2019,1,4,미국문학의이해,15,3
2019,1,4,미국문학의이해,16,2
2019,1,4,미국문학의이해,17,3
2019,1,4,미국문학의이해,18,2
2019,1,4,미국문학의이해,19,3
2019,1,4,미국문학의이해,20,4
2019,1,4,미국문학의이해,21,4
2019,1,4,미국문학의이해,22,4
2019,1,4,미국문학의이해,23,3
2019,1,4,미국문학의이해,24,2
2019,1,4,미국문학의이해,25,2
2019,1,4,미국문학의이해,26,4
2019,1,4,미국문학의이해,27,2
2019,1,4,미국문학의이해,28,3
2019,1,4,미국문학의이해,29,3
2019,1,4,미국문학의이해,30,4
2019,1,4,미국문학의이해,31,1
2019,1,4,미국문학의이해,32,4
2019,1,4,미국문학의이해,33,2
2019,1,4,미국문학의이해,34,4
2019,1,4,미국문학의이해,35,1
2019,1,4,영미희곡,1,3
2019,1,4,영미희곡,2,4
2019,1,4,영미희곡,3,4
2019,1,4,영미희곡,4,2
2019,1,4,영미희곡,5,2
2019,1,4,영미희곡,6,2
2019,1,4,영미희곡,7,4
2019,1,4,영미희곡,8,2
2019,1,4,영미희곡,9,3
2019,1,4,영미희곡,10,4
2019,1,4,영미희곡,11,1
2019,1,4,영미희곡,12,3
2019,1,4,영미희곡,13,4
2019,1,4,영미희곡,14,1
2019,1,4,영미희곡,15,2
2019,1,4,영미희곡,16,1
2019,1,4,영미희곡,17,3
2019,1,4,영미희곡,18,2
2019,1,4,영미희곡,19,1
2019,1,4,영미희곡,20,4
2019,1,4,영미희곡,21,1
2019,1,4,영미희곡,22,1
2019,1,4,영미희곡,23,3
2019,1,4,영미희곡,24,4
2019,1,4,영미희곡,25,1
2019,1,4,영미희곡,26,1
2019,1,4,영미희곡,27,4
2019,1,4,영미희곡,28,2
2019,1,4,영미희곡,29,3
2019,1,4,영미희곡,30,2
2019,1,4,영미희곡,31,4
2019,1,4,영미희곡,32,2
2019,1,4,영미희곡,33,1
2019,1,4,영미희곡,34,3
2019,1,4,영미희곡,35,4
2019,1,4,영국소설,1,3
2019,1,4,영국소설,2,1
2019,1,4,영국소설,3,4
2019,1,4,영국소설,4,2
2019,1,4,영국소설,5,4
2019,1,4,영국소설,6,2
2019,1,4,영국소설,7,1
2019,1,4,영국소설,8,3
2019,1,4,영국소설,9,2
2019,1,4,영국소설,10,3
2019,1,4,영국소설,11,4
2019,1,4,영국소설,12,2
2019,1,4,영국소설,13,2
2019,1,4,영국소설,14,3
2019,1,4,영국소설,15,3
2019,1,4,영국소설,16,"1,2,3,4"
2019,1,4,영국소설,17,1
2019,1,4,영국소설,18,4
2019,1,4,영국소설,19,4
2019,1,4,영국소설,20,3
2019,1,4,영국소설,21,2
2019,1,4,영국소설,22,3
2019,1,4,영국소설,23,1
2019,1,4,영국소설,24,1
2019,1,4,영국소설,25,2
2019,1,4,영국소설,26,1
2019,1,4,영국소설,27,3
2019,1,4,영국소설,28,2
2019,1,4,영국소설,29,2
2019,1,4,영국소설,30,1
2019,1,4,영국소설,31,4
2019,1,4,영국소설,32,4
2019,1,4,영국소설,33,4
2019,1,4,영국소설,34,3
2019,1,4,영국소설,35,2
2019,1,4,영어문장구조의이해,1,3
2019,1,4,영어문장구조의이해,2,4
2019,1,4,영어문장구조의이해,3,2
2019,1,4,영어문장구조의이해,4,4
2019,1,4,영어문장구조의이해,5,2
2019,1,4,영어문장구조의이해,6,1
2019,1,4,영어문장구조의이해,7,4
2019,1,4,영어문장구조의이해,8,3
2019,1,4,영어문장구조의이해,9,1
2019,1,4,영어문장구조의이해,10,2
2019,1,4,영어문장구조의이해,11,4
2019,1,4,영어문장구조의이해,12,1
2019,1,4,영어문장구조의이해,13,2
2019,1,4,영어문장구조의이해,14,3
2019,1,4,영어문장구조의이해,15,4
2019,1,4,영어문장구조의이해,16,2
2019,1,4,영어문장구조의이해,17,2
2019,1,4,영어문장구조의이해,18,2
2019,1,4,영어문장구조의이해,19,4
2019,1,4,영어문장구조의이해,20,3
2019,1,4,영어문장구조의이해,21,1
2019,1,4,영어문장구조의이해,22,4
2019,1,4,영어문장구조의이해,23,3
2019,1,4,영어문장구조의이해,24,2
2019,1,4,영어문장구조의이해,25,1
2019,1,4,영어문장구조의이해,26,4
2019,1,4,영어문장구조의이해,27,2
2019,1,4,영어문장구조의이해,28,3
2019,1,4,영어문장구조의이해,29,1
2019,1,4,영어문장구조의이해,30,3
2019,1,4,영어문장구조의이해,31,2
2019,1,4,영어문장구조의이해,32,3
2019,1,4,영어문장구조의이해,33,2
2019,1,4,영어문장구조의이해,34,3
2019,1,4,영어문장구조의이해,35,4
2019,1,4,중한번역연습,1,1
2019,1,4,중한번역연습,2,2
2019,1,4,중한번역연습,3,1
2019,1,4,중한번역연습,4,3
2019,1,4,중한번역연습,5,4
2019,1,4,중한번역연습,6,4
2019,1,4,중한번역연습,7,1
2019,1,4,중한번역연습,8,4
2019,1,4,중한번역연습,9,1
2019,1,4,중한번역연습,10,2
2019,1,4,중한번역연습,11,1
2019,1,4,중한번역연습,12,3
2019,1,4,중한번역연습,13,4
2019,1,4,중한번역연습,14,3
2019,1,4,중한번역연습,15,"1,2"
2019,1,4,중한번역연습,16,1
2019,1,4,중한번역연습,17,4
2019,1,4,중한번역연습,18,3
2019,1,4,중한번역연습,19,3
2019,1,4,중한번역연습,20,1
2019,1,4,중한번역연습,21,3
2019,1,4,중한번역연습,22,3
2019,1,4,중한번역연습,23,2
2019,1,4,중한번역연습,24,1
2019,1,4,중한번역연습,25,4
2019,1,4,중한번역연습,26,2
2019,1,4,중한번역연습,27,2
2019,1,4,중한번역연습,28,2
2019,1,4,중한번역연습,29,1
2019,1,4,중한번역연습,30,3
2019,1,4,중한번역연습,31,4
2019,1,4,중한번역연습,32,2
2019,1,4,중한번역연습,33,1
2019,1,4,중한번역연습,34,2
2019,1,4,중한번역연습,35,3
2019,1,4,경서제자강독,1,2
2019,1,4,경서제자강독,2,3
2019,1,4,경서제자강독,3,1
2019,1,4,경서제자강독,4,2
2019,1,4,경서제자강독,5,4
2019,1,4,경서제자강독,6,1
2019,1,4,경서제자강독,7,3
2019,1,4,경서제자강독,8,2
2019,1,4,경서제자강독,9,4
2019,1,4,경서제자강독,10,3
2019,1,4,경서제자강독,11,1
2019,1,4,경서제자강독,12,4
2019,1,4,경서제자강독,13,2
2019,1,4,경서제자강독,14,3
2019,1,4,경서제자강독,15,4
2019,1,4,경서제자강독,16,3
2019,1,4,경서제자강독,17,3
2019,1,4,경서제자강독,18,4
2019,1,4,경서제자강독,19,1
2019,1,4,경서제자강독,20,3
2019,1,4,경서제자강독,21,2
2019,1,4,경서제자강독,22,1
2019,1,4,경서제자강독,23,3
2019,1,4,경서제자강독,24,2
2019,1,4,경서제자강독,25,4
2019,1,4,경서제자강독,26,2
2019,1,4,경서제자강독,27,1
2019,1,4,경서제자강독,28,4
2019,1,4,경서제자강독,29,3
2019,1,4,경서제자강독,30,4
2019,1,4,경서제자강독,31,1
2019,1,4,경서제자강독,32,1
2019,1,4,경서제자강독,33,2
2019,1,4,경서제자강독,34,3
2019,1,4,경서제자강독,35,4
2019,1,4,중국문화산책,1,3
2019,1,4,중국문화산책,2,4
2019,1,4,중국문화산책,3,2
2019,1,4,중국문화산책,4,4
2019,1,4,중국문화산책,5,1
2019,1,4,중국문화산책,6,3
2019,1,4,중국문화산책,7,2
2019,1,4,중국문화산책,8,2
2019,1,4,중국문화산책,9,1
2019,1,4,중국문화산책,10,2
2019,1,4,중국문화산책,11,4
2019,1,4,중국문화산책,12,4
2019,1,4,중국문화산책,13,1
2019,1,4,중국문화산책,14,3
2019,1,4,중국문화산책,15,4
2019,1,4,중국문화산책,16,3
2019,1,4,중국문화산책,17,2
2019,1,4,중국문화산책,18,1
2019,1,4,중국문화산책,19,2
2019,1,4,중국문화산책,20,4
2019,1,4,중국문화산책,21,3
2019,1,4,중국문화산책,22,2
2019,1,4,중국문화산책,23,4
2019,1,4,중국문화산책,24,1
2019,1,4,중국문화산책,25,3
2019,1,4,중국어실용문,1,4
2019,1,4,중국어실용문,2,2
2019,1,4,중국어실용문,3,3
2019,1,4,중국어실용문,4,2
2019,1,4,중국어실용문,5,2
2019,1,4,중국어실용문,6,4
2019,1,4,중국어실용문,7,1
2019,1,4,중국어실용문,8,3
2019,1,4,중국어실용문,9,1
2019,1,4,중국어실용문,10,1
2019,1,4,중국어실용문,11,4
2019,1,4,중국어실용문,12,4
2019,1,4,중국어실용문,13,4
2019,1,4,중국어실용문,14,2
2019,1,4,중국어실용문,15,2
2019,1,4,중국어실용문,16,1
2019,1,4,중국어실용문,17,1
2019,1,4,중국어실용문,18,1
2019,1,4,중국어실용문,19,2
2019,1,4,중국어실용문,20,3
2019,1,4,중국어실용문,21,3
2019,1,4,중국어실용문,22,4
2019,1,4,중국어실용문,23,1
2019,1,4,중국어실용문,24,3
2019,1,4,중국어실용문,25,4
2019,1,4,중국어실용문,26,2
2019,1,4,중국어실용문,27,3
2019,1,4,중국어실용문,28,3
2019,1,4,중국어실용문,29,3
2019,1,4,중국어실용문,30,3
2019,1,4,중국어실용문,31,2
2019,1,4,중국어실용문,32,4
2019,1,4,중국어실용문,33,1
2019,1,4,중국어실용문,34,4
2019,1,4,중국어실용문,35,3
2019,1,4,중국현대문학론,1,3
2019,1,4,중국현대문학론,2,2
2019,1,4,중국현대문학론,3,1
2019,1,4,중국현대문학론,4,4
2019,1,4,중국현대문학론,5,1
2019,1,4,중국현대문학론,6,3
2019,1,4,중국현대문학론,7,2
2019,1,4,중국현대문학론,8,4
2019,1,4,중국현대문학론,9,3
2019,1,4,중국현대문학론,10,4
2019,1,4,중국현대문학론,11,2
2019,1,4,중국현대문학론,12,1
2019,1,4,중국현대문학론,13,4
2019,1,4,중국현대문학론,14,2
2019,1,4,중국현대문학론,15,4
2019,1,4,중국현대문학론,16,1
2019,1,4,중국현대문학론,17,"1,2,3,4"
2019,1,4,중국현대문학론,18,3
2019,1,4,중국현대문학론,19,3
2019,1,4,중국현대문학론,20,4
2019,1,4,중국현대문학론,21,3
2019,1,4,중국현대문학론,22,2
2019,1,4,중국현대문학론,23,4
2019,1,4,중국현대문학론,24,2
2019,1,4,중국현대문학론,25,3
2019,1,4,중국현대문학론,26,"1,2,3,4"
2019,1,4,중국현대문학론,27,1
2019,1,4,중국현대문학론,28,3
2019,1,4,중국현대문학론,29,1
2019,1,4,중국현대문학론,30,3
2019,1,4,중국현대문학론,31,2
2019,1,4,중국현대문학론,32,1
2019,1,4,중국현대문학론,33,1
2019,1,4,중국현대문학론,34,4
2019,1,4,중국현대문학론,35,2
2019,1,4,프랑스어번역연습,1,3
2019,1,4,프랑스어번역연습,2,2
2019,1,4,프랑스어번역연습,3,3
2019,1,4,프랑스어번역연습,4,2
2019,1,4,프랑스어번역연습,5,4
2019,1,4,프랑스어번역연습,6,1
2019,1,4,프랑스어번역연습,7,1
2019,1,4,프랑스어번역연습,8,4
2019,1,4,프랑스어번역연습,9,4
2019,1,4,프랑스어번역연습,10,3
2019,1,4,프랑스어번역연습,11,4
2019,1,4,프랑스어번역연습,12,3
2019,1,4,프랑스어번역연습,13,1
2019,1,4,프랑스어번역연습,14,3
2019,1,4,프랑스어번역연습,15,2
2019,1,4,프랑스어번역연습,16,2
2019,1,4,프랑스어번역연습,17,3
2019,1,4,프랑스어번역연습,18,4
2019,1,4,프랑스어번역연습,19,3
2019,1,4,프랑스어번역연습,20,2
2019,1,4,프랑스어번역연습,21,4
2019,1,4,프랑스어번역연습,22,1
2019,1,4,프랑스어번역연습,23,2
2019,1,4,프랑스어번역연습,24,4
2019,1,4,프랑스어번역연습,25,3
2019,1,4,프랑스어번역연습,26,4
2019,1,4,프랑스어번역연습,27,4
2019,1,4,프랑스어번역연습,28,4
2019,1,4,프랑스어번역연습,29,4
2019,1,4,프랑스어번역연습,30,3
2019,1,4,프랑스어번역연습,31,4
2019,1,4,프랑스어번역연습,32,4
2019,1,4,프랑스어번역연습,33,3
2019,1,4,프랑스어번역연습,34,4
2019,1,4,프랑스어번역연습,35,1
2019,1,4,프랑스작품선,1,4
2019,1,4,프랑스작품선,2,4
2019,1,4,프랑스작품선,3,3
2019,1,4,프랑스작품선,4,2
2019,1,4,프랑스작품선,5,3
2019,1,4,프랑스작품선,6,1
2019,1,4,프랑스작품선,7,1
2019,1,4,프랑스작품선,8,2
2019,1,4,프랑스작품선,9,2
2019,1,4,프랑스작품선,10,3
2019,1,4,프랑스작품선,11,1
2019,1,4,프랑스작품선,12,3
2019,1,4,프랑스작품선,13,2
2019,1,4,프랑스작품선,14,4
2019,1,4,프랑스작품선,15,3
2019,1,4,프랑스작품선,16,3
2019,1,4,프랑스작품선,17,3
2019,1,4,프랑스작품선,18,1
2019,1,4,프랑스작품선,19,1
2019,1,4,프랑스작품선,20,3
2019,1,4,프랑스작품선,21,2
2019,1,4,프랑스작품선,22,2
2019,1,4,프랑스작품선,23,4
2019,1,4,프랑스작품선,24,4
2019,1,4,프랑스작품선,25,2
2019,1,4,프랑스작품선,26,3
2019,1,4,프랑스작품선,27,2
2019,1,4,프랑스작품선,28,2
2019,1,4,프랑스작품선,29,1
2019,1,4,프랑스작품선,30,4
2019,1,4,프랑스작품선,31,4
2019,1,4,프랑스작품선,32,4
2019,1,4,프랑스작품선,33,2
2019,1,4,프랑스작품선,34,4
2019,1,4,프랑스작품선,35,3
2019,1,4,프랑스문화와예술,1,3
2019,1,4,프랑스문화와예술,2,4
2019,1,4,프랑스문화와예술,3,2
2019,1,4,프랑스문화와예술,4,1
2019,1,4,프랑스문화와예술,5,2
2019,1,4,프랑스문화와예술,6,2
2019,1,4,프랑스문화와예술,7,3
2019,1,4,프랑스문화와예술,8,2
2019,1,4,프랑스문화와예술,9,1
2019,1,4,프랑스문화와예술,10,1
2019,1,4,프랑스문화와예술,11,4
2019,1,4,프랑스문화와예술,12,3
2019,1,4,프랑스문화와예술,13,4
2019,1,4,프랑스문화와예술,14,4
2019,1,4,프랑스문화와예술,15,1
2019,1,4,프랑스문화와예술,16,2
2019,1,4,프랑스문화와예술,17,4
2019,1,4,프랑스문화와예술,18,1
2019,1,4,프랑스문화와예술,19,2
2019,1,4,프랑스문화와예술,20,2
2019,1,4,프랑스문화와예술,21,4
2019,1,4,프랑스문화와예술,22,2
2019,1,4,프랑스문화와예술,23,2
2019,1,4,프랑스문화와예술,24,2
2019,1,4,프랑스문화와예술,25,4
2019,1,4,프랑스문화와예술,26,3
2019,1,4,프랑스문화와예술,27,2
2019,1,4,프랑스문화와예술,28,3
2019,1,4,프랑스문화와예술,29,4
2019,1,4,프랑스문화와예술,30,3
2019,1,4,프랑스문화와예술,31,2
2019,1,4,프랑스문화와예술,32,4
2019,1,4,프랑스문화와예술,33,2
2019,1,4,프랑스문화와예술,34,4
2019,1,4,프랑스문화와예술,35,3
2019,1,4,영화로배우는프랑스어,1,4
2019,1,4,영화로배우는프랑스어,2,3
2019,1,4,영화로배우는프랑스어,3,4
2019,1,4,영화로배우는프랑스어,4,2
2019,1,4,영화로배우는프랑스어,5,3
2019,1,4,영화로배우는프랑스어,6,3
2019,1,4,영화로배우는프랑스어,7,2
2019,1,4,영화로배우는프랑스어,8,4
2019,1,4,영화로배우는프랑스어,9,3
2019,1,4,영화로배우는프랑스어,10,1
2019,1,4,영화로배우는프랑스어,11,2
2019,1,4,영화로배우는프랑스어,12,4
2019,1,4,영화로배우는프랑스어,13,2
2019,1,4,영화로배우는프랑스어,14,3
2019,1,4,영화로배우는프랑스어,15,3
2019,1,4,영화로배우는프랑스어,16,4
2019,1,4,영화로배우는프랑스어,17,2
2019,1,4,영화로배우는프랑스어,18,2
2019,1,4,영화로배우는프랑스어,19,3
2019,1,4,영화로배우는프랑스어,20,1
2019,1,4,영화로배우는프랑스어,21,3
2019,1,4,영화로배우는프랑스어,22,4
2019,1,4,영화로배우는프랑스어,23,4
2019,1,4,영화로배우는프랑스어,24,1
2019,1,4,영화로배우는프랑스어,25,4
2019,1,4,영화로배우는프랑스어,26,3
2019,1,4,영화로배우는프랑스어,27,1
2019,1,4,영화로배우는프랑스어,28,2
2019,1,4,영화로배우는프랑스어,29,1
2019,1,4,영화로배우는프랑스어,30,3
2019,1,4,영화로배우는프랑스어,31,2
2019,1,4,영화로배우는프랑스어,32,3
2019,1,4,영화로배우는프랑스어,33,4
2019,1,4,영화로배우는프랑스어,34,2
2019,1,4,영화로배우는프랑스어,35,4
2019,1,4,일본사회문화연습,1,3
2019,1,4,일본사회문화연습,2,3
2019,1,4,일본사회문화연습,3,4
2019,1,4,일본사회문화연습,4,2
2019,1,4,일본사회문화연습,5,4
2019,1,4,일본사회문화연습,6,1
2019,1,4,일본사회문화연습,7,1
2019,1,4,일본사회문화연습,8,3
2019,1,4,일본사회문화연습,9,4
2019,1,4,일본사회문화연습,10,1
2019,1,4,일본사회문화연습,11,2
2019,1,4,일본사회문화연습,12,2
2019,1,4,일본사회문화연습,13,3
2019,1,4,일본사회문화연습,14,4
2019,1,4,일본사회문화연습,15,3
2019,1,4,일본사회문화연습,16,3
2019,1,4,일본사회문화연습,17,4
2019,1,4,일본사회문화연습,18,2
2019,1,4,일본사회문화연습,19,1
2019,1,4,일본사회문화연습,20,1
2019,1,4,일본사회문화연습,21,1
2019,1,4,일본사회문화연습,22,2
2019,1,4,일본사회문화연습,23,1
2019,1,4,일본사회문화연습,24,4
2019,1,4,일본사회문화연습,25,4
2019,1,4,일본사회문화연습,26,2
2019,1,4,일본사회문화연습,27,4
2019,1,4,일본사회문화연습,28,1
2019,1,4,일본사회문화연습,29,4
2019,1,4,일본사회문화연습,30,2
2019,1,4,일본사회문화연습,31,1
2019,1,4,일본사회문화연습,32,1
2019,1,4,일본사회문화연습,33,1
2019,1,4,일본사회문화연습,34,4
2019,1,4,일본사회문화연습,35,4
2019,1,4,고급일본어활용,1,2
2019,1,4,고급일본어활용,2,3
2019,1,4,고급일본어활용,3,1
2019,1,4,고급일본어활용,4,4
2019,1,4,고급일본어활용,5,3
2019,1,4,고급일본어활용,6,3
2019,1,4,고급일본어활용,7,4
2019,1,4,고급일본어활용,8,1
2019,1,4,고급일본어활용,9,3
2019,1,4,고급일본어활용,10,1
2019,1,4,고급일본어활용,11,3
2019,1,4,고급일본어활용,12,2
2019,1,4,고급일본어활용,13,4
2019,1,4,고급일본어활용,14,2
2019,1,4,고급일본어활용,15,1
2019,1,4,고급일본어활용,16,2
2019,1,4,고급일본어활용,17,2
2019,1,4,고급일본어활용,18,2
2019,1,4,고급일본어활용,19,3
2019,1,4,고급일본어활용,20,1
2019,1,4,고급일본어활용,21,4
2019,1,4,고급일본어활용,22,2
2019,1,4,고급일본어활용,23,4
2019,1,4,고급일본어활용,24,4
2019,1,4,고급일본어활용,25,2
2019,1,4,고급일본어활용,26,2
2019,1,4,고급일본어활용,27,1
2019,1,4,고급일본어활용,28,1
2019,1,4,고급일본어활용,29,4
2019,1,4,고급일본어활용,30,3
2019,1,4,고급일본어활용,31,2
2019,1,4,고급일본어활용,32,4
2019,1,4,고급일본어활용,33,3
2019,1,4,고급일본어활용,34,4
2019,1,4,고급일본어활용,35,4
2019,1,4,일본명작기행,1,3
2019,1,4,일본명작기행,2,2
2019,1,4,일본명작기행,3,4
2019,1,4,일본명작기행,4,1
2019,1,4,일본명작기행,5,3
2019,1,4,일본명작기행,6,3
2019,1,4,일본명작기행,7,2
2019,1,4,일본명작기행,8,1
2019,1,4,일본명작기행,9,2
2019,1,4,일본명작기행,10,3
2019,1,4,일본명작기행,11,2
2019,1,4,일본명작기행,12,3
2019,1,4,일본명작기행,13,4
2019,1,4,일본명작기행,14,3
2019,1,4,일본명작기행,15,1
2019,1,4,일본명작기행,16,1
2019,1,4,일본명작기행,17,4
2019,1,4,일본명작기행,18,2
2019,1,4,일본명작기행,19,1
2019,1,4,일본명작기행,20,2
2019,1,4,일본명작기행,21,1
2019,1,4,일본명작기행,22,2
2019,1,4,일본명작기행,23,3
2019,1,4,일본명작기행,24,4
2019,1,4,일본명작기행,25,4
2019,1,4,일본명작기행,26,2
2019,1,4,일본명작기행,27,2
2019,1,4,일본명작기행,28,1
2019,1,4,일본명작기행,29,3
2019,1,4,일본명작기행,30,1
2019,1,4,일본명작기행,31,2
2019,1,4,일본명작기행,32,4
2019,1,4,일본명작기행,33,3
2019,1,4,일본명작기행,34,2
2019,1,4,일본명작기행,35,1
2019,1,4,근현대한일관계와국제사회,1,"1,2,3,4"
2019,1,4,근현대한일관계와국제사회,2,1
2019,1,4,근현대한일관계와국제사회,3,3
2019,1,4,근현대한일관계와국제사회,4,2
2019,1,4,근현대한일관계와국제사회,5,4
2019,1,4,근현대한일관계와국제사회,6,3
2019,1,4,근현대한일관계와국제사회,7,1
2019,1,4,근현대한일관계와국제사회,8,2
2019,1,4,근현대한일관계와국제사회,9,1
2019,1,4,근현대한일관계와국제사회,10,4
2019,1,4,근현대한일관계와국제사회,11,2
2019,1,4,근현대한일관계와국제사회,12,4
2019,1,4,근현대한일관계와국제사회,13,3
2019,1,4,근현대한일관계와국제사회,14,4
2019,1,4,근현대한일관계와국제사회,15,2
2019,1,4,근현대한일관계와국제사회,16,3
2019,1,4,근현대한일관계와국제사회,17,1
2019,1,4,근현대한일관계와국제사회,18,4
2019,1,4,근현대한일관계와국제사회,19,4
2019,1,4,근현대한일관계와국제사회,20,1
2019,1,4,근현대한일관계와국제사회,21,4
2019,1,4,근현대한일관계와국제사회,22,3
2019,1,4,근현대한일관계와국제사회,23,3
2019,1,4,근현대한일관계와국제사회,24,4
2019,1,4,근현대한일관계와국제사회,25,1
2019,1,4,근현대한일관계와국제사회,26,3
2019,1,4,근현대한일관계와국제사회,27,2
2019,1,4,근현대한일관계와국제사회,28,1
2019,1,4,근현대한일관계와국제사회,29,3
2019,1,4,근현대한일관계와국제사회,30,2
2019,1,4,근현대한일관계와국제사회,31,4
2019,1,4,근현대한일관계와국제사회,32,3
2019,1,4,근현대한일관계와국제사회,33,1
2019,1,4,근현대한일관계와국제사회,34,2
2019,1,4,근현대한일관계와국제사회,35,2
2019,1,4,일본의기업과경영,1,4
2019,1,4,일본의기업과경영,2,3
2019,1,4,일본의기업과경영,3,2
2019,1,4,일본의기업과경영,4,2
2019,1,4,일본의기업과경영,5,3
2019,1,4,일본의기업과경영,6,2
2019,1,4,일본의기업과경영,7,1
2019,1,4,일본의기업과경영,8,1
2019,1,4,일본의기업과경영,9,1
2019,1,4,일본의기업과경영,10,1
2019,1,4,일본의기업과경영,11,2
2019,1,4,일본의기업과경영,12,2
2019,1,4,일본의기업과경영,13,2
2019,1,4,일본의기업과경영,14,3
2019,1,4,일본의기업과경영,15,3
2019,1,4,일본의기업과경영,16,2
2019,1,4,일본의기업과경영,17,2
2019,1,4,일본의기업과경영,18,3
2019,1,4,일본의기업과경영,19,4
2019,1,4,일본의기업과경영,20,1
2019,1,4,일본의기업과경영,21,1
2019,1,4,일본의기업과경영,22,2
2019,1,4,일본의기업과경영,23,3
2019,1,4,일본의기업과경영,24,2
2019,1,4,일본의기업과경영,25,3
2019,1,4,일본의기업과경영,26,3
2019,1,4,일본의기업과경영,27,4
2019,1,4,일본의기업과경영,28,1
2019,1,4,일본의기업과경영,29,3
2019,1,4,일본의기업과경영,30,2
2019,1,4,일본의기업과경영,31,2
2019,1,4,일본의기업과경영,32,4
2019,1,4,일본의기업과경영,33,3
2019,1,4,일본의기업과경영,34,4
2019,1,4,일본의기업과경영,35,4
2019,1,4,사회보장법,1,3
2019,1,4,사회보장법,2,1
2019,1,4,사회보장법,3,4
2019,1,4,사회보장법,4,2
2019,1,4,사회보장법,5,4
2019,1,4,사회보장법,6,3
2019,1,4,사회보장법,7,3
2019,1,4,사회보장법,8,3
2019,1,4,사회보장법,9,1
2019,1,4,사회보장법,10,4
2019,1,4,사회보장법,11,2
2019,1,4,사회보장법,12,4
2019,1,4,사회보장법,13,4
2019,1,4,사회보장법,14,2
2019,1,4,사회보장법,15,2
2019,1,4,사회보장법,16,2
2019,1,4,사회보장법,17,2
2019,1,4,사회보장법,18,3
2019,1,4,사회보장법,19,2
2019,1,4,사회보장법,20,1
2019,1,4,사회보장법,21,2
2019,1,4,사회보장법,22,4
2019,1,4,사회보장법,23,4
2019,1,4,사회보장법,24,1
2019,1,4,사회보장법,25,2
2019,1,4,부동산법제,1,4
2019,1,4,부동산법제,2,2
2019,1,4,부동산법제,3,4
2019,1,4,부동산법제,4,1
2019,1,4,부동산법제,5,4
2019,1,4,부동산법제,6,4
2019,1,4,부동산법제,7,1
2019,1,4,부동산법제,8,4
2019,1,4,부동산법제,9,4
2019,1,4,부동산법제,10,3
2019,1,4,부동산법제,11,2
2019,1,4,부동산법제,12,1
2019,1,4,부동산법제,13,"1,2"
2019,1,4,부동산법제,14,1
2019,1,4,부동산법제,15,2
2019,1,4,부동산법제,16,2
2019,1,4,부동산법제,17,3
2019,1,4,부동산법제,18,4
2019,1,4,부동산법제,19,3
2019,1,4,부동산법제,20,3
2019,1,4,부동산법제,21,3
2019,1,4,부동산법제,22,4
2019,1,4,부동산법제,23,2
2019,1,4,부동산법제,24,3
2019,1,4,부동산법제,25,3
2019,1,4,부동산법제,26,3
2019,1,4,부동산법제,27,4
2019,1,4,부동산법제,28,3
2019,1,4,부동산법제,29,"1,2,3,4"
2019,1,4,부동산법제,30,1
2019,1,4,부동산법제,31,4
2019,1,4,부동산법제,32,2
2019,1,4,부동산법제,33,4
2019,1,4,부동산법제,34,1
2019,1,4,부동산법제,35,2
2019,1,4,형사소송법,1,4
2019,1,4,형사소송법,2,1
2019,1,4,형사소송법,3,2
2019,1,4,형사소송법,4,1
2019,1,4,형사소송법,5,3
2019,1,4,형사소송법,6,3
2019,1,4,형사소송법,7,2
2019,1,4,형사소송법,8,1
2019,1,4,형사소송법,9,4
2019,1,4,형사소송법,10,2
2019,1,4,형사소송법,11,1
2019,1,4,형사소송법,12,3
2019,1,4,형사소송법,13,4
2019,1,4,형사소송법,14,2
2019,1,4,형사소송법,15,3
2019,1,4,형사소송법,16,2
2019,1,4,형사소송법,17,3
2019,1,4,형사소송법,18,1
2019,1,4,형사소송법,19,4
2019,1,4,형사소송법,20,1
2019,1,4,형사소송법,21,2
2019,1,4,형사소송법,22,3
2019,1,4,형사소송법,23,4
2019,1,4,형사소송법,24,1
2019,1,4,형사소송법,25,2
2019,1,4,법과사회,1,2
2019,1,4,법과사회,2,4
2019,1,4,법과사회,3,2
2019,1,4,법과사회,4,4
2019,1,4,법과사회,5,1
2019,1,4,법과사회,6,2
2019,1,4,법과사회,7,1
2019,1,4,법과사회,8,2
2019,1,4,법과사회,9,4
2019,1,4,법과사회,10,3
2019,1,4,법과사회,11,3
2019,1,4,법과사회,12,4
2019,1,4,법과사회,13,4
2019,1,4,법과사회,14,1
2019,1,4,법과사회,15,1
2019,1,4,법과사회,16,2
2019,1,4,법과사회,17,2
2019,1,4,법과사회,18,1
2019,1,4,법과사회,19,1
2019,1,4,법과사회,20,2
2019,1,4,법과사회,21,3
2019,1,4,법과사회,22,4
2019,1,4,법과사회,23,1
2019,1,4,법과사회,24,2
2019,1,4,법과사회,25,3
2019,1,4,법과사회,26,1
2019,1,4,법과사회,27,3
2019,1,4,법과사회,28,4
2019,1,4,법과사회,29,1
2019,1,4,법과사회,30,2
2019,1,4,법과사회,31,2
2019,1,4,법과사회,32,4
2019,1,4,법과사회,33,3
2019,1,4,법과사회,34,3
2019,1,4,법과사회,35,2
2019,1,4,소송과강제집행,1,3
2019,1,4,소송과강제집행,2,2
2019,1,4,소송과강제집행,3,2
2019,1,4,소송과강제집행,4,3
2019,1,4,소송과강제집행,5,4
2019,1,4,소송과강제집행,6,2
2019,1,4,소송과강제집행,7,"1,2,3,4"
2019,1,4,소송과강제집행,8,"1,2,3,4"
2019,1,4,소송과강제집행,9,"1,2,3,4"
2019,1,4,소송과강제집행,10,"1,2,3,4"
2019,1,4,소송과강제집행,11,3
2019,1,4,소송과강제집행,12,"1,2,3,4"
2019,1,4,소송과강제집행,13,"1,2,3,4"
2019,1,4,소송과강제집행,14,3
2019,1,4,소송과강제집행,15,2
2019,1,4,소송과강제집행,16,4
2019,1,4,소송과강제집행,17,4
2019,1,4,소송과강제집행,18,3
2019,1,4,소송과강제집행,19,1
2019,1,4,소송과강제집행,20,4
2019,1,4,소송과강제집행,21,3
2019,1,4,소송과강제집행,22,1
2019,1,4,소송과강제집행,23,2
2019,1,4,소송과강제집행,24,3
2019,1,4,소송과강제집행,25,4
2019,1,4,정책평가론,1,2
2019,1,4,정책평가론,2,4
2019,1,4,정책평가론,3,1
2019,1,4,정책평가론,4,1
2019,1,4,정책평가론,5,2
2019,1,4,정책평가론,6,4
2019,1,4,정책평가론,7,3
2019,1,4,정책평가론,8,1
2019,1,4,정책평가론,9,4
2019,1,4,정책평가론,10,3
2019,1,4,정책평가론,11,3
2019,1,4,정책평가론,12,1
2019,1,4,정책평가론,13,2
2019,1,4,정책평가론,14,1
2019,1,4,정책평가론,15,4
2019,1,4,정책평가론,16,4
2019,1,4,정책평가론,17,1
2019,1,4,정책평가론,18,3
2019,1,4,정책평가론,19,3
2019,1,4,정책평가론,20,4
2019,1,4,정책평가론,21,4
2019,1,4,정책평가론,22,2
2019,1,4,정책평가론,23,1
2019,1,4,정책평가론,24,3
2019,1,4,정책평가론,25,2
2019,1,4,정부회계학,1,4
2019,1,4,정부회계학,2,4
2019,1,4,정부회계학,3,2
2019,1,4,정부회계학,4,1
2019,1,4,정부회계학,5,3
2019,1,4,정부회계학,6,4
2019,1,4,정부회계학,7,2
2019,1,4,정부회계학,8,1
2019,1,4,정부회계학,9,3
2019,1,4,정부회계학,10,4
2019,1,4,정부회계학,11,4
2019,1,4,정부회계학,12,1
2019,1,4,정부회계학,13,4
2019,1,4,정부회계학,14,1
2019,1,4,정부회계학,15,3
2019,1,4,정부회계학,16,4
2019,1,4,정부회계학,17,3
2019,1,4,정부회계학,18,1
2019,1,4,정부회계학,19,1
2019,1,4,정부회계학,20,2
2019,1,4,정부회계학,21,3
2019,1,4,정부회계학,22,3
2019,1,4,정부회계학,23,4
2019,1,4,정부회계학,24,4
2019,1,4,정부회계학,25,4
2019,1,4,사회복지행정론,1,4
2019,1,4,사회복지행정론,2,1
2019,1,4,사회복지행정론,3,2
2019,1,4,사회복지행정론,4,3
2019,1,4,사회복지행정론,5,3
2019,1,4,사회복지행정론,6,1
2019,1,4,사회복지행정론,7,2
2019,1,4,사회복지행정론,8,4
2019,1,4,사회복지행정론,9,2
2019,1,4,사회복지행정론,10,4
2019,1,4,사회복지행정론,11,1
2019,1,4,사회복지행정론,12,3
2019,1,4,사회복지행정론,13,3
2019,1,4,사회복지행정론,14,4
2019,1,4,사회복지행정론,15,2
2019,1,4,사회복지행정론,16,1
2019,1,4,사회복지행정론,17,2
2019,1,4,사회복지행정론,18,"1,2,3,4"
2019,1,4,사회복지행정론,19,3
2019,1,4,사회복지행정론,20,3
2019,1,4,사회복지행정론,21,4
2019,1,4,사회복지행정론,22,3
2019,1,4,사회복지행정론,23,2
2019,1,4,사회복지행정론,24,1
2019,1,4,사회복지행정론,25,1
2019,1,4,협상조정론,1,3
2019,1,4,협상조정론,2,1
2019,1,4,협상조정론,3,1
2019,1,4,협상조정론,4,4
2019,1,4,협상조정론,5,2
2019,1,4,협상조정론,6,2
2019,1,4,협상조정론,7,3
2019,1,4,협상조정론,8,3
2019,1,4,협상조정론,9,1
2019,1,4,협상조정론,10,4
2019,1,4,협상조정론,11,2
2019,1,4,협상조정론,12,4
2019,1,4,협상조정론,13,2
2019,1,4,협상조정론,14,1
2019,1,4,협상조정론,15,2
2019,1,4,협상조정론,16,1
2019,1,4,협상조정론,17,3
2019,1,4,협상조정론,18,4
2019,1,4,협상조정론,19,2
2019,1,4,협상조정론,20,2
2019,1,4,협상조정론,21,1
2019,1,4,협상조정론,22,1
2019,1,4,협상조정론,23,2
2019,1,4,협상조정론,24,3
2019,1,4,협상조정론,25,4
2019,1,4,지역개발론,1,2
2019,1,4,지역개발론,2,3
2019,1,4,지역개발론,3,3
2019,1,4,지역개발론,4,1
2019,1,4,지역개발론,5,4
2019,1,4,지역개발론,6,4
2019,1,4,지역개발론,7,4
2019,1,4,지역개발론,8,3
2019,1,4,지역개발론,9,2
2019,1,4,지역개발론,10,3
2019,1,4,지역개발론,11,4
2019,1,4,지역개발론,12,1
2019,1,4,지역개발론,13,1
2019,1,4,지역개발론,14,4
2019,1,4,지역개발론,15,3
2019,1,4,지역개발론,16,2
2019,1,4,지역개발론,17,3
2019,1,4,지역개발론,18,"1,4"
2019,1,4,지역개발론,19,2
2019,1,4,지역개발론,20,4
2019,1,4,지역개발론,21,4
2019,1,4,지역개발론,22,3
2019,1,4,지역개발론,23,3
2019,1,4,지역개발론,24,4
2019,1,4,지역개발론,25,3
2019,1,4,한국경제사,1,4
2019,1,4,한국경제사,2,2
2019,1,4,한국경제사,3,1
2019,1,4,한국경제사,4,3
2019,1,4,한국경제사,5,1
2019,1,4,한국경제사,6,4
2019,1,4,한국경제사,7,2
2019,1,4,한국경제사,8,4
2019,1,4,한국경제사,9,3
2019,1,4,한국경제사,10,1
2019,1,4,한국경제사,11,2
2019,1,4,한국경제사,12,1
2019,1,4,한국경제사,13,4
2019,1,4,한국경제사,14,3
2019,1,4,한국경제사,15,1
2019,1,4,한국경제사,16,3
2019,1,4,한국경제사,17,4
2019,1,4,한국경제사,18,3
2019,1,4,한국경제사,19,1
2019,1,4,한국경제사,20,4
2019,1,4,한국경제사,21,3
2019,1,4,한국경제사,22,3
2019,1,4,한국경제사,23,2
2019,1,4,한국경제사,24,2
2019,1,4,한국경제사,25,1
2019,1,4,한국경제사,26,4
2019,1,4,한국경제사,27,2
2019,1,4,한국경제사,28,3
2019,1,4,한국경제사,29,4
2019,1,4,한국경제사,30,1
2019,1,4,한국경제사,31,1
2019,1,4,한국경제사,32,2
2019,1,4,한국경제사,33,2
2019,1,4,한국경제사,34,4
2019,1,4,한국경제사,35,3
2019,1,4,증권투자론,1,2
2019,1,4,증권투자론,2,2
2019,1,4,증권투자론,3,1
2019,1,4,증권투자론,4,1
2019,1,4,증권투자론,5,3
2019,1,4,증권투자론,6,1
2019,1,4,증권투자론,7,2
2019,1,4,증권투자론,8,4
2019,1,4,증권투자론,9,1
2019,1,4,증권투자론,10,2
2019,1,4,증권투자론,11,1
2019,1,4,증권투자론,12,4
2019,1,4,증권투자론,13,2
2019,1,4,증권투자론,14,2
2019,1,4,증권투자론,15,4
2019,1,4,증권투자론,16,1
2019,1,4,증권투자론,17,2
2019,1,4,증권투자론,18,3
2019,1,4,증권투자론,19,1
2019,1,4,증권투자론,20,4
2019,1,4,증권투자론,21,2
2019,1,4,증권투자론,22,4
2019,1,4,증권투자론,23,1
2019,1,4,증권투자론,24,4
2019,1,4,증권투자론,25,2
2019,1,4,마케팅커뮤니케이션관리,1,2
2019,1,4,마케팅커뮤니케이션관리,2,1
2019,1,4,마케팅커뮤니케이션관리,3,4
2019,1,4,마케팅커뮤니케이션관리,4,1
2019,1,4,마케팅커뮤니케이션관리,5,2
2019,1,4,마케팅커뮤니케이션관리,6,3
2019,1,4,마케팅커뮤니케이션관리,7,3
2019,1,4,마케팅커뮤니케이션관리,8,4
2019,1,4,마케팅커뮤니케이션관리,9,4
2019,1,4,마케팅커뮤니케이션관리,10,2
2019,1,4,마케팅커뮤니케이션관리,11,3
2019,1,4,마케팅커뮤니케이션관리,12,3
2019,1,4,마케팅커뮤니케이션관리,13,2
2019,1,4,마케팅커뮤니케이션관리,14,3
2019,1,4,마케팅커뮤니케이션관리,15,1
2019,1,4,마케팅커뮤니케이션관리,16,4
2019,1,4,마케팅커뮤니케이션관리,17,3
2019,1,4,마케팅커뮤니케이션관리,18,1
2019,1,4,마케팅커뮤니케이션관리,19,2
2019,1,4,마케팅커뮤니케이션관리,20,4
2019,1,4,마케팅커뮤니케이션관리,21,2
2019,1,4,마케팅커뮤니케이션관리,22,4
2019,1,4,마케팅커뮤니케이션관리,23,3
2019,1,4,마케팅커뮤니케이션관리,24,1
2019,1,4,마케팅커뮤니케이션관리,25,1
2019,1,4,마케팅커뮤니케이션관리,26,1
2019,1,4,마케팅커뮤니케이션관리,27,3
2019,1,4,마케팅커뮤니케이션관리,28,3
2019,1,4,마케팅커뮤니케이션관리,29,1
2019,1,4,마케팅커뮤니케이션관리,30,4
2019,1,4,마케팅커뮤니케이션관리,31,1
2019,1,4,마케팅커뮤니케이션관리,32,2
2019,1,4,마케팅커뮤니케이션관리,33,1
2019,1,4,마케팅커뮤니케이션관리,34,2
2019,1,4,마케팅커뮤니케이션관리,35,3
2019,1,4,경영분석,1,3
2019,1,4,경영분석,2,2
2019,1,4,경영분석,3,1
2019,1,4,경영분석,4,4
2019,1,4,경영분석,5,4
2019,1,4,경영분석,6,3
2019,1,4,경영분석,7,3
2019,1,4,경영분석,8,3
2019,1,4,경영분석,9,1
2019,1,4,경영분석,10,4
2019,1,4,경영분석,11,2
2019,1,4,경영분석,12,2
2019,1,4,경영분석,13,4
2019,1,4,경영분석,14,4
2019,1,4,경영분석,15,4
2019,1,4,경영분석,16,1
2019,1,4,경영분석,17,3
2019,1,4,경영분석,18,3
2019,1,4,경영분석,19,4
2019,1,4,경영분석,20,2
2019,1,4,경영분석,21,3
2019,1,4,경영분석,22,3
2019,1,4,경영분석,23,4
2019,1,4,경영분석,24,2
2019,1,4,경영분석,25,4
2019,1,4,생산관리,1,3
2019,1,4,생산관리,2,4
2019,1,4,생산관리,3,1
2019,1,4,생산관리,4,3
2019,1,4,생산관리,5,1
2019,1,4,생산관리,6,2
2019,1,4,생산관리,7,1
2019,1,4,생산관리,8,2
2019,1,4,생산관리,9,1
2019,1,4,생산관리,10,3
2019,1,4,생산관리,11,4
2019,1,4,생산관리,12,3
2019,1,4,생산관리,13,2
2019,1,4,생산관리,14,3
2019,1,4,생산관리,15,3
2019,1,4,생산관리,16,4
2019,1,4,생산관리,17,1
2019,1,4,생산관리,18,2
2019,1,4,생산관리,19,4
2019,1,4,생산관리,20,1
2019,1,4,생산관리,21,2
2019,1,4,생산관리,22,3
2019,1,4,생산관리,23,3
2019,1,4,생산관리,24,2
2019,1,4,생산관리,25,1
2019,1,4,생산관리,26,1
2019,1,4,생산관리,27,1
2019,1,4,생산관리,28,3
2019,1,4,생산관리,29,3
2019,1,4,생산관리,30,4
2019,1,4,생산관리,31,2
2019,1,4,생산관리,32,1
2019,1,4,생산관리,33,2
2019,1,4,생산관리,34,3
2019,1,4,생산관리,35,2
2019,1,4,노사관계론,1,2
2019,1,4,노사관계론,2,3
2019,1,4,노사관계론,3,2
2019,1,4,노사관계론,4,2
2019,1,4,노사관계론,5,4
2019,1,4,노사관계론,6,4
2019,1,4,노사관계론,7,3
2019,1,4,노사관계론,8,3
2019,1,4,노사관계론,9,2
2019,1,4,노사관계론,10,1
2019,1,4,노사관계론,11,4
2019,1,4,노사관계론,12,1
2019,1,4,노사관계론,13,3
2019,1,4,노사관계론,14,2
2019,1,4,노사관계론,15,2
2019,1,4,노사관계론,16,2
2019,1,4,노사관계론,17,2
2019,1,4,노사관계론,18,3
2019,1,4,노사관계론,19,3
2019,1,4,노사관계론,20,1
2019,1,4,노사관계론,21,4
2019,1,4,노사관계론,22,4
2019,1,4,노사관계론,23,4
2019,1,4,노사관계론,24,4
2019,1,4,노사관계론,25,4
2019,1,4,노사관계론,26,2
2019,1,4,노사관계론,27,2
2019,1,4,노사관계론,28,4
2019,1,4,노사관계론,29,2
2019,1,4,노사관계론,30,4
2019,1,4,노사관계론,31,3
2019,1,4,노사관계론,32,2
2019,1,4,노사관계론,33,2
2019,1,4,노사관계론,34,2
2019,1,4,노사관계론,35,4
2019,1,4,글로벌자산관리,1,1
2019,1,4,글로벌자산관리,2,2
2019,1,4,글로벌자산관리,3,1
2019,1,4,글로벌자산관리,4,3
2019,1,4,글로벌자산관리,5,4
2019,1,4,글로벌자산관리,6,3
2019,1,4,글로벌자산관리,7,1
2019,1,4,글로벌자산관리,8,1
2019,1,4,글로벌자산관리,9,2
2019,1,4,글로벌자산관리,10,1
2019,1,4,글로벌자산관리,11,4
2019,1,4,글로벌자산관리,12,2
2019,1,4,글로벌자산관리,13,1
2019,1,4,글로벌자산관리,14,3
2019,1,4,글로벌자산관리,15,1
2019,1,4,글로벌자산관리,16,3
2019,1,4,글로벌자산관리,17,3
2019,1,4,글로벌자산관리,18,1
2019,1,4,글로벌자산관리,19,2
2019,1,4,글로벌자산관리,20,4
2019,1,4,글로벌자산관리,21,3
2019,1,4,글로벌자산관리,22,4
2019,1,4,글로벌자산관리,23,4
2019,1,4,글로벌자산관리,24,3
2019,1,4,글로벌자산관리,25,2
2019,1,4,무역결제론,1,3
2019,1,4,무역결제론,2,4
2019,1,4,무역결제론,3,1
2019,1,4,무역결제론,4,2
2019,1,4,무역결제론,5,3
2019,1,4,무역결제론,6,2
2019,1,4,무역결제론,7,4
2019,1,4,무역결제론,8,2
2019,1,4,무역결제론,9,3
2019,1,4,무역결제론,10,3
2019,1,4,무역결제론,11,1
2019,1,4,무역결제론,12,4
2019,1,4,무역결제론,13,1
2019,1,4,무역결제론,14,1
2019,1,4,무역결제론,15,2
2019,1,4,무역결제론,16,1
2019,1,4,무역결제론,17,4
2019,1,4,무역결제론,18,2
2019,1,4,무역결제론,19,4
2019,1,4,무역결제론,20,3
2019,1,4,무역결제론,21,3
2019,1,4,무역결제론,22,4
2019,1,4,무역결제론,23,1
2019,1,4,무역결제론,24,2
2019,1,4,무역결제론,25,2
2019,1,4,해외시장조사론,1,2
2019,1,4,해외시장조사론,2,"1,2,3,4"
2019,1,4,해외시장조사론,3,3
2019,1,4,해외시장조사론,4,3
2019,1,4,해외시장조사론,5,2
2019,1,4,해외시장조사론,6,1
2019,1,4,해외시장조사론,7,3
2019,1,4,해외시장조사론,8,2
2019,1,4,해외시장조사론,9,1
2019,1,4,해외시장조사론,10,4
2019,1,4,해외시장조사론,11,3
2019,1,4,해외시장조사론,12,1
2019,1,4,해외시장조사론,13,2
2019,1,4,해외시장조사론,14,4
2019,1,4,해외시장조사론,15,2
2019,1,4,해외시장조사론,16,3
2019,1,4,해외시장조사론,17,2
2019,1,4,해외시장조사론,18,2
2019,1,4,해외시장조사론,19,4
2019,1,4,해외시장조사론,20,1
2019,1,4,해외시장조사론,21,4
2019,1,4,해외시장조사론,22,2
2019,1,4,해외시장조사론,23,1
2019,1,4,해외시장조사론,24,3
2019,1,4,해외시장조사론,25,3
2019,1,4,외환시장론,1,2
2019,1,4,외환시장론,2,2
2019,1,4,외환시장론,3,2
2019,1,4,외환시장론,4,2
2019,1,4,외환시장론,5,3
2019,1,4,외환시장론,6,4
2019,1,4,외환시장론,7,3
2019,1,4,외환시장론,8,1
2019,1,4,외환시장론,9,2
2019,1,4,외환시장론,10,4
2019,1,4,외환시장론,11,1
2019,1,4,외환시장론,12,3
2019,1,4,외환시장론,13,4
2019,1,4,외환시장론,14,4
2019,1,4,외환시장론,15,3
2019,1,4,외환시장론,16,2
2019,1,4,외환시장론,17,2
2019,1,4,외환시장론,18,1
2019,1,4,외환시장론,19,4
2019,1,4,외환시장론,20,4
2019,1,4,외환시장론,21,1
2019,1,4,외환시장론,22,3
2019,1,4,외환시장론,23,2
2019,1,4,외환시장론,24,4
2019,1,4,외환시장론,25,1
2019,1,4,외환시장론,26,4
2019,1,4,외환시장론,27,1
2019,1,4,외환시장론,28,3
2019,1,4,외환시장론,29,2
2019,1,4,외환시장론,30,3
2019,1,4,외환시장론,31,2
2019,1,4,외환시장론,32,3
2019,1,4,외환시장론,33,1
2019,1,4,외환시장론,34,2
2019,1,4,외환시장론,35,1
2019,1,4,국제경영학,1,3
2019,1,4,국제경영학,2,2
2019,1,4,국제경영학,3,2
2019,1,4,국제경영학,4,4
2019,1,4,국제경영학,5,1
2019,1,4,국제경영학,6,4
2019,1,4,국제경영학,7,1
2019,1,4,국제경영학,8,2
2019,1,4,국제경영학,9,1
2019,1,4,국제경영학,10,1
2019,1,4,국제경영학,11,2
2019,1,4,국제경영학,12,1
2019,1,4,국제경영학,13,3
2019,1,4,국제경영학,14,3
2019,1,4,국제경영학,15,2
2019,1,4,국제경영학,16,4
2019,1,4,국제경영학,17,2
2019,1,4,국제경영학,18,1
2019,1,4,국제경영학,19,"1,2,3,4"
2019,1,4,국제경영학,20,3
2019,1,4,국제경영학,21,1
2019,1,4,국제경영학,22,2
2019,1,4,국제경영학,23,2
2019,1,4,국제경영학,24,4
2019,1,4,국제경영학,25,3
2019,1,4,국제통상론,1,4
2019,1,4,국제통상론,2,1
2019,1,4,국제통상론,3,2
2019,1,4,국제통상론,4,3
2019,1,4,국제통상론,5,1
2019,1,4,국제통상론,6,2
2019,1,4,국제통상론,7,4
2019,1,4,국제통상론,8,1
2019,1,4,국제통상론,9,4
2019,1,4,국제통상론,10,1
2019,1,4,국제통상론,11,2
2019,1,4,국제통상론,12,1
2019,1,4,국제통상론,13,3
2019,1,4,국제통상론,14,3
2019,1,4,국제통상론,15,4
2019,1,4,국제통상론,16,3
2019,1,4,국제통상론,17,1
2019,1,4,국제통상론,18,2
2019,1,4,국제통상론,19,4
2019,1,4,국제통상론,20,4
2019,1,4,국제통상론,21,1
2019,1,4,국제통상론,22,4
2019,1,4,국제통상론,23,4
2019,1,4,국제통상론,24,3
2019,1,4,국제통상론,25,4
2019,1,4,영화산업과마케팅,1,4
2019,1,4,영화산업과마케팅,2,2
2019,1,4,영화산업과마케팅,3,1
2019,1,4,영화산업과마케팅,4,4
2019,1,4,영화산업과마케팅,5,3
2019,1,4,영화산업과마케팅,6,1
2019,1,4,영화산업과마케팅,7,4
2019,1,4,영화산업과마케팅,8,4
2019,1,4,영화산업과마케팅,9,2
2019,1,4,영화산업과마케팅,10,2
2019,1,4,영화산업과마케팅,11,3
2019,1,4,영화산업과마케팅,12,4
2019,1,4,영화산업과마케팅,13,2
2019,1,4,영화산업과마케팅,14,1
2019,1,4,영화산업과마케팅,15,2
2019,1,4,영화산업과마케팅,16,4
2019,1,4,영화산업과마케팅,17,2
2019,1,4,영화산업과마케팅,18,4
2019,1,4,영화산업과마케팅,19,3
2019,1,4,영화산업과마케팅,20,3
2019,1,4,영화산업과마케팅,21,1
2019,1,4,영화산업과마케팅,22,1
2019,1,4,영화산업과마케팅,23,2
2019,1,4,영화산업과마케팅,24,4
2019,1,4,영화산업과마케팅,25,4
2019,1,4,영화산업과마케팅,26,3
2019,1,4,영화산업과마케팅,27,3
2019,1,4,영화산업과마케팅,28,2
2019,1,4,영화산업과마케팅,29,4
2019,1,4,영화산업과마케팅,30,2
2019,1,4,영화산업과마케팅,31,1
2019,1,4,영화산업과마케팅,32,4
2019,1,4,영화산업과마케팅,33,3
2019,1,4,영화산업과마케팅,34,3
2019,1,4,영화산업과마케팅,35,2
2019,1,4,게임·애니메이션·VR의이해,1,4
2019,1,4,게임·애니메이션·VR의이해,2,2
2019,1,4,게임·애니메이션·VR의이해,3,4
2019,1,4,게임·애니메이션·VR의이해,4,1
2019,1,4,게임·애니메이션·VR의이해,5,3
2019,1,4,게임·애니메이션·VR의이해,6,1
2019,1,4,게임·애니메이션·VR의이해,7,3
2019,1,4,게임·애니메이션·VR의이해,8,1
2019,1,4,게임·애니메이션·VR의이해,9,4
2019,1,4,게임·애니메이션·VR의이해,10,3
2019,1,4,게임·애니메이션·VR의이해,11,2
2019,1,4,게임·애니메이션·VR의이해,12,3
2019,1,4,게임·애니메이션·VR의이해,13,1
2019,1,4,게임·애니메이션·VR의이해,14,4
2019,1,4,게임·애니메이션·VR의이해,15,2
2019,1,4,게임·애니메이션·VR의이해,16,1
2019,1,4,게임·애니메이션·VR의이해,17,2
2019,1,4,게임·애니메이션·VR의이해,18,4
2019,1,4,게임·애니메이션·VR의이해,19,2
2019,1,4,게임·애니메이션·VR의이해,20,3
2019,1,4,게임·애니메이션·VR의이해,21,1
2019,1,4,게임·애니메이션·VR의이해,22,4
2019,1,4,게임·애니메이션·VR의이해,23,2
2019,1,4,게임·애니메이션·VR의이해,24,4
2019,1,4,게임·애니메이션·VR의이해,25,2
2019,1,4,게임·애니메이션·VR의이해,26,3
2019,1,4,게임·애니메이션·VR의이해,27,2
2019,1,4,게임·애니메이션·VR의이해,28,1
2019,1,4,게임·애니메이션·VR의이해,29,4
2019,1,4,게임·애니메이션·VR의이해,30,4
2019,1,4,게임·애니메이션·VR의이해,31,3
2019,1,4,게임·애니메이션·VR의이해,32,3
2019,1,4,게임·애니메이션·VR의이해,33,2
2019,1,4,게임·애니메이션·VR의이해,34,1
2019,1,4,게임·애니메이션·VR의이해,35,3
2019,1,4,미디어비평,1,4
2019,1,4,미디어비평,2,3
2019,1,4,미디어비평,3,1
2019,1,4,미디어비평,4,2
2019,1,4,미디어비평,5,4
2019,1,4,미디어비평,6,1
2019,1,4,미디어비평,7,3
2019,1,4,미디어비평,8,4
2019,1,4,미디어비평,9,2
2019,1,4,미디어비평,10,3
2019,1,4,미디어비평,11,1
2019,1,4,미디어비평,12,2
2019,1,4,미디어비평,13,3
2019,1,4,미디어비평,14,4
2019,1,4,미디어비평,15,1
2019,1,4,미디어비평,16,2
2019,1,4,미디어비평,17,4
2019,1,4,미디어비평,18,3
2019,1,4,미디어비평,19,2
2019,1,4,미디어비평,20,1
2019,1,4,미디어비평,21,3
2019,1,4,미디어비평,22,4
2019,1,4,미디어비평,23,1
2019,1,4,미디어비평,24,2
2019,1,4,미디어비평,25,4
2019,1,4,미디어비평,26,2
2019,1,4,미디어비평,27,3
2019,1,4,미디어비평,28,1
2019,1,4,미디어비평,29,3
2019,1,4,미디어비평,30,2
2019,1,4,미디어비평,31,1
2019,1,4,미디어비평,32,4
2019,1,4,미디어비평,33,2
2019,1,4,미디어비평,34,3
2019,1,4,미디어비평,35,4
2019,1,4,매스컴영어,1,1
2019,1,4,매스컴영어,2,3
2019,1,4,매스컴영어,3,2
2019,1,4,매스컴영어,4,4
2019,1,4,매스컴영어,5,3
2019,1,4,매스컴영어,6,1
2019,1,4,매스컴영어,7,4
2019,1,4,매스컴영어,8,3
2019,1,4,매스컴영어,9,4
2019,1,4,매스컴영어,10,3
2019,1,4,매스컴영어,11,3
2019,1,4,매스컴영어,12,3
2019,1,4,매스컴영어,13,4
2019,1,4,매스컴영어,14,1
2019,1,4,매스컴영어,15,2
2019,1,4,매스컴영어,16,1
2019,1,4,매스컴영어,17,4
2019,1,4,매스컴영어,18,4
2019,1,4,매스컴영어,19,1
2019,1,4,매스컴영어,20,1
2019,1,4,매스컴영어,21,4
2019,1,4,매스컴영어,22,4
2019,1,4,매스컴영어,23,2
2019,1,4,매스컴영어,24,1
2019,1,4,매스컴영어,25,1
2019,1,4,매스컴영어,26,4
2019,1,4,매스컴영어,27,1
2019,1,4,매스컴영어,28,4
2019,1,4,매스컴영어,29,1
2019,1,4,매스컴영어,30,3
2019,1,4,매스컴영어,31,1
2019,1,4,매스컴영어,32,1
2019,1,4,매스컴영어,33,1
2019,1,4,매스컴영어,34,3
2019,1,4,매스컴영어,35,2
2019,1,4,미디어교육,1,3
2019,1,4,미디어교육,2,3
2019,1,4,미디어교육,3,1
2019,1,4,미디어교육,4,4
2019,1,4,미디어교육,5,3
2019,1,4,미디어교육,6,2
2019,1,4,미디어교육,7,1
2019,1,4,미디어교육,8,4
2019,1,4,미디어교육,9,3
2019,1,4,미디어교육,10,3
2019,1,4,미디어교육,11,3
2019,1,4,미디어교육,12,4
2019,1,4,미디어교육,13,1
2019,1,4,미디어교육,14,3
2019,1,4,미디어교육,15,1
2019,1,4,미디어교육,16,2
2019,1,4,미디어교육,17,4
2019,1,4,미디어교육,18,1
2019,1,4,미디어교육,19,4
2019,1,4,미디어교육,20,2
2019,1,4,미디어교육,21,2
2019,1,4,미디어교육,22,4
2019,1,4,미디어교육,23,1
2019,1,4,미디어교육,24,2
2019,1,4,미디어교육,25,3
2019,1,4,미디어교육,26,4
2019,1,4,미디어교육,27,1
2019,1,4,미디어교육,28,3
2019,1,4,미디어교육,29,3
2019,1,4,미디어교육,30,2
2019,1,4,미디어교육,31,4
2019,1,4,미디어교육,32,2
2019,1,4,미디어교육,33,1
2019,1,4,미디어교육,34,3
2019,1,4,미디어교육,35,3
2019,1,4,세계의음식∙음식의세계,1,3
2019,1,4,세계의음식∙음식의세계,2,2
2019,1,4,세계의음식∙음식의세계,3,2
2019,1,4,세계의음식∙음식의세계,4,1
2019,1,4,세계의음식∙음식의세계,5,4
2019,1,4,세계의음식∙음식의세계,6,1
2019,1,4,세계의음식∙음식의세계,7,4
2019,1,4,세계의음식∙음식의세계,8,3
2019,1,4,세계의음식∙음식의세계,9,4
2019,1,4,세계의음식∙음식의세계,10,3
2019,1,4,세계의음식∙음식의세계,11,2
2019,1,4,세계의음식∙음식의세계,12,1
2019,1,4,세계의음식∙음식의세계,13,1
2019,1,4,세계의음식∙음식의세계,14,4
2019,1,4,세계의음식∙음식의세계,15,1
2019,1,4,세계의음식∙음식의세계,16,3
2019,1,4,세계의음식∙음식의세계,17,4
2019,1,4,세계의음식∙음식의세계,18,3
2019,1,4,세계의음식∙음식의세계,19,1
2019,1,4,세계의음식∙음식의세계,20,2
2019,1,4,세계의음식∙음식의세계,21,1
2019,1,4,세계의음식∙음식의세계,22,1
2019,1,4,세계의음식∙음식의세계,23,3
2019,1,4,세계의음식∙음식의세계,24,3
2019,1,4,세계의음식∙음식의세계,25,4
2019,1,4,세계의음식∙음식의세계,26,2
2019,1,4,세계의음식∙음식의세계,27,4
2019,1,4,세계의음식∙음식의세계,28,4
2019,1,4,세계의음식∙음식의세계,29,3
2019,1,4,세계의음식∙음식의세계,30,2
2019,1,4,세계의음식∙음식의세계,31,1
2019,1,4,세계의음식∙음식의세계,32,2
2019,1,4,세계의음식∙음식의세계,33,2
2019,1,4,세계의음식∙음식의세계,34,4
2019,1,4,세계의음식∙음식의세계,35,2
2019,1,4,지역관광론,1,2
2019,1,4,지역관광론,2,3
2019,1,4,지역관광론,3,1
2019,1,4,지역관광론,4,4
2019,1,4,지역관광론,5,3
2019,1,4,지역관광론,6,2
2019,1,4,지역관광론,7,2
2019,1,4,지역관광론,8,1
2019,1,4,지역관광론,9,4
2019,1,4,지역관광론,10,2
2019,1,4,지역관광론,11,3
2019,1,4,지역관광론,12,3
2019,1,4,지역관광론,13,4
2019,1,4,지역관광론,14,1
2019,1,4,지역관광론,15,3
2019,1,4,지역관광론,16,2
2019,1,4,지역관광론,17,4
2019,1,4,지역관광론,18,3
2019,1,4,지역관광론,19,2
2019,1,4,지역관광론,20,1
2019,1,4,지역관광론,21,4
2019,1,4,지역관광론,22,3
2019,1,4,지역관광론,23,2
2019,1,4,지역관광론,24,3
2019,1,4,지역관광론,25,2
2019,1,4,지역관광론,26,1
2019,1,4,지역관광론,27,3
2019,1,4,지역관광론,28,4
2019,1,4,지역관광론,29,2
2019,1,4,지역관광론,30,4
2019,1,4,지역관광론,31,1
2019,1,4,지역관광론,32,1
2019,1,4,지역관광론,33,3
2019,1,4,지역관광론,34,4
2019,1,4,지역관광론,35,2
2019,1,4,여행일어,1,3
2019,1,4,여행일어,2,1
2019,1,4,여행일어,3,3
2019,1,4,여행일어,4,4
2019,1,4,여행일어,5,2
2019,1,4,여행일어,6,1
2019,1,4,여행일어,7,2
2019,1,4,여행일어,8,3
2019,1,4,여행일어,9,1
2019,1,4,여행일어,10,1
2019,1,4,여행일어,11,1
2019,1,4,여행일어,12,4
2019,1,4,여행일어,13,2
2019,1,4,여행일어,14,3
2019,1,4,여행일어,15,3
2019,1,4,여행일어,16,3
2019,1,4,여행일어,17,1
2019,1,4,여행일어,18,4
2019,1,4,여행일어,19,3
2019,1,4,여행일어,20,2
2019,1,4,여행일어,21,2
2019,1,4,여행일어,22,4
2019,1,4,여행일어,23,1
2019,1,4,여행일어,24,1
2019,1,4,여행일어,25,4
2019,1,4,여행일어,26,2
2019,1,4,여행일어,27,1
2019,1,4,여행일어,28,2
2019,1,4,여행일어,29,4
2019,1,4,여행일어,30,3
2019,1,4,여행일어,31,4
2019,1,4,여행일어,32,2
2019,1,4,여행일어,33,4
2019,1,4,여행일어,34,1
2019,1,4,여행일어,35,3
2019,1,4,사회복지실천기술론,1,3
2019,1,4,사회복지실천기술론,2,3
2019,1,4,사회복지실천기술론,3,1
2019,1,4,사회복지실천기술론,4,1
2019,1,4,사회복지실천기술론,5,4
2019,1,4,사회복지실천기술론,6,3
2019,1,4,사회복지실천기술론,7,1
2019,1,4,사회복지실천기술론,8,4
2019,1,4,사회복지실천기술론,9,3
2019,1,4,사회복지실천기술론,10,3
2019,1,4,사회복지실천기술론,11,4
2019,1,4,사회복지실천기술론,12,3
2019,1,4,사회복지실천기술론,13,4
2019,1,4,사회복지실천기술론,14,1
2019,1,4,사회복지실천기술론,15,2
2019,1,4,사회복지실천기술론,16,1
2019,1,4,사회복지실천기술론,17,3
2019,1,4,사회복지실천기술론,18,1
2019,1,4,사회복지실천기술론,19,2
2019,1,4,사회복지실천기술론,20,2
2019,1,4,사회복지실천기술론,21,1
2019,1,4,사회복지실천기술론,22,1
2019,1,4,사회복지실천기술론,23,"1,2,3,4"
2019,1,4,사회복지실천기술론,24,4
2019,1,4,사회복지실천기술론,25,1
2019,1,4,사회복지실천기술론,26,3
2019,1,4,사회복지실천기술론,27,2
2019,1,4,사회복지실천기술론,28,2
2019,1,4,사회복지실천기술론,29,2
2019,1,4,사회복지실천기술론,30,3
2019,1,4,사회복지실천기술론,31,1
2019,1,4,사회복지실천기술론,32,1
2019,1,4,사회복지실천기술론,33,2
2019,1,4,사회복지실천기술론,34,4
2019,1,4,사회복지실천기술론,35,3
2019,1,4,원예작물학2,1,2
2019,1,4,원예작물학2,2,4
2019,1,4,원예작물학2,3,3
2019,1,4,원예작물학2,4,"1,4"
2019,1,4,원예작물학2,5,3
2019,1,4,원예작물학2,6,1
2019,1,4,원예작물학2,7,"1,3"
2019,1,4,원예작물학2,8,2
2019,1,4,원예작물학2,9,3
2019,1,4,원예작물학2,10,4
2019,1,4,원예작물학2,11,1
2019,1,4,원예작물학2,12,2
2019,1,4,원예작물학2,13,4
2019,1,4,원예작물학2,14,1
2019,1,4,원예작물학2,15,4
2019,1,4,원예작물학2,16,1
2019,1,4,원예작물학2,17,3
2019,1,4,원예작물학2,18,3
2019,1,4,원예작물학2,19,4
2019,1,4,원예작물학2,20,4
2019,1,4,원예작물학2,21,"1,2,3,4"
2019,1,4,원예작물학2,22,2
2019,1,4,원예작물학2,23,4
2019,1,4,원예작물학2,24,4
2019,1,4,원예작물학2,25,4
2019,1,4,원예작물학2,26,1
2019,1,4,원예작물학2,27,3
2019,1,4,원예작물학2,28,4
2019,1,4,원예작물학2,29,1
2019,1,4,원예작물학2,30,1
2019,1,4,원예작물학2,31,2
2019,1,4,원예작물학2,32,3
2019,1,4,원예작물학2,33,3
2019,1,4,원예작물학2,34,3
2019,1,4,원예작물학2,35,1
2019,1,4,시설원예학,1,3
2019,1,4,시설원예학,2,2
2019,1,4,시설원예학,3,1
2019,1,4,시설원예학,4,4
2019,1,4,시설원예학,5,3
2019,1,4,시설원예학,6,4
2019,1,4,시설원예학,7,2
2019,1,4,시설원예학,8,1
2019,1,4,시설원예학,9,2
2019,1,4,시설원예학,10,3
2019,1,4,시설원예학,11,4
2019,1,4,시설원예학,12,3
2019,1,4,시설원예학,13,1
2019,1,4,시설원예학,14,2
2019,1,4,시설원예학,15,3
2019,1,4,시설원예학,16,2
2019,1,4,시설원예학,17,1
2019,1,4,시설원예학,18,4
2019,1,4,시설원예학,19,3
2019,1,4,시설원예학,20,2
2019,1,4,시설원예학,21,3
2019,1,4,시설원예학,22,2
2019,1,4,시설원예학,23,3
2019,1,4,시설원예학,24,4
2019,1,4,시설원예학,25,3
2019,1,4,시설원예학,26,4
2019,1,4,시설원예학,27,1
2019,1,4,시설원예학,28,4
2019,1,4,시설원예학,29,2
2019,1,4,시설원예학,30,1
2019,1,4,시설원예학,31,2
2019,1,4,시설원예학,32,1
2019,1,4,시설원예학,33,2
2019,1,4,시설원예학,34,4
2019,1,4,시설원예학,35,1
2019,1,4,동물사료학,1,2
2019,1,4,동물사료학,2,3
2019,1,4,동물사료학,3,1
2019,1,4,동물사료학,4,2
2019,1,4,동물사료학,5,4
2019,1,4,동물사료학,6,2
2019,1,4,동물사료학,7,3
2019,1,4,동물사료학,8,4
2019,1,4,동물사료학,9,1
2019,1,4,동물사료학,10,3
2019,1,4,동물사료학,11,1
2019,1,4,동물사료학,12,3
2019,1,4,동물사료학,13,3
2019,1,4,동물사료학,14,4
2019,1,4,동물사료학,15,3
2019,1,4,동물사료학,16,1
2019,1,4,동물사료학,17,2
2019,1,4,동물사료학,18,4
2019,1,4,동물사료학,19,3
2019,1,4,동물사료학,20,2
2019,1,4,동물사료학,21,3
2019,1,4,동물사료학,22,2
2019,1,4,동물사료학,23,4
2019,1,4,동물사료학,24,1
2019,1,4,동물사료학,25,3
2019,1,4,동물사료학,26,1
2019,1,4,동물사료학,27,4
2019,1,4,동물사료학,28,3
2019,1,4,동물사료학,29,1
2019,1,4,동물사료학,30,1
2019,1,4,동물사료학,31,3
2019,1,4,동물사료학,32,2
2019,1,4,동물사료학,33,1
2019,1,4,동물사료학,34,3
2019,1,4,동물사료학,35,4
2019,1,4,식용작물학2,1,3
2019,1,4,식용작물학2,2,4
2019,1,4,식용작물학2,3,3
2019,1,4,식용작물학2,4,1
2019,1,4,식용작물학2,5,3
2019,1,4,식용작물학2,6,1
2019,1,4,식용작물학2,7,2
2019,1,4,식용작물학2,8,1
2019,1,4,식용작물학2,9,1
2019,1,4,식용작물학2,10,1
2019,1,4,식용작물학2,11,2
2019,1,4,식용작물학2,12,4
2019,1,4,식용작물학2,13,1
2019,1,4,식용작물학2,14,4
2019,1,4,식용작물학2,15,2
2019,1,4,식용작물학2,16,4
2019,1,4,식용작물학2,17,2
2019,1,4,식용작물학2,18,2
2019,1,4,식용작물학2,19,2
2019,1,4,식용작물학2,20,4
2019,1,4,식용작물학2,21,1
2019,1,4,식용작물학2,22,3
2019,1,4,식용작물학2,23,1
2019,1,4,식용작물학2,24,4
2019,1,4,식용작물학2,25,1
2019,1,4,식용작물학2,26,1
2019,1,4,식용작물학2,27,2
2019,1,4,식용작물학2,28,1
2019,1,4,식용작물학2,29,2
2019,1,4,식용작물학2,30,1
2019,1,4,식용작물학2,31,1
2019,1,4,식용작물학2,32,3
2019,1,4,식용작물학2,33,4
2019,1,4,식용작물학2,34,3
2019,1,4,식용작물학2,35,4
2019,1,4,가족복지론,1,4
2019,1,4,가족복지론,2,2
2019,1,4,가족복지론,3,2
2019,1,4,가족복지론,4,4
2019,1,4,가족복지론,5,3
2019,1,4,가족복지론,6,1
2019,1,4,가족복지론,7,2
2019,1,4,가족복지론,8,"2,3"
2019,1,4,가족복지론,9,3
2019,1,4,가족복지론,10,4
2019,1,4,가족복지론,11,4
2019,1,4,가족복지론,12,1
2019,1,4,가족복지론,13,1
2019,1,4,가족복지론,14,3
2019,1,4,가족복지론,15,3
2019,1,4,가족복지론,16,4
2019,1,4,가족복지론,17,2
2019,1,4,가족복지론,18,1
2019,1,4,가족복지론,19,1
2019,1,4,가족복지론,20,3
2019,1,4,가족복지론,21,4
2019,1,4,가족복지론,22,1
2019,1,4,가족복지론,23,4
2019,1,4,가족복지론,24,2
2019,1,4,가족복지론,25,2
2019,1,4,가족복지론,26,1
2019,1,4,가족복지론,27,4
2019,1,4,가족복지론,28,3
2019,1,4,가족복지론,29,2
2019,1,4,가족복지론,30,1
2019,1,4,가족복지론,31,1
2019,1,4,가족복지론,32,2
2019,1,4,가족복지론,33,2
2019,1,4,가족복지론,34,3
2019,1,4,가족복지론,35,3
2019,1,4,의복과건강,1,2
2019,1,4,의복과건강,2,3
2019,1,4,의복과건강,3,4
2019,1,4,의복과건강,4,2
2019,1,4,의복과건강,5,4
2019,1,4,의복과건강,6,1
2019,1,4,의복과건강,7,1
2019,1,4,의복과건강,8,1
2019,1,4,의복과건강,9,1
2019,1,4,의복과건강,10,3
2019,1,4,의복과건강,11,3
2019,1,4,의복과건강,12,2
2019,1,4,의복과건강,13,1
2019,1,4,의복과건강,14,3
2019,1,4,의복과건강,15,2
2019,1,4,의복과건강,16,3
2019,1,4,의복과건강,17,1
2019,1,4,의복과건강,18,2
2019,1,4,의복과건강,19,3
2019,1,4,의복과건강,20,4
2019,1,4,의복과건강,21,3
2019,1,4,의복과건강,22,2
2019,1,4,의복과건강,23,2
2019,1,4,의복과건강,24,1
2019,1,4,의복과건강,25,2
2019,1,4,의복과건강,26,3
2019,1,4,의복과건강,27,4
2019,1,4,의복과건강,28,4
2019,1,4,의복과건강,29,4
2019,1,4,의복과건강,30,1
2019,1,4,의복과건강,31,2
2019,1,4,의복과건강,32,4
2019,1,4,의복과건강,33,1
2019,1,4,의복과건강,34,4
2019,1,4,의복과건강,35,3
2019,1,4,푸드마케팅,1,2
2019,1,4,푸드마케팅,2,1
2019,1,4,푸드마케팅,3,1
2019,1,4,푸드마케팅,4,4
2019,1,4,푸드마케팅,5,1
2019,1,4,푸드마케팅,6,4
2019,1,4,푸드마케팅,7,1
2019,1,4,푸드마케팅,8,2
2019,1,4,푸드마케팅,9,3
2019,1,4,푸드마케팅,10,4
2019,1,4,푸드마케팅,11,3
2019,1,4,푸드마케팅,12,1
2019,1,4,푸드마케팅,13,3
2019,1,4,푸드마케팅,14,4
2019,1,4,푸드마케팅,15,3
2019,1,4,푸드마케팅,16,2
2019,1,4,푸드마케팅,17,1
2019,1,4,푸드마케팅,18,3
2019,1,4,푸드마케팅,19,4
2019,1,4,푸드마케팅,20,1
2019,1,4,푸드마케팅,21,1
2019,1,4,푸드마케팅,22,2
2019,1,4,푸드마케팅,23,3
2019,1,4,푸드마케팅,24,2
2019,1,4,푸드마케팅,25,1
2019,1,4,푸드마케팅,26,3
2019,1,4,푸드마케팅,27,2
2019,1,4,푸드마케팅,28,3
2019,1,4,푸드마케팅,29,2
2019,1,4,푸드마케팅,30,4
2019,1,4,푸드마케팅,31,1
2019,1,4,푸드마케팅,32,4
2019,1,4,푸드마케팅,33,4
2019,1,4,푸드마케팅,34,3
2019,1,4,푸드마케팅,35,3
2019,1,4,가족생활교육,1,4
2019,1,4,가족생활교육,2,2
2019,1,4,가족생활교육,3,1
2019,1,4,가족생활교육,4,1
2019,1,4,가족생활교육,5,4
2019,1,4,가족생활교육,6,2
2019,1,4,가족생활교육,7,2
2019,1,4,가족생활교육,8,2
2019,1,4,가족생활교육,9,4
2019,1,4,가족생활교육,10,3
2019,1,4,가족생활교육,11,3
2019,1,4,가족생활교육,12,4
2019,1,4,가족생활교육,13,2
2019,1,4,가족생활교육,14,4
2019,1,4,가족생활교육,15,1
2019,1,4,가족생활교육,16,2
2019,1,4,가족생활교육,17,4
2019,1,4,가족생활교육,18,3
2019,1,4,가족생활교육,19,2
2019,1,4,가족생활교육,20,3
2019,1,4,가족생활교육,21,1
2019,1,4,가족생활교육,22,1
2019,1,4,가족생활교육,23,3
2019,1,4,가족생활교육,24,4
2019,1,4,가족생활교육,25,4
2019,1,4,가족생활교육,26,2
2019,1,4,가족생활교육,27,2
2019,1,4,가족생활교육,28,3
2019,1,4,가족생활교육,29,4
2019,1,4,가족생활교육,30,4
2019,1,4,가족생활교육,31,4
2019,1,4,가족생활교육,32,3
2019,1,4,가족생활교육,33,4
2019,1,4,가족생활교육,34,1
2019,1,4,가족생활교육,35,1
2019,1,4,주거관리,1,3
2019,1,4,주거관리,2,1
2019,1,4,주거관리,3,2
2019,1,4,주거관리,4,1
2019,1,4,주거관리,5,4
2019,1,4,주거관리,6,1
2019,1,4,주거관리,7,2
2019,1,4,주거관리,8,2
2019,1,4,주거관리,9,3
2019,1,4,주거관리,10,4
2019,1,4,주거관리,11,1
2019,1,4,주거관리,12,2
2019,1,4,주거관리,13,3
2019,1,4,주거관리,14,2
2019,1,4,주거관리,15,1
2019,1,4,주거관리,16,1
2019,1,4,주거관리,17,4
2019,1,4,주거관리,18,4
2019,1,4,주거관리,19,2
2019,1,4,주거관리,20,3
2019,1,4,주거관리,21,3
2019,1,4,주거관리,22,4
2019,1,4,주거관리,23,1
2019,1,4,주거관리,24,2
2019,1,4,주거관리,25,3
2019,1,4,주거관리,26,3
2019,1,4,주거관리,27,4
2019,1,4,주거관리,28,3
2019,1,4,주거관리,29,3
2019,1,4,주거관리,30,2
2019,1,4,주거관리,31,1
2019,1,4,주거관리,32,2
2019,1,4,주거관리,33,1
2019,1,4,주거관리,34,3
2019,1,4,주거관리,35,2
2019,1,4,영양교육및상담,1,2
2019,1,4,영양교육및상담,2,2
2019,1,4,영양교육및상담,3,4
2019,1,4,영양교육및상담,4,4
2019,1,4,영양교육및상담,5,3
2019,1,4,영양교육및상담,6,1
2019,1,4,영양교육및상담,7,1
2019,1,4,영양교육및상담,8,1
2019,1,4,영양교육및상담,9,3
2019,1,4,영양교육및상담,10,1
2019,1,4,영양교육및상담,11,3
2019,1,4,영양교육및상담,12,3
2019,1,4,영양교육및상담,13,1
2019,1,4,영양교육및상담,14,1
2019,1,4,영양교육및상담,15,2
2019,1,4,영양교육및상담,16,4
2019,1,4,영양교육및상담,17,1
2019,1,4,영양교육및상담,18,4
2019,1,4,영양교육및상담,19,2
2019,1,4,영양교육및상담,20,3
2019,1,4,영양교육및상담,21,3
2019,1,4,영양교육및상담,22,2
2019,1,4,영양교육및상담,23,4
2019,1,4,영양교육및상담,24,1
2019,1,4,영양교육및상담,25,2
2019,1,4,영양교육및상담,26,3
2019,1,4,영양교육및상담,27,1
2019,1,4,영양교육및상담,28,4
2019,1,4,영양교육및상담,29,3
2019,1,4,영양교육및상담,30,2
2019,1,4,영양교육및상담,31,4
2019,1,4,영양교육및상담,32,1
2019,1,4,영양교육및상담,33,3
2019,1,4,영양교육및상담,34,1
2019,1,4,영양교육및상담,35,2
2019,1,4,식품가공및저장학,1,3
2019,1,4,식품가공및저장학,2,4
2019,1,4,식품가공및저장학,3,2
2019,1,4,식품가공및저장학,4,2
2019,1,4,식품가공및저장학,5,1
2019,1,4,식품가공및저장학,6,4
2019,1,4,식품가공및저장학,7,3
2019,1,4,식품가공및저장학,8,4
2019,1,4,식품가공및저장학,9,1
2019,1,4,식품가공및저장학,10,1
2019,1,4,식품가공및저장학,11,2
2019,1,4,식품가공및저장학,12,1
2019,1,4,식품가공및저장학,13,3
2019,1,4,식품가공및저장학,14,3
2019,1,4,식품가공및저장학,15,3
2019,1,4,식품가공및저장학,16,2
2019,1,4,식품가공및저장학,17,2
2019,1,4,식품가공및저장학,18,1
2019,1,4,식품가공및저장학,19,4
2019,1,4,식품가공및저장학,20,2
2019,1,4,식품가공및저장학,21,3
2019,1,4,식품가공및저장학,22,2
2019,1,4,식품가공및저장학,23,1
2019,1,4,식품가공및저장학,24,3
2019,1,4,식품가공및저장학,25,3
2019,1,4,식품가공및저장학,26,4
2019,1,4,식품가공및저장학,27,1
2019,1,4,식품가공및저장학,28,2
2019,1,4,식품가공및저장학,29,1
2019,1,4,식품가공및저장학,30,4
2019,1,4,식품가공및저장학,31,4
2019,1,4,식품가공및저장학,32,3
2019,1,4,식품가공및저장학,33,4
2019,1,4,식품가공및저장학,34,1
2019,1,4,식품가공및저장학,35,2
2019,1,4,패션디자인활용,1,4
2019,1,4,패션디자인활용,2,2
2019,1,4,패션디자인활용,3,1
2019,1,4,패션디자인활용,4,3
2019,1,4,패션디자인활용,5,2
2019,1,4,패션디자인활용,6,2
2019,1,4,패션디자인활용,7,1
2019,1,4,패션디자인활용,8,2
2019,1,4,패션디자인활용,9,4
2019,1,4,패션디자인활용,10,1
2019,1,4,패션디자인활용,11,2
2019,1,4,패션디자인활용,12,3
2019,1,4,패션디자인활용,13,4
2019,1,4,패션디자인활용,14,3
2019,1,4,패션디자인활용,15,1
2019,1,4,패션디자인활용,16,3
2019,1,4,패션디자인활용,17,4
2019,1,4,패션디자인활용,18,2
2019,1,4,패션디자인활용,19,3
2019,1,4,패션디자인활용,20,1
2019,1,4,패션디자인활용,21,4
2019,1,4,패션디자인활용,22,2
2019,1,4,패션디자인활용,23,1
2019,1,4,패션디자인활용,24,2
2019,1,4,패션디자인활용,25,4
2019,1,4,패션디자인활용,26,2
2019,1,4,패션디자인활용,27,1
2019,1,4,패션디자인활용,28,4
2019,1,4,패션디자인활용,29,2
2019,1,4,패션디자인활용,30,3
2019,1,4,패션디자인활용,31,2
2019,1,4,패션디자인활용,32,4
2019,1,4,패션디자인활용,33,2
2019,1,4,패션디자인활용,34,1
2019,1,4,패션디자인활용,35,4
2019,1,4,패션창업,1,4
2019,1,4,패션창업,2,2
2019,1,4,패션창업,3,4
2019,1,4,패션창업,4,3
2019,1,4,패션창업,5,1
2019,1,4,패션창업,6,2
2019,1,4,패션창업,7,1
2019,1,4,패션창업,8,2
2019,1,4,패션창업,9,3
2019,1,4,패션창업,10,4
2019,1,4,패션창업,11,2
2019,1,4,패션창업,12,3
2019,1,4,패션창업,13,1
2019,1,4,패션창업,14,2
2019,1,4,패션창업,15,4
2019,1,4,패션창업,16,2
2019,1,4,패션창업,17,4
2019,1,4,패션창업,18,2
2019,1,4,패션창업,19,4
2019,1,4,패션창업,20,1
2019,1,4,패션창업,21,2
2019,1,4,패션창업,22,2
2019,1,4,패션창업,23,4
2019,1,4,패션창업,24,1
2019,1,4,패션창업,25,2
2019,1,4,패션창업,26,3
2019,1,4,패션창업,27,4
2019,1,4,패션창업,28,2
2019,1,4,패션창업,29,3
2019,1,4,패션창업,30,4
2019,1,4,패션창업,31,1
2019,1,4,패션창업,32,3
2019,1,4,패션창업,33,1
2019,1,4,패션창업,34,4
2019,1,4,패션창업,35,3
2019,1,4,조리과학,1,3
2019,1,4,조리과학,2,1
2019,1,4,조리과학,3,3
2019,1,4,조리과학,4,1
2019,1,4,조리과학,5,2
2019,1,4,조리과학,6,1
2019,1,4,조리과학,7,4
2019,1,4,조리과학,8,"3,4"
2019,1,4,조리과학,9,2
2019,1,4,조리과학,10,1
2019,1,4,조리과학,11,4
2019,1,4,조리과학,12,1
2019,1,4,조리과학,13,3
2019,1,4,조리과학,14,2
2019,1,4,조리과학,15,3
2019,1,4,조리과학,16,"3,4"
2019,1,4,조리과학,17,3
2019,1,4,조리과학,18,1
2019,1,4,조리과학,19,3
2019,1,4,조리과학,20,1
2019,1,4,조리과학,21,4
2019,1,4,조리과학,22,1
2019,1,4,조리과학,23,2
2019,1,4,조리과학,24,1
2019,1,4,조리과학,25,1
2019,1,4,조리과학,26,2
2019,1,4,조리과학,27,1
2019,1,4,조리과학,28,4
2019,1,4,조리과학,29,2
2019,1,4,조리과학,30,1
2019,1,4,조리과학,31,4
2019,1,4,조리과학,32,2
2019,1,4,조리과학,33,2
2019,1,4,조리과학,34,1
2019,1,4,조리과학,35,3
2019,1,4,식사요법,1,3
2019,1,4,식사요법,2,4
2019,1,4,식사요법,3,2
2019,1,4,식사요법,4,2
2019,1,4,식사요법,5,3
2019,1,4,식사요법,6,3
2019,1,4,식사요법,7,3
2019,1,4,식사요법,8,4
2019,1,4,식사요법,9,4
2019,1,4,식사요법,10,1
2019,1,4,식사요법,11,1
2019,1,4,식사요법,12,2
2019,1,4,식사요법,13,1
2019,1,4,식사요법,14,3
2019,1,4,식사요법,15,4
2019,1,4,식사요법,16,3
2019,1,4,식사요법,17,2
2019,1,4,식사요법,18,4
2019,1,4,식사요법,19,1
2019,1,4,식사요법,20,3
2019,1,4,식사요법,21,1
2019,1,4,식사요법,22,1
2019,1,4,식사요법,23,1
2019,1,4,식사요법,24,1
2019,1,4,식사요법,25,3
2019,1,4,식사요법,26,2
2019,1,4,식사요법,27,3
2019,1,4,식사요법,28,1
2019,1,4,식사요법,29,2
2019,1,4,식사요법,30,1
2019,1,4,식사요법,31,3
2019,1,4,식사요법,32,4
2019,1,4,식사요법,33,3
2019,1,4,식사요법,34,4
2019,1,4,식사요법,35,1
2019,1,4,모바일앱프로그래밍,1,1
2019,1,4,모바일앱프로그래밍,2,3
2019,1,4,모바일앱프로그래밍,3,3
2019,1,4,모바일앱프로그래밍,4,1
2019,1,4,모바일앱프로그래밍,5,4
2019,1,4,모바일앱프로그래밍,6,1
2019,1,4,모바일앱프로그래밍,7,2
2019,1,4,모바일앱프로그래밍,8,1
2019,1,4,모바일앱프로그래밍,9,1
2019,1,4,모바일앱프로그래밍,10,4
2019,1,4,모바일앱프로그래밍,11,4
2019,1,4,모바일앱프로그래밍,12,4
2019,1,4,모바일앱프로그래밍,13,2
2019,1,4,모바일앱프로그래밍,14,4
2019,1,4,모바일앱프로그래밍,15,2
2019,1,4,모바일앱프로그래밍,16,1
2019,1,4,모바일앱프로그래밍,17,1
2019,1,4,모바일앱프로그래밍,18,2
2019,1,4,모바일앱프로그래밍,19,1
2019,1,4,모바일앱프로그래밍,20,3
2019,1,4,모바일앱프로그래밍,21,3
2019,1,4,모바일앱프로그래밍,22,1
2019,1,4,모바일앱프로그래밍,23,3
2019,1,4,모바일앱프로그래밍,24,2
2019,1,4,모바일앱프로그래밍,25,4
2019,1,4,정보통신망,1,2
2019,1,4,정보통신망,2,3
2019,1,4,정보통신망,3,1
2019,1,4,정보통신망,4,4
2019,1,4,정보통신망,5,4
2019,1,4,정보통신망,6,3
2019,1,4,정보통신망,7,2
2019,1,4,정보통신망,8,1
2019,1,4,정보통신망,9,4
2019,1,4,정보통신망,10,2
2019,1,4,정보통신망,11,3
2019,1,4,정보통신망,12,3
2019,1,4,정보통신망,13,4
2019,1,4,정보통신망,14,2
2019,1,4,정보통신망,15,3
2019,1,4,정보통신망,16,1
2019,1,4,정보통신망,17,3
2019,1,4,정보통신망,18,2
2019,1,4,정보통신망,19,4
2019,1,4,정보통신망,20,1
2019,1,4,정보통신망,21,1
2019,1,4,정보통신망,22,2
2019,1,4,정보통신망,23,4
2019,1,4,정보통신망,24,3
2019,1,4,정보통신망,25,4
2019,1,4,정보통신망,26,2
2019,1,4,정보통신망,27,2
2019,1,4,정보통신망,28,4
2019,1,4,정보통신망,29,1
2019,1,4,정보통신망,30,3
2019,1,4,정보통신망,31,3
2019,1,4,정보통신망,32,1
2019,1,4,정보통신망,33,2
2019,1,4,정보통신망,34,4
2019,1,4,정보통신망,35,1
2019,1,4,컴퓨터그래픽스,1,2
2019,1,4,컴퓨터그래픽스,2,1
2019,1,4,컴퓨터그래픽스,3,1
2019,1,4,컴퓨터그래픽스,4,2
2019,1,4,컴퓨터그래픽스,5,3
2019,1,4,컴퓨터그래픽스,6,4
2019,1,4,컴퓨터그래픽스,7,3
2019,1,4,컴퓨터그래픽스,8,1
2019,1,4,컴퓨터그래픽스,9,4
2019,1,4,컴퓨터그래픽스,10,3
2019,1,4,컴퓨터그래픽스,11,4
2019,1,4,컴퓨터그래픽스,12,3
2019,1,4,컴퓨터그래픽스,13,2
2019,1,4,컴퓨터그래픽스,14,4
2019,1,4,컴퓨터그래픽스,15,2
2019,1,4,컴퓨터그래픽스,16,3
2019,1,4,컴퓨터그래픽스,17,1
2019,1,4,컴퓨터그래픽스,18,2
2019,1,4,컴퓨터그래픽스,19,4
2019,1,4,컴퓨터그래픽스,20,1
2019,1,4,컴퓨터그래픽스,21,4
2019,1,4,컴퓨터그래픽스,22,3
2019,1,4,컴퓨터그래픽스,23,2
2019,1,4,컴퓨터그래픽스,24,3
2019,1,4,컴퓨터그래픽스,25,1
2019,1,4,소프트웨어공학,1,3
2019,1,4,소프트웨어공학,2,2
2019,1,4,소프트웨어공학,3,"1,4"
2019,1,4,소프트웨어공학,4,3
2019,1,4,소프트웨어공학,5,4
2019,1,4,소프트웨어공학,6,2
2019,1,4,소프트웨어공학,7,2
2019,1,4,소프트웨어공학,8,1
2019,1,4,소프트웨어공학,9,2
2019,1,4,소프트웨어공학,10,4
2019,1,4,소프트웨어공학,11,2
2019,1,4,소프트웨어공학,12,3
2019,1,4,소프트웨어공학,13,1
2019,1,4,소프트웨어공학,14,4
2019,1,4,소프트웨어공학,15,1
2019,1,4,소프트웨어공학,16,2
2019,1,4,소프트웨어공학,17,4
2019,1,4,소프트웨어공학,18,3
2019,1,4,소프트웨어공학,19,2
2019,1,4,소프트웨어공학,20,4
2019,1,4,소프트웨어공학,21,2
2019,1,4,소프트웨어공학,22,4
2019,1,4,소프트웨어공학,23,4
2019,1,4,소프트웨어공학,24,1
2019,1,4,소프트웨어공학,25,2
2019,1,4,소프트웨어공학,26,3
2019,1,4,소프트웨어공학,27,2
2019,1,4,소프트웨어공학,28,4
2019,1,4,소프트웨어공학,29,4
2019,1,4,소프트웨어공학,30,1
2019,1,4,소프트웨어공학,31,2
2019,1,4,소프트웨어공학,32,1
2019,1,4,소프트웨어공학,33,3
2019,1,4,소프트웨어공학,34,3
2019,1,4,소프트웨어공학,35,1
2019,1,4,컴퓨터보안,1,1
2019,1,4,컴퓨터보안,2,2
2019,1,4,컴퓨터보안,3,1
2019,1,4,컴퓨터보안,4,4
2019,1,4,컴퓨터보안,5,4
2019,1,4,컴퓨터보안,6,3
2019,1,4,컴퓨터보안,7,4
2019,1,4,컴퓨터보안,8,3
2019,1,4,컴퓨터보안,9,1
2019,1,4,컴퓨터보안,10,2
2019,1,4,컴퓨터보안,11,4
2019,1,4,컴퓨터보안,12,4
2019,1,4,컴퓨터보안,13,2
2019,1,4,컴퓨터보안,14,1
2019,1,4,컴퓨터보안,15,1
2019,1,4,컴퓨터보안,16,4
2019,1,4,컴퓨터보안,17,2
2019,1,4,컴퓨터보안,18,2
2019,1,4,컴퓨터보안,19,4
2019,1,4,컴퓨터보안,20,3
2019,1,4,컴퓨터보안,21,3
2019,1,4,컴퓨터보안,22,3
2019,1,4,컴퓨터보안,23,2
2019,1,4,컴퓨터보안,24,3
2019,1,4,컴퓨터보안,25,1
2019,1,4,통계학의개념및제문제,1,3
2019,1,4,통계학의개념및제문제,2,1
2019,1,4,통계학의개념및제문제,3,4
2019,1,4,통계학의개념및제문제,4,2
2019,1,4,통계학의개념및제문제,5,3
2019,1,4,통계학의개념및제문제,6,1
2019,1,4,통계학의개념및제문제,7,2
2019,1,4,통계학의개념및제문제,8,3
2019,1,4,통계학의개념및제문제,9,3
2019,1,4,통계학의개념및제문제,10,2
2019,1,4,통계학의개념및제문제,11,2
2019,1,4,통계학의개념및제문제,12,4
2019,1,4,통계학의개념및제문제,13,1
2019,1,4,통계학의개념및제문제,14,4
2019,1,4,통계학의개념및제문제,15,1
2019,1,4,통계학의개념및제문제,16,2
2019,1,4,통계학의개념및제문제,17,1
2019,1,4,통계학의개념및제문제,18,3
2019,1,4,통계학의개념및제문제,19,3
2019,1,4,통계학의개념및제문제,20,4
2019,1,4,통계학의개념및제문제,21,4
2019,1,4,통계학의개념및제문제,22,1
2019,1,4,통계학의개념및제문제,23,4
2019,1,4,통계학의개념및제문제,24,3
2019,1,4,통계학의개념및제문제,25,1
2019,1,4,다변량분석,1,3
2019,1,4,다변량분석,2,1
2019,1,4,다변량분석,3,2
2019,1,4,다변량분석,4,2
2019,1,4,다변량분석,5,2
2019,1,4,다변량분석,6,4
2019,1,4,다변량분석,7,4
2019,1,4,다변량분석,8,2
2019,1,4,다변량분석,9,3
2019,1,4,다변량분석,10,1
2019,1,4,다변량분석,11,3
2019,1,4,다변량분석,12,2
2019,1,4,다변량분석,13,3
2019,1,4,다변량분석,14,3
2019,1,4,다변량분석,15,2
2019,1,4,다변량분석,16,1
2019,1,4,다변량분석,17,2
2019,1,4,다변량분석,18,4
2019,1,4,다변량분석,19,2
2019,1,4,다변량분석,20,3
2019,1,4,다변량분석,21,1
2019,1,4,다변량분석,22,4
2019,1,4,다변량분석,23,4
2019,1,4,다변량분석,24,3
2019,1,4,다변량분석,25,1
2019,1,4,예측방법론,1,2
2019,1,4,예측방법론,2,1
2019,1,4,예측방법론,3,3
2019,1,4,예측방법론,4,1
2019,1,4,예측방법론,5,2
2019,1,4,예측방법론,6,4
2019,1,4,예측방법론,7,4
2019,1,4,예측방법론,8,1
2019,1,4,예측방법론,9,3
2019,1,4,예측방법론,10,1
2019,1,4,예측방법론,11,1
2019,1,4,예측방법론,12,3
2019,1,4,예측방법론,13,3
2019,1,4,예측방법론,14,1
2019,1,4,예측방법론,15,4
2019,1,4,예측방법론,16,3
2019,1,4,예측방법론,17,4
2019,1,4,예측방법론,18,4
2019,1,4,예측방법론,19,3
2019,1,4,예측방법론,20,2
2019,1,4,예측방법론,21,2
2019,1,4,예측방법론,22,1
2019,1,4,예측방법론,23,3
2019,1,4,예측방법론,24,1
2019,1,4,예측방법론,25,2
2019,1,4,신뢰성공학,1,2
2019,1,4,신뢰성공학,2,3
2019,1,4,신뢰성공학,3,1
2019,1,4,신뢰성공학,4,4
2019,1,4,신뢰성공학,5,3
2019,1,4,신뢰성공학,6,3
2019,1,4,신뢰성공학,7,1
2019,1,4,신뢰성공학,8,4
2019,1,4,신뢰성공학,9,2
2019,1,4,신뢰성공학,10,3
2019,1,4,신뢰성공학,11,1
2019,1,4,신뢰성공학,12,2
2019,1,4,신뢰성공학,13,4
2019,1,4,신뢰성공학,14,2
2019,1,4,신뢰성공학,15,2
2019,1,4,신뢰성공학,16,4
2019,1,4,신뢰성공학,17,4
2019,1,4,신뢰성공학,18,3
2019,1,4,신뢰성공학,19,1
2019,1,4,신뢰성공학,20,3
2019,1,4,신뢰성공학,21,1
2019,1,4,신뢰성공학,22,4
2019,1,4,신뢰성공학,23,4
2019,1,4,신뢰성공학,24,3
2019,1,4,신뢰성공학,25,2
2019,1,4,보건의사소통,1,3
2019,1,4,보건의사소통,2,1
2019,1,4,보건의사소통,3,3
2019,1,4,보건의사소통,4,1
2019,1,4,보건의사소통,5,4
2019,1,4,보건의사소통,6,1
2019,1,4,보건의사소통,7,3
2019,1,4,보건의사소통,8,1
2019,1,4,보건의사소통,9,2
2019,1,4,보건의사소통,10,2
2019,1,4,보건의사소통,11,1
2019,1,4,보건의사소통,12,4
2019,1,4,보건의사소통,13,2
2019,1,4,보건의사소통,14,4
2019,1,4,보건의사소통,15,2
2019,1,4,보건의사소통,16,3
2019,1,4,보건의사소통,17,4
2019,1,4,보건의사소통,18,4
2019,1,4,보건의사소통,19,1
2019,1,4,보건의사소통,20,3
2019,1,4,보건의사소통,21,4
2019,1,4,보건의사소통,22,1
2019,1,4,보건의사소통,23,4
2019,1,4,보건의사소통,24,4
2019,1,4,보건의사소통,25,4
2019,1,4,보건의사소통,26,4
2019,1,4,보건의사소통,27,2
2019,1,4,보건의사소통,28,2
2019,1,4,보건의사소통,29,4
2019,1,4,보건의사소통,30,3
2019,1,4,보건의사소통,31,2
2019,1,4,보건의사소통,32,4
2019,1,4,보건의사소통,33,3
2019,1,4,보건의사소통,34,4
2019,1,4,보건의사소통,35,3
2019,1,4,유해폐기물관리,1,3
2019,1,4,유해폐기물관리,2,4
2019,1,4,유해폐기물관리,3,4
2019,1,4,유해폐기물관리,4,4
2019,1,4,유해폐기물관리,5,2
2019,1,4,유해폐기물관리,6,1
2019,1,4,유해폐기물관리,7,2
2019,1,4,유해폐기물관리,8,1
2019,1,4,유해폐기물관리,9,3
2019,1,4,유해폐기물관리,10,4
2019,1,4,유해폐기물관리,11,1
2019,1,4,유해폐기물관리,12,2
2019,1,4,유해폐기물관리,13,4
2019,1,4,유해폐기물관리,14,3
2019,1,4,유해폐기물관리,15,2
2019,1,4,유해폐기물관리,16,2
2019,1,4,유해폐기물관리,17,2
2019,1,4,유해폐기물관리,18,4
2019,1,4,유해폐기물관리,19,3
2019,1,4,유해폐기물관리,20,4
2019,1,4,유해폐기물관리,21,3
2019,1,4,유해폐기물관리,22,3
2019,1,4,유해폐기물관리,23,2
2019,1,4,유해폐기물관리,24,4
2019,1,4,유해폐기물관리,25,4
2019,1,4,유해폐기물관리,26,4
2019,1,4,유해폐기물관리,27,2
2019,1,4,유해폐기물관리,28,4
2019,1,4,유해폐기물관리,29,4
2019,1,4,유해폐기물관리,30,4
2019,1,4,유해폐기물관리,31,2
2019,1,4,유해폐기물관리,32,4
2019,1,4,유해폐기물관리,33,1
2019,1,4,유해폐기물관리,34,3
2019,1,4,유해폐기물관리,35,2
2019,1,4,환경보건역학,1,1
2019,1,4,환경보건역학,2,3
2019,1,4,환경보건역학,3,1
2019,1,4,환경보건역학,4,4
2019,1,4,환경보건역학,5,4
2019,1,4,환경보건역학,6,2
2019,1,4,환경보건역학,7,2
2019,1,4,환경보건역학,8,2
2019,1,4,환경보건역학,9,4
2019,1,4,환경보건역학,10,4
2019,1,4,환경보건역학,11,3
2019,1,4,환경보건역학,12,2
2019,1,4,환경보건역학,13,1
2019,1,4,환경보건역학,14,2
2019,1,4,환경보건역학,15,3
2019,1,4,환경보건역학,16,4
2019,1,4,환경보건역학,17,3
2019,1,4,환경보건역학,18,4
2019,1,4,환경보건역학,19,1
2019,1,4,환경보건역학,20,4
2019,1,4,환경보건역학,21,4
2019,1,4,환경보건역학,22,1
2019,1,4,환경보건역학,23,3
2019,1,4,환경보건역학,24,2
2019,1,4,환경보건역학,25,4
2019,1,4,환경보건역학,26,2
2019,1,4,환경보건역학,27,4
2019,1,4,환경보건역학,28,1
2019,1,4,환경보건역학,29,3
2019,1,4,환경보건역학,30,1
2019,1,4,환경보건역학,31,3
2019,1,4,환경보건역학,32,4
2019,1,4,환경보건역학,33,1
2019,1,4,환경보건역학,34,1
2019,1,4,환경보건역학,35,3
2019,1,4,산업독성학,1,3
2019,1,4,산업독성학,2,1
2019,1,4,산업독성학,3,3
2019,1,4,산업독성학,4,4
2019,1,4,산업독성학,5,1
2019,1,4,산업독성학,6,4
2019,1,4,산업독성학,7,4
2019,1,4,산업독성학,8,4
2019,1,4,산업독성학,9,1
2019,1,4,산업독성학,10,2
2019,1,4,산업독성학,11,4
2019,1,4,산업독성학,12,1
2019,1,4,산업독성학,13,4
2019,1,4,산업독성학,14,3
2019,1,4,산업독성학,15,4
2019,1,4,산업독성학,16,3
2019,1,4,산업독성학,17,1
2019,1,4,산업독성학,18,4
2019,1,4,산업독성학,19,3
2019,1,4,산업독성학,20,2
2019,1,4,산업독성학,21,1
2019,1,4,산업독성학,22,4
2019,1,4,산업독성학,23,2
2019,1,4,산업독성학,24,4
2019,1,4,산업독성학,25,3
2019,1,4,산업독성학,26,3
2019,1,4,산업독성학,27,2
2019,1,4,산업독성학,28,3
2019,1,4,산업독성학,29,2
2019,1,4,산업독성학,30,1
2019,1,4,산업독성학,31,4
2019,1,4,산업독성학,32,1
2019,1,4,산업독성학,33,3
2019,1,4,산업독성학,34,1
2019,1,4,산업독성학,35,2
2019,1,4,생활과건강,1,3
2019,1,4,생활과건강,2,2
2019,1,4,생활과건강,3,4
2019,1,4,생활과건강,4,4
2019,1,4,생활과건강,5,4
2019,1,4,생활과건강,6,2
2019,1,4,생활과건강,7,4
2019,1,4,생활과건강,8,1
2019,1,4,생활과건강,9,4
2019,1,4,생활과건강,10,4
2019,1,4,생활과건강,11,4
2019,1,4,생활과건강,12,2
2019,1,4,생활과건강,13,4
2019,1,4,생활과건강,14,2
2019,1,4,생활과건강,15,1
2019,1,4,생활과건강,16,3
2019,1,4,생활과건강,17,1
2019,1,4,생활과건강,18,1
2019,1,4,생활과건강,19,2
2019,1,4,생활과건강,20,4
2019,1,4,생활과건강,21,1
2019,1,4,생활과건강,22,2
2019,1,4,생활과건강,23,1
2019,1,4,생활과건강,24,4
2019,1,4,생활과건강,25,1
2019,1,4,생활과건강,26,1
2019,1,4,생활과건강,27,"1,2,3,4"
2019,1,4,생활과건강,28,1
2019,1,4,생활과건강,29,3
2019,1,4,생활과건강,30,2
2019,1,4,생활과건강,31,3
2019,1,4,생활과건강,32,2
2019,1,4,생활과건강,33,1
2019,1,4,생활과건강,34,4
2019,1,4,생활과건강,35,3
2019,1,4,보건교육,1,1
2019,1,4,보건교육,2,2
2019,1,4,보건교육,3,1
2019,1,4,보건교육,4,3
2019,1,4,보건교육,5,4
2019,1,4,보건교육,6,4
2019,1,4,보건교육,7,4
2019,1,4,보건교육,8,4
2019,1,4,보건교육,9,3
2019,1,4,보건교육,10,4
2019,1,4,보건교육,11,4
2019,1,4,보건교육,12,1
2019,1,4,보건교육,13,2
2019,1,4,보건교육,14,1
2019,1,4,보건교육,15,3
2019,1,4,보건교육,16,4
2019,1,4,보건교육,17,4
2019,1,4,보건교육,18,1
2019,1,4,보건교육,19,4
2019,1,4,보건교육,20,1
2019,1,4,보건교육,21,3
2019,1,4,보건교육,22,2
2019,1,4,보건교육,23,3
2019,1,4,보건교육,24,3
2019,1,4,보건교육,25,4
2019,1,4,보건교육,26,3
2019,1,4,보건교육,27,4
2019,1,4,보건교육,28,1
2019,1,4,보건교육,29,3
2019,1,4,보건교육,30,3
2019,1,4,보건교육,31,2
2019,1,4,보건교육,32,4
2019,1,4,보건교육,33,4
2019,1,4,보건교육,34,3
2019,1,4,보건교육,35,1
2019,1,4,청소년건강과간호,1,4
2019,1,4,청소년건강과간호,2,2
2019,1,4,청소년건강과간호,3,4
2019,1,4,청소년건강과간호,4,2
2019,1,4,청소년건강과간호,5,3
2019,1,4,청소년건강과간호,6,3
2019,1,4,청소년건강과간호,7,4
2019,1,4,청소년건강과간호,8,4
2019,1,4,청소년건강과간호,9,4
2019,1,4,청소년건강과간호,10,3
2019,1,4,청소년건강과간호,11,4
2019,1,4,청소년건강과간호,12,4
2019,1,4,청소년건강과간호,13,4
2019,1,4,청소년건강과간호,14,1
2019,1,4,청소년건강과간호,15,1
2019,1,4,청소년건강과간호,16,4
2019,1,4,청소년건강과간호,17,3
2019,1,4,청소년건강과간호,18,4
2019,1,4,청소년건강과간호,19,4
2019,1,4,청소년건강과간호,20,1
2019,1,4,청소년건강과간호,21,2
2019,1,4,청소년건강과간호,22,4
2019,1,4,청소년건강과간호,23,2
2019,1,4,청소년건강과간호,24,2
2019,1,4,청소년건강과간호,25,1
2019,1,4,청소년건강과간호,26,3
2019,1,4,청소년건강과간호,27,1
2019,1,4,청소년건강과간호,28,2
2019,1,4,청소년건강과간호,29,1
2019,1,4,청소년건강과간호,30,3
2019,1,4,청소년건강과간호,31,2
2019,1,4,청소년건강과간호,32,3
2019,1,4,청소년건강과간호,33,1
2019,1,4,청소년건강과간호,34,4
2019,1,4,청소년건강과간호,35,1
2019,1,4,성인간호학,1,4
2019,1,4,성인간호학,2,1
2019,1,4,성인간호학,3,4
2019,1,4,성인간호학,4,4
2019,1,4,성인간호학,5,2
2019,1,4,성인간호학,6,1
2019,1,4,성인간호학,7,2
2019,1,4,성인간호학,8,4
2019,1,4,성인간호학,9,2
2019,1,4,성인간호학,10,1
2019,1,4,성인간호학,11,4
2019,1,4,성인간호학,12,2
2019,1,4,성인간호학,13,3
2019,1,4,성인간호학,14,4
2019,1,4,성인간호학,15,3
2019,1,4,성인간호학,16,1
2019,1,4,성인간호학,17,3
2019,1,4,성인간호학,18,2
2019,1,4,성인간호학,19,1
2019,1,4,성인간호학,20,4
2019,1,4,성인간호학,21,4
2019,1,4,성인간호학,22,2
2019,1,4,성인간호학,23,1
2019,1,4,성인간호학,24,3
2019,1,4,성인간호학,25,4
2019,1,4,성인간호학,26,4
2019,1,4,성인간호학,27,1
2019,1,4,성인간호학,28,4
2019,1,4,성인간호학,29,3
2019,1,4,성인간호학,30,1
2019,1,4,성인간호학,31,1
2019,1,4,성인간호학,32,3
2019,1,4,성인간호학,33,4
2019,1,4,성인간호학,34,3
2019,1,4,성인간호학,35,1
2019,1,4,전략적간호관리,1,2
2019,1,4,전략적간호관리,2,3
2019,1,4,전략적간호관리,3,4
2019,1,4,전략적간호관리,4,1
2019,1,4,전략적간호관리,5,2
2019,1,4,전략적간호관리,6,4
2019,1,4,전략적간호관리,7,1
2019,1,4,전략적간호관리,8,4
2019,1,4,전략적간호관리,9,3
2019,1,4,전략적간호관리,10,4
2019,1,4,전략적간호관리,11,4
2019,1,4,전략적간호관리,12,3
2019,1,4,전략적간호관리,13,1
2019,1,4,전략적간호관리,14,4
2019,1,4,전략적간호관리,15,2
2019,1,4,전략적간호관리,16,1
2019,1,4,전략적간호관리,17,3
2019,1,4,전략적간호관리,18,3
2019,1,4,전략적간호관리,19,2
2019,1,4,전략적간호관리,20,4
2019,1,4,전략적간호관리,21,1
2019,1,4,전략적간호관리,22,3
2019,1,4,전략적간호관리,23,3
2019,1,4,전략적간호관리,24,4
2019,1,4,전략적간호관리,25,2
2019,1,4,전략적간호관리,26,4
2019,1,4,전략적간호관리,27,2
2019,1,4,전략적간호관리,28,3
2019,1,4,전략적간호관리,29,2
2019,1,4,전략적간호관리,30,3
2019,1,4,전략적간호관리,31,2
2019,1,4,전략적간호관리,32,4
2019,1,4,전략적간호관리,33,4
2019,1,4,전략적간호관리,34,3
2019,1,4,전략적간호관리,35,2
2019,1,4,재활간호학,1,4
2019,1,4,재활간호학,2,3
2019,1,4,재활간호학,3,4
2019,1,4,재활간호학,4,1
2019,1,4,재활간호학,5,2
2019,1,4,재활간호학,6,4
2019,1,4,재활간호학,7,1
2019,1,4,재활간호학,8,3
2019,1,4,재활간호학,9,4
2019,1,4,재활간호학,10,1
2019,1,4,재활간호학,11,2
2019,1,4,재활간호학,12,4
2019,1,4,재활간호학,13,2
2019,1,4,재활간호학,14,4
2019,1,4,재활간호학,15,4
2019,1,4,재활간호학,16,4
2019,1,4,재활간호학,17,4
2019,1,4,재활간호학,18,2
2019,1,4,재활간호학,19,4
2019,1,4,재활간호학,20,3
2019,1,4,재활간호학,21,4
2019,1,4,재활간호학,22,1
2019,1,4,재활간호학,23,1
2019,1,4,재활간호학,24,2
2019,1,4,재활간호학,25,2
2019,1,4,재활간호학,26,3
2019,1,4,재활간호학,27,1
2019,1,4,재활간호학,28,4
2019,1,4,재활간호학,29,1
2019,1,4,재활간호학,30,4
2019,1,4,재활간호학,31,3
2019,1,4,재활간호학,32,2
2019,1,4,재활간호학,33,4
2019,1,4,재활간호학,34,3
2019,1,4,재활간호학,35,2
2019,1,4,직업·진로설계,1,2
2019,1,4,직업·진로설계,2,4
2019,1,4,직업·진로설계,3,1
2019,1,4,직업·진로설계,4,4
2019,1,4,직업·진로설계,5,3
2019,1,4,직업·진로설계,6,2
2019,1,4,직업·진로설계,7,1
2019,1,4,직업·진로설계,8,2
2019,1,4,직업·진로설계,9,3
2019,1,4,직업·진로설계,10,3
2019,1,4,직업·진로설계,11,1
2019,1,4,직업·진로설계,12,1
2019,1,4,직업·진로설계,13,4
2019,1,4,직업·진로설계,14,1
2019,1,4,직업·진로설계,15,2
2019,1,4,직업·진로설계,16,2
2019,1,4,직업·진로설계,17,2
2019,1,4,직업·진로설계,18,4
2019,1,4,직업·진로설계,19,4
2019,1,4,직업·진로설계,20,1
2019,1,4,직업·진로설계,21,3
2019,1,4,직업·진로설계,22,2
2019,1,4,직업·진로설계,23,4
2019,1,4,직업·진로설계,24,2
2019,1,4,직업·진로설계,25,2
2019,1,4,직업·진로설계,26,4
2019,1,4,직업·진로설계,27,1
2019,1,4,직업·진로설계,28,4
2019,1,4,직업·진로설계,29,3
2019,1,4,직업·진로설계,30,3
2019,1,4,직업·진로설계,31,4
2019,1,4,직업·진로설계,32,3
2019,1,4,직업·진로설계,33,1
2019,1,4,직업·진로설계,34,3
2019,1,4,직업·진로설계,35,1
2019,1,4,자원봉사론,1,3
2019,1,4,자원봉사론,2,1
2019,1,4,자원봉사론,3,4
2019,1,4,자원봉사론,4,3
2019,1,4,자원봉사론,5,2
2019,1,4,자원봉사론,6,2
2019,1,4,자원봉사론,7,4
2019,1,4,자원봉사론,8,2
2019,1,4,자원봉사론,9,1
2019,1,4,자원봉사론,10,4
2019,1,4,자원봉사론,11,1
2019,1,4,자원봉사론,12,1
2019,1,4,자원봉사론,13,"3,4"
2019,1,4,자원봉사론,14,1
2019,1,4,자원봉사론,15,2
2019,1,4,자원봉사론,16,4
2019,1,4,자원봉사론,17,2
2019,1,4,자원봉사론,18,2
2019,1,4,자원봉사론,19,1
2019,1,4,자원봉사론,20,3
2019,1,4,자원봉사론,21,1
2019,1,4,자원봉사론,22,1
2019,1,4,자원봉사론,23,4
2019,1,4,자원봉사론,24,3
2019,1,4,자원봉사론,25,3
2019,1,4,자원봉사론,26,3
2019,1,4,자원봉사론,27,3
2019,1,4,자원봉사론,28,2
2019,1,4,자원봉사론,29,1
2019,1,4,자원봉사론,30,1
2019,1,4,자원봉사론,31,1
2019,1,4,자원봉사론,32,4
2019,1,4,자원봉사론,33,3
2019,1,4,자원봉사론,34,4
2019,1,4,자원봉사론,35,3
2019,1,4,가족교육론,1,1
2019,1,4,가족교육론,2,4
2019,1,4,가족교육론,3,2
2019,1,4,가족교육론,4,3
2019,1,4,가족교육론,5,4
2019,1,4,가족교육론,6,1
2019,1,4,가족교육론,7,1
2019,1,4,가족교육론,8,2
2019,1,4,가족교육론,9,3
2019,1,4,가족교육론,10,3
2019,1,4,가족교육론,11,4
2019,1,4,가족교육론,12,2
2019,1,4,가족교육론,13,3
2019,1,4,가족교육론,14,4
2019,1,4,가족교육론,15,1
2019,1,4,가족교육론,16,4
2019,1,4,가족교육론,17,4
2019,1,4,가족교육론,18,1
2019,1,4,가족교육론,19,1
2019,1,4,가족교육론,20,2
2019,1,4,가족교육론,21,3
2019,1,4,가족교육론,22,2
2019,1,4,가족교육론,23,2
2019,1,4,가족교육론,24,4
2019,1,4,가족교육론,25,3
2019,1,4,가족교육론,26,3
2019,1,4,가족교육론,27,3
2019,1,4,가족교육론,28,2
2019,1,4,가족교육론,29,2
2019,1,4,가족교육론,30,4
2019,1,4,가족교육론,31,3
2019,1,4,가족교육론,32,1
2019,1,4,가족교육론,33,1
2019,1,4,가족교육론,34,1
2019,1,4,가족교육론,35,2
2019,1,4,학교사회사업론,1,2
2019,1,4,학교사회사업론,2,4
2019,1,4,학교사회사업론,3,1
2019,1,4,학교사회사업론,4,1
2019,1,4,학교사회사업론,5,1
2019,1,4,학교사회사업론,6,2
2019,1,4,학교사회사업론,7,1
2019,1,4,학교사회사업론,8,4
2019,1,4,학교사회사업론,9,4
2019,1,4,학교사회사업론,10,2
2019,1,4,학교사회사업론,11,2
2019,1,4,학교사회사업론,12,3
2019,1,4,학교사회사업론,13,2
2019,1,4,학교사회사업론,14,4
2019,1,4,학교사회사업론,15,3
2019,1,4,학교사회사업론,16,3
2019,1,4,학교사회사업론,17,2
2019,1,4,학교사회사업론,18,4
2019,1,4,학교사회사업론,19,1
2019,1,4,학교사회사업론,20,1
2019,1,4,학교사회사업론,21,3
2019,1,4,학교사회사업론,22,4
2019,1,4,학교사회사업론,23,1
2019,1,4,학교사회사업론,24,4
2019,1,4,학교사회사업론,25,3
2019,1,4,학교사회사업론,26,2
2019,1,4,학교사회사업론,27,2
2019,1,4,학교사회사업론,28,3
2019,1,4,학교사회사업론,29,3
2019,1,4,학교사회사업론,30,2
2019,1,4,학교사회사업론,31,4
2019,1,4,학교사회사업론,32,4
2019,1,4,학교사회사업론,33,3
2019,1,4,학교사회사업론,34,3
2019,1,4,학교사회사업론,35,1
2019,1,4,상담심리학,1,4
2019,1,4,상담심리학,2,2
2019,1,4,상담심리학,3,3
2019,1,4,상담심리학,4,1
2019,1,4,상담심리학,5,3
2019,1,4,상담심리학,6,1
2019,1,4,상담심리학,7,2
2019,1,4,상담심리학,8,2
2019,1,4,상담심리학,9,4
2019,1,4,상담심리학,10,2
2019,1,4,상담심리학,11,4
2019,1,4,상담심리학,12,2
2019,1,4,상담심리학,13,4
2019,1,4,상담심리학,14,2
2019,1,4,상담심리학,15,1
2019,1,4,상담심리학,16,3
2019,1,4,상담심리학,17,3
2019,1,4,상담심리학,18,4
2019,1,4,상담심리학,19,1
2019,1,4,상담심리학,20,3
2019,1,4,상담심리학,21,1
2019,1,4,상담심리학,22,4
2019,1,4,상담심리학,23,4
2019,1,4,상담심리학,24,2
2019,1,4,상담심리학,25,4
2019,1,4,상담심리학,26,3
2019,1,4,상담심리학,27,1
2019,1,4,상담심리학,28,2
2019,1,4,상담심리학,29,3
2019,1,4,상담심리학,30,3
2019,1,4,상담심리학,31,4
2019,1,4,상담심리학,32,2
2019,1,4,상담심리학,33,1
2019,1,4,상담심리학,34,4
2019,1,4,상담심리학,35,1
2019,1,4,지역사회교육론,1,3
2019,1,4,지역사회교육론,2,2
2019,1,4,지역사회교육론,3,2
2019,1,4,지역사회교육론,4,4
2019,1,4,지역사회교육론,5,4
2019,1,4,지역사회교육론,6,3
2019,1,4,지역사회교육론,7,2
2019,1,4,지역사회교육론,8,1
2019,1,4,지역사회교육론,9,1
2019,1,4,지역사회교육론,10,3
2019,1,4,지역사회교육론,11,2
2019,1,4,지역사회교육론,12,2
2019,1,4,지역사회교육론,13,1
2019,1,4,지역사회교육론,14,2
2019,1,4,지역사회교육론,15,3
2019,1,4,지역사회교육론,16,4
2019,1,4,지역사회교육론,17,4
2019,1,4,지역사회교육론,18,1
2019,1,4,지역사회교육론,19,4
2019,1,4,지역사회교육론,20,1
2019,1,4,지역사회교육론,21,2
2019,1,4,지역사회교육론,22,3
2019,1,4,지역사회교육론,23,2
2019,1,4,지역사회교육론,24,2
2019,1,4,지역사회교육론,25,1
2019,1,4,지역사회교육론,26,2
2019,1,4,지역사회교육론,27,3
2019,1,4,지역사회교육론,28,1
2019,1,4,지역사회교육론,29,2
2019,1,4,지역사회교육론,30,3
2019,1,4,지역사회교육론,31,3
2019,1,4,지역사회교육론,32,1
2019,1,4,지역사회교육론,33,2
2019,1,4,지역사회교육론,34,3
2019,1,4,지역사회교육론,35,4
2019,1,4,교육고전의이해,1,3
2019,1,4,교육고전의이해,2,1
2019,1,4,교육고전의이해,3,2
2019,1,4,교육고전의이해,4,3
2019,1,4,교육고전의이해,5,4
2019,1,4,교육고전의이해,6,1
2019,1,4,교육고전의이해,7,3
2019,1,4,교육고전의이해,8,1
2019,1,4,교육고전의이해,9,2
2019,1,4,교육고전의이해,10,2
2019,1,4,교육고전의이해,11,1
2019,1,4,교육고전의이해,12,3
2019,1,4,교육고전의이해,13,4
2019,1,4,교육고전의이해,14,4
2019,1,4,교육고전의이해,15,1
2019,1,4,교육고전의이해,16,4
2019,1,4,교육고전의이해,17,2
2019,1,4,교육고전의이해,18,3
2019,1,4,교육고전의이해,19,4
2019,1,4,교육고전의이해,20,1
2019,1,4,교육고전의이해,21,2
2019,1,4,교육고전의이해,22,1
2019,1,4,교육고전의이해,23,3
2019,1,4,교육고전의이해,24,3
2019,1,4,교육고전의이해,25,4
2019,1,4,교육고전의이해,26,1
2019,1,4,교육고전의이해,27,4
2019,1,4,교육고전의이해,28,3
2019,1,4,교육고전의이해,29,1
2019,1,4,교육고전의이해,30,2
2019,1,4,교육고전의이해,31,4
2019,1,4,교육고전의이해,32,2
2019,1,4,교육고전의이해,33,1
2019,1,4,교육고전의이해,34,1
2019,1,4,교육고전의이해,35,4
2019,1,4,청소년성교육과성상담,1,4
2019,1,4,청소년성교육과성상담,2,4
2019,1,4,청소년성교육과성상담,3,2
2019,1,4,청소년성교육과성상담,4,3
2019,1,4,청소년성교육과성상담,5,1
2019,1,4,청소년성교육과성상담,6,1
2019,1,4,청소년성교육과성상담,7,3
2019,1,4,청소년성교육과성상담,8,1
2019,1,4,청소년성교육과성상담,9,2
2019,1,4,청소년성교육과성상담,10,3
2019,1,4,청소년성교육과성상담,11,2
2019,1,4,청소년성교육과성상담,12,2
2019,1,4,청소년성교육과성상담,13,2
2019,1,4,청소년성교육과성상담,14,3
2019,1,4,청소년성교육과성상담,15,2
2019,1,4,청소년성교육과성상담,16,4
2019,1,4,청소년성교육과성상담,17,2
2019,1,4,청소년성교육과성상담,18,4
2019,1,4,청소년성교육과성상담,19,3
2019,1,4,청소년성교육과성상담,20,4
2019,1,4,청소년성교육과성상담,21,4
2019,1,4,청소년성교육과성상담,22,2
2019,1,4,청소년성교육과성상담,23,1
2019,1,4,청소년성교육과성상담,24,3
2019,1,4,청소년성교육과성상담,25,4
2019,1,4,인터넷생활윤리,1,2
2019,1,4,인터넷생활윤리,2,1
2019,1,4,인터넷생활윤리,3,4
2019,1,4,인터넷생활윤리,4,4
2019,1,4,인터넷생활윤리,5,3
2019,1,4,인터넷생활윤리,6,4
2019,1,4,인터넷생활윤리,7,1
2019,1,4,인터넷생활윤리,8,1
2019,1,4,인터넷생활윤리,9,4
2019,1,4,인터넷생활윤리,10,2
2019,1,4,인터넷생활윤리,11,4
2019,1,4,인터넷생활윤리,12,3
2019,1,4,인터넷생활윤리,13,1
2019,1,4,인터넷생활윤리,14,2
2019,1,4,인터넷생활윤리,15,1
2019,1,4,인터넷생활윤리,16,1
2019,1,4,인터넷생활윤리,17,"2,3"
2019,1,4,인터넷생활윤리,18,4
2019,1,4,인터넷생활윤리,19,4
2019,1,4,인터넷생활윤리,20,4
2019,1,4,인터넷생활윤리,21,3
2019,1,4,인터넷생활윤리,22,2
2019,1,4,인터넷생활윤리,23,1
2019,1,4,인터넷생활윤리,24,2
2019,1,4,인터넷생활윤리,25,1
2019,1,4,청소년진로지도및상담,1,4
2019,1,4,청소년진로지도및상담,2,3
2019,1,4,청소년진로지도및상담,3,4
2019,1,4,청소년진로지도및상담,4,1
2019,1,4,청소년진로지도및상담,5,2
2019,1,4,청소년진로지도및상담,6,4
2019,1,4,청소년진로지도및상담,7,3
2019,1,4,청소년진로지도및상담,8,1
2019,1,4,청소년진로지도및상담,9,4
2019,1,4,청소년진로지도및상담,10,3
2019,1,4,청소년진로지도및상담,11,3
2019,1,4,청소년진로지도및상담,12,2
2019,1,4,청소년진로지도및상담,13,3
2019,1,4,청소년진로지도및상담,14,2
2019,1,4,청소년진로지도및상담,15,2
2019,1,4,청소년진로지도및상담,16,1
2019,1,4,청소년진로지도및상담,17,2
2019,1,4,청소년진로지도및상담,18,4
2019,1,4,청소년진로지도및상담,19,4
2019,1,4,청소년진로지도및상담,20,3
2019,1,4,청소년진로지도및상담,21,2
2019,1,4,청소년진로지도및상담,22,4
2019,1,4,청소년진로지도및상담,23,1
2019,1,4,청소년진로지도및상담,24,3
2019,1,4,청소년진로지도및상담,25,4
2019,1,4,청소년진로지도및상담,26,4
2019,1,4,청소년진로지도및상담,27,4
2019,1,4,청소년진로지도및상담,28,3
2019,1,4,청소년진로지도및상담,29,3
2019,1,4,청소년진로지도및상담,30,2
2019,1,4,청소년진로지도및상담,31,3
2019,1,4,청소년진로지도및상담,32,2
2019,1,4,청소년진로지도및상담,33,2
2019,1,4,청소년진로지도및상담,34,1
2019,1,4,청소년진로지도및상담,35,4
2019,1,4,레크리에이션활동지도,1,1
2019,1,4,레크리에이션활동지도,2,3
2019,1,4,레크리에이션활동지도,3,4
2019,1,4,레크리에이션활동지도,4,4
2019,1,4,레크리에이션활동지도,5,3
2019,1,4,레크리에이션활동지도,6,2
2019,1,4,레크리에이션활동지도,7,1
2019,1,4,레크리에이션활동지도,8,1
2019,1,4,레크리에이션활동지도,9,2
2019,1,4,레크리에이션활동지도,10,3
2019,1,4,레크리에이션활동지도,11,2
2019,1,4,레크리에이션활동지도,12,4
2019,1,4,레크리에이션활동지도,13,1
2019,1,4,레크리에이션활동지도,14,1
2019,1,4,레크리에이션활동지도,15,4
2019,1,4,레크리에이션활동지도,16,3
2019,1,4,레크리에이션활동지도,17,2
2019,1,4,레크리에이션활동지도,18,4
2019,1,4,레크리에이션활동지도,19,3
2019,1,4,레크리에이션활동지도,20,2
2019,1,4,레크리에이션활동지도,21,3
2019,1,4,레크리에이션활동지도,22,4
2019,1,4,레크리에이션활동지도,23,2
2019,1,4,레크리에이션활동지도,24,3
2019,1,4,레크리에이션활동지도,25,1
2019,1,4,부모교육,1,1
2019,1,4,부모교육,2,3
2019,1,4,부모교육,3,2
2019,1,4,부모교육,4,2
2019,1,4,부모교육,5,2
2019,1,4,부모교육,6,3
2019,1,4,부모교육,7,1
2019,1,4,부모교육,8,4
2019,1,4,부모교육,9,4
2019,1,4,부모교육,10,3
2019,1,4,부모교육,11,3
2019,1,4,부모교육,12,1
2019,1,4,부모교육,13,1
2019,1,4,부모교육,14,1
2019,1,4,부모교육,15,4
2019,1,4,부모교육,16,4
2019,1,4,부모교육,17,3
2019,1,4,부모교육,18,2
2019,1,4,부모교육,19,4
2019,1,4,부모교육,20,3
2019,1,4,부모교육,21,2
2019,1,4,부모교육,22,4
2019,1,4,부모교육,23,4
2019,1,4,부모교육,24,3
2019,1,4,부모교육,25,3
2019,1,4,부모교육,26,4
2019,1,4,부모교육,27,4
2019,1,4,부모교육,28,4
2019,1,4,부모교육,29,2
2019,1,4,부모교육,30,1
2019,1,4,부모교육,31,1
2019,1,4,부모교육,32,3
2019,1,4,부모교육,33,3
2019,1,4,부모교육,34,1
2019,1,4,부모교육,35,3
2019,1,4,교육평가,1,1
2019,1,4,교육평가,2,3
2019,1,4,교육평가,3,4
2019,1,4,교육평가,4,2
2019,1,4,교육평가,5,1
2019,1,4,교육평가,6,3
2019,1,4,교육평가,7,1
2019,1,4,교육평가,8,2
2019,1,4,교육평가,9,4
2019,1,4,교육평가,10,3
2019,1,4,교육평가,11,2
2019,1,4,교육평가,12,1
2019,1,4,교육평가,13,4
2019,1,4,교육평가,14,3
2019,1,4,교육평가,15,2
2019,1,4,교육평가,16,1
2019,1,4,교육평가,17,3
2019,1,4,교육평가,18,4
2019,1,4,교육평가,19,1
2019,1,4,교육평가,20,2
2019,1,4,교육평가,21,3
2019,1,4,교육평가,22,1
2019,1,4,교육평가,23,4
2019,1,4,교육평가,24,2
2019,1,4,교육평가,25,3
2019,1,4,교육평가,26,4
2019,1,4,교육평가,27,2
2019,1,4,교육평가,28,1
2019,1,4,교육평가,29,3
2019,1,4,교육평가,30,3
2019,1,4,교육평가,31,1
2019,1,4,교육평가,32,2
2019,1,4,교육평가,33,4
2019,1,4,교육평가,34,3
2019,1,4,교육평가,35,1
2019,1,4,유아발달,1,1
2019,1,4,유아발달,2,4
2019,1,4,유아발달,3,2
2019,1,4,유아발달,4,2
2019,1,4,유아발달,5,2
2019,1,4,유아발달,6,1
2019,1,4,유아발달,7,4
2019,1,4,유아발달,8,3
2019,1,4,유아발달,9,3
2019,1,4,유아발달,10,1
2019,1,4,유아발달,11,1
2019,1,4,유아발달,12,4
2019,1,4,유아발달,13,2
2019,1,4,유아발달,14,3
2019,1,4,유아발달,15,2
2019,1,4,유아발달,16,4
2019,1,4,유아발달,17,3
2019,1,4,유아발달,18,1
2019,1,4,유아발달,19,2
2019,1,4,유아발달,20,3
2019,1,4,유아발달,21,1
2019,1,4,유아발달,22,2
2019,1,4,유아발달,23,2
2019,1,4,유아발달,24,4
2019,1,4,유아발달,25,3
2019,1,4,유아발달,26,1
2019,1,4,유아발달,27,4
2019,1,4,유아발달,28,3
2019,1,4,유아발달,29,4
2019,1,4,유아발달,30,4
2019,1,4,유아발달,31,1
2019,1,4,유아발달,32,4
2019,1,4,유아발달,33,3
2019,1,4,유아발달,34,2
2019,1,4,유아발달,35,4
2019,1,4,유아건강교육,1,2
2019,1,4,유아건강교육,2,4
2019,1,4,유아건강교육,3,3
2019,1,4,유아건강교육,4,3
2019,1,4,유아건강교육,5,2
2019,1,4,유아건강교육,6,4
2019,1,4,유아건강교육,7,3
2019,1,4,유아건강교육,8,3
2019,1,4,유아건강교육,9,3
2019,1,4,유아건강교육,10,1
2019,1,4,유아건강교육,11,2
2019,1,4,유아건강교육,12,4
2019,1,4,유아건강교육,13,1
2019,1,4,유아건강교육,14,1
2019,1,4,유아건강교육,15,4
2019,1,4,유아건강교육,16,3
2019,1,4,유아건강교육,17,2
2019,1,4,유아건강교육,18,4
2019,1,4,유아건강교육,19,3
2019,1,4,유아건강교육,20,3
2019,1,4,유아건강교육,21,4
2019,1,4,유아건강교육,22,2
2019,1,4,유아건강교육,23,4
2019,1,4,유아건강교육,24,1
2019,1,4,유아건강교육,25,2
2019,1,4,유아건강교육,26,4
2019,1,4,유아건강교육,27,3
2019,1,4,유아건강교육,28,1
2019,1,4,유아건강교육,29,4
2019,1,4,유아건강교육,30,1
2019,1,4,유아건강교육,31,3
2019,1,4,유아건강교육,32,3
2019,1,4,유아건강교육,33,4
2019,1,4,유아건강교육,34,2
2019,1,4,유아건강교육,35,"1,2,3,4"
2019,1,4,교육과정,1,1
2019,1,4,교육과정,2,4
2019,1,4,교육과정,3,2
2019,1,4,교육과정,4,1
2019,1,4,교육과정,5,3
2019,1,4,교육과정,6,2
2019,1,4,교육과정,7,1
2019,1,4,교육과정,8,4
2019,1,4,교육과정,9,3
2019,1,4,교육과정,10,2
2019,1,4,교육과정,11,4
2019,1,4,교육과정,12,3
2019,1,4,교육과정,13,2
2019,1,4,교육과정,14,2
2019,1,4,교육과정,15,3
2019,1,4,교육과정,16,4
2019,1,4,교육과정,17,1
2019,1,4,교육과정,18,2
2019,1,4,교육과정,19,4
2019,1,4,교육과정,20,1
2019,1,4,교육과정,21,3
2019,1,4,교육과정,22,1
2019,1,4,교육과정,23,3
2019,1,4,교육과정,24,2
2019,1,4,교육과정,25,4
2019,1,4,교육과정,26,3
2019,1,4,교육과정,27,4
2019,1,4,교육과정,28,1
2019,1,4,교육과정,29,2
2019,1,4,교육과정,30,1
2019,1,4,교육과정,31,3
2019,1,4,교육과정,32,3
2019,1,4,교육과정,33,1
2019,1,4,교육과정,34,4
2019,1,4,교육과정,35,2
2019,1,4,사회문제론,1,4
2019,1,4,사회문제론,2,2
2019,1,4,사회문제론,3,3
2019,1,4,사회문제론,4,3
2019,1,4,사회문제론,5,4
2019,1,4,사회문제론,6,1
2019,1,4,사회문제론,7,2
2019,1,4,사회문제론,8,4
2019,1,4,사회문제론,9,2
2019,1,4,사회문제론,10,1
2019,1,4,사회문제론,11,2
2019,1,4,사회문제론,12,3
2019,1,4,사회문제론,13,1
2019,1,4,사회문제론,14,4
2019,1,4,사회문제론,15,2
2019,1,4,사회문제론,16,3
2019,1,4,사회문제론,17,4
2019,1,4,사회문제론,18,3
2019,1,4,사회문제론,19,3
2019,1,4,사회문제론,20,3
2019,1,4,사회문제론,21,1
2019,1,4,사회문제론,22,3
2019,1,4,사회문제론,23,4
2019,1,4,사회문제론,24,3
2019,1,4,사회문제론,25,1
2019,1,4,사회문제론,26,2
2019,1,4,사회문제론,27,4
2019,1,4,사회문제론,28,3
2019,1,4,사회문제론,29,4
2019,1,4,사회문제론,30,1
2019,1,4,사회문제론,31,3
2019,1,4,사회문제론,32,1
2019,1,4,사회문제론,33,4
2019,1,4,사회문제론,34,3
2019,1,4,사회문제론,35,3
2019,1,4,유럽바로알기,1,2
2019,1,4,유럽바로알기,2,1
2019,1,4,유럽바로알기,3,2
2019,1,4,유럽바로알기,4,2
2019,1,4,유럽바로알기,5,1
2019,1,4,유럽바로알기,6,4
2019,1,4,유럽바로알기,7,2
2019,1,4,유럽바로알기,8,4
2019,1,4,유럽바로알기,9,3
2019,1,4,유럽바로알기,10,1
2019,1,4,유럽바로알기,11,3
2019,1,4,유럽바로알기,12,3
2019,1,4,유럽바로알기,13,3
2019,1,4,유럽바로알기,14,3
2019,1,4,유럽바로알기,15,1
2019,1,4,유럽바로알기,16,2
2019,1,4,유럽바로알기,17,1
2019,1,4,유럽바로알기,18,1
2019,1,4,유럽바로알기,19,4
2019,1,4,유럽바로알기,20,2
2019,1,4,유럽바로알기,21,3
2019,1,4,유럽바로알기,22,2
2019,1,4,유럽바로알기,23,4
2019,1,4,유럽바로알기,24,1
2019,1,4,유럽바로알기,25,3
2019,1,4,세계의도시와건축,1,4
2019,1,4,세계의도시와건축,2,3
2019,1,4,세계의도시와건축,3,1
2019,1,4,세계의도시와건축,4,2
2019,1,4,세계의도시와건축,5,2
2019,1,4,세계의도시와건축,6,4
2019,1,4,세계의도시와건축,7,1
2019,1,4,세계의도시와건축,8,3
2019,1,4,세계의도시와건축,9,2
2019,1,4,세계의도시와건축,10,2
2019,1,4,세계의도시와건축,11,1
2019,1,4,세계의도시와건축,12,4
2019,1,4,세계의도시와건축,13,1
2019,1,4,세계의도시와건축,14,3
2019,1,4,세계의도시와건축,15,4
2019,1,4,세계의도시와건축,16,3
2019,1,4,세계의도시와건축,17,1
2019,1,4,세계의도시와건축,18,2
2019,1,4,세계의도시와건축,19,3
2019,1,4,세계의도시와건축,20,1
2019,1,4,세계의도시와건축,21,2
2019,1,4,세계의도시와건축,22,3
2019,1,4,세계의도시와건축,23,4
2019,1,4,세계의도시와건축,24,1
2019,1,4,세계의도시와건축,25,3
2019,1,4,세계의도시와건축,26,2
2019,1,4,세계의도시와건축,27,4
2019,1,4,세계의도시와건축,28,1
2019,1,4,세계의도시와건축,29,2
2019,1,4,세계의도시와건축,30,3
2019,1,4,세계의도시와건축,31,2
2019,1,4,세계의도시와건축,32,3
2019,1,4,세계의도시와건축,33,1
2019,1,4,세계의도시와건축,34,1
2019,1,4,세계의도시와건축,35,2
2019,1,4,정보사회와디지털문화,1,1
2019,1,4,정보사회와디지털문화,2,3
2019,1,4,정보사회와디지털문화,3,3
2019,1,4,정보사회와디지털문화,4,1
2019,1,4,정보사회와디지털문화,5,3
2019,1,4,정보사회와디지털문화,6,3
2019,1,4,정보사회와디지털문화,7,4
2019,1,4,정보사회와디지털문화,8,2
2019,1,4,정보사회와디지털문화,9,4
2019,1,4,정보사회와디지털문화,10,1
2019,1,4,정보사회와디지털문화,11,3
2019,1,4,정보사회와디지털문화,12,1
2019,1,4,정보사회와디지털문화,13,3
2019,1,4,정보사회와디지털문화,14,4
2019,1,4,정보사회와디지털문화,15,2
2019,1,4,정보사회와디지털문화,16,3
2019,1,4,정보사회와디지털문화,17,3
2019,1,4,정보사회와디지털문화,18,1
2019,1,4,정보사회와디지털문화,19,3
2019,1,4,정보사회와디지털문화,20,4
2019,1,4,정보사회와디지털문화,21,3
2019,1,4,정보사회와디지털문화,22,2
2019,1,4,정보사회와디지털문화,23,3
2019,1,4,정보사회와디지털문화,24,1
2019,1,4,정보사회와디지털문화,25,3
2019,1,4,정보사회와디지털문화,26,1
2019,1,4,정보사회와디지털문화,27,4
2019,1,4,정보사회와디지털문화,28,2
2019,1,4,정보사회와디지털문화,29,2
2019,1,4,정보사회와디지털문화,30,4
2019,1,4,정보사회와디지털문화,31,2
2019,1,4,정보사회와디지털문화,32,4
2019,1,4,정보사회와디지털문화,33,1
2019,1,4,정보사회와디지털문화,34,2
2019,1,4,정보사회와디지털문화,35,2
2019,1,4,신화의세계,1,2
2019,1,4,신화의세계,2,4
2019,1,4,신화의세계,3,4
2019,1,4,신화의세계,4,1
2019,1,4,신화의세계,5,1
2019,1,4,신화의세계,6,3
2019,1,4,신화의세계,7,4
2019,1,4,신화의세계,8,3
2019,1,4,신화의세계,9,2
2019,1,4,신화의세계,10,2
2019,1,4,신화의세계,11,2
2019,1,4,신화의세계,12,3
2019,1,4,신화의세계,13,4
2019,1,4,신화의세계,14,1
2019,1,4,신화의세계,15,2
2019,1,4,신화의세계,16,2
2019,1,4,신화의세계,17,3
2019,1,4,신화의세계,18,1
2019,1,4,신화의세계,19,3
2019,1,4,신화의세계,20,2
2019,1,4,신화의세계,21,4
2019,1,4,신화의세계,22,2
2019,1,4,신화의세계,23,3
2019,1,4,신화의세계,24,1
2019,1,4,신화의세계,25,1
2019,1,4,문화산업과문화기획,1,1
2019,1,4,문화산업과문화기획,2,4
2019,1,4,문화산업과문화기획,3,1
2019,1,4,문화산업과문화기획,4,2
2019,1,4,문화산업과문화기획,5,1
2019,1,4,문화산업과문화기획,6,1
2019,1,4,문화산업과문화기획,7,2
2019,1,4,문화산업과문화기획,8,1
2019,1,4,문화산업과문화기획,9,3
2019,1,4,문화산업과문화기획,10,3
2019,1,4,문화산업과문화기획,11,3
2019,1,4,문화산업과문화기획,12,2
2019,1,4,문화산업과문화기획,13,3
2019,1,4,문화산업과문화기획,14,1
2019,1,4,문화산업과문화기획,15,2
2019,1,4,문화산업과문화기획,16,2
2019,1,4,문화산업과문화기획,17,1
2019,1,4,문화산업과문화기획,18,4
2019,1,4,문화산업과문화기획,19,3
2019,1,4,문화산업과문화기획,20,3
2019,1,4,문화산업과문화기획,21,3
2019,1,4,문화산업과문화기획,22,4
2019,1,4,문화산업과문화기획,23,3
2019,1,4,문화산업과문화기획,24,2
2019,1,4,문화산업과문화기획,25,4
2019,1,4,문화산업과문화기획,26,3
2019,1,4,문화산업과문화기획,27,3
2019,1,4,문화산업과문화기획,28,1
2019,1,4,문화산업과문화기획,29,3
2019,1,4,문화산업과문화기획,30,4
2019,1,4,문화산업과문화기획,31,3
2019,1,4,문화산업과문화기획,32,3
2019,1,4,문화산업과문화기획,33,3
2019,1,4,문화산업과문화기획,34,1
2019,1,4,문화산업과문화기획,35,4
2019,1,4,근현대속의한국,1,2
2019,1,4,근현대속의한국,2,1
2019,1,4,근현대속의한국,3,3
2019,1,4,근현대속의한국,4,4
2019,1,4,근현대속의한국,5,3
2019,1,4,근현대속의한국,6,4
2019,1,4,근현대속의한국,7,1
2019,1,4,근현대속의한국,8,2
2019,1,4,근현대속의한국,9,1
2019,1,4,근현대속의한국,10,2
2019,1,4,근현대속의한국,11,3
2019,1,4,근현대속의한국,12,4
2019,1,4,근현대속의한국,13,2
2019,1,4,근현대속의한국,14,3
2019,1,4,근현대속의한국,15,4
2019,1,4,근현대속의한국,16,1
2019,1,4,근현대속의한국,17,1
2019,1,4,근현대속의한국,18,3
2019,1,4,근현대속의한국,19,2
2019,1,4,근현대속의한국,20,4
2019,1,4,근현대속의한국,21,3
2019,1,4,근현대속의한국,22,4
2019,1,4,근현대속의한국,23,1
2019,1,4,근현대속의한국,24,2
2019,1,4,근현대속의한국,25,3
2019,1,4,근현대속의한국,26,2
2019,1,4,근현대속의한국,27,4
2019,1,4,근현대속의한국,28,1
2019,1,4,근현대속의한국,29,2
2019,1,4,근현대속의한국,30,3
2019,1,4,근현대속의한국,31,4
2019,1,4,근현대속의한국,32,1
2019,1,4,근현대속의한국,33,4
2019,1,4,근현대속의한국,34,3
2019,1,4,근현대속의한국,35,2
2019,1,4,행복에이르는지혜,1,2
2019,1,4,행복에이르는지혜,2,3
2019,1,4,행복에이르는지혜,3,3
2019,1,4,행복에이르는지혜,4,2
2019,1,4,행복에이르는지혜,5,4
2019,1,4,행복에이르는지혜,6,4
2019,1,4,행복에이르는지혜,7,1
2019,1,4,행복에이르는지혜,8,2
2019,1,4,행복에이르는지혜,9,4
2019,1,4,행복에이르는지혜,10,2
2019,1,4,행복에이르는지혜,11,3
2019,1,4,행복에이르는지혜,12,4
2019,1,4,행복에이르는지혜,13,2
2019,1,4,행복에이르는지혜,14,1
2019,1,4,행복에이르는지혜,15,2
2019,1,4,행복에이르는지혜,16,2
2019,1,4,행복에이르는지혜,17,4
2019,1,4,행복에이르는지혜,18,1
2019,1,4,행복에이르는지혜,19,2
2019,1,4,행복에이르는지혜,20,1
2019,1,4,행복에이르는지혜,21,3
2019,1,4,행복에이르는지혜,22,4
2019,1,4,행복에이르는지혜,23,2
2019,1,4,행복에이르는지혜,24,1
2019,1,4,행복에이르는지혜,25,2
2019,1,4,행복에이르는지혜,26,4
2019,1,4,행복에이르는지혜,27,3
2019,1,4,행복에이르는지혜,28,2
2019,1,4,행복에이르는지혜,29,1
2019,1,4,행복에이르는지혜,30,4
2019,1,4,행복에이르는지혜,31,3
2019,1,4,행복에이르는지혜,32,1
2019,1,4,행복에이르는지혜,33,4
2019,1,4,행복에이르는지혜,34,3
2019,1,4,행복에이르는지혜,35,2
